global_step,loss,learning_rate,epoch,experiment_id,label,branches,seed,notebook_version,debug
0,2.5689821243286133,0.05,1,sched_constant_warm,Constant + warm-up,schedule,42,v1,False
20,3.966407060623169,0.05,1,sched_constant_warm,Constant + warm-up,schedule,42,v1,False
40,2.170210599899292,0.05,1,sched_constant_warm,Constant + warm-up,schedule,42,v1,False
60,1.7813026905059814,0.05,1,sched_constant_warm,Constant + warm-up,schedule,42,v1,False
80,1.794259786605835,0.05,1,sched_constant_warm,Constant + warm-up,schedule,42,v1,False
100,1.6880791187286377,0.05,1,sched_constant_warm,Constant + warm-up,schedule,42,v1,False
120,1.5996828079223633,0.05,1,sched_constant_warm,Constant + warm-up,schedule,42,v1,False
140,1.5586808919906616,0.05,1,sched_constant_warm,Constant + warm-up,schedule,42,v1,False
160,1.6293972730636597,0.05,1,sched_constant_warm,Constant + warm-up,schedule,42,v1,False
180,1.5323145389556885,0.05,1,sched_constant_warm,Constant + warm-up,schedule,42,v1,False
200,1.6019935607910156,0.05,1,sched_constant_warm,Constant + warm-up,schedule,42,v1,False
220,1.31980562210083,0.05,1,sched_constant_warm,Constant + warm-up,schedule,42,v1,False
240,1.6097519397735596,0.05,1,sched_constant_warm,Constant + warm-up,schedule,42,v1,False
260,1.3845295906066895,0.05,1,sched_constant_warm,Constant + warm-up,schedule,42,v1,False
280,1.3147804737091064,0.05,1,sched_constant_warm,Constant + warm-up,schedule,42,v1,False
300,1.2605968713760376,0.05,1,sched_constant_warm,Constant + warm-up,schedule,42,v1,False
320,1.4166009426116943,0.05,1,sched_constant_warm,Constant + warm-up,schedule,42,v1,False
340,1.2255797386169434,0.05,1,sched_constant_warm,Constant + warm-up,schedule,42,v1,False
360,1.2983475923538208,0.1,2,sched_constant_warm,Constant + warm-up,schedule,42,v1,False
380,1.6300777196884155,0.1,2,sched_constant_warm,Constant + warm-up,schedule,42,v1,False
400,1.3426792621612549,0.1,2,sched_constant_warm,Constant + warm-up,schedule,42,v1,False
420,1.294431209564209,0.1,2,sched_constant_warm,Constant + warm-up,schedule,42,v1,False
440,1.1672508716583252,0.1,2,sched_constant_warm,Constant + warm-up,schedule,42,v1,False
460,1.3969874382019043,0.1,2,sched_constant_warm,Constant + warm-up,schedule,42,v1,False
480,1.3609116077423096,0.1,2,sched_constant_warm,Constant + warm-up,schedule,42,v1,False
500,1.0814294815063477,0.1,2,sched_constant_warm,Constant + warm-up,schedule,42,v1,False
520,0.9617689847946167,0.1,2,sched_constant_warm,Constant + warm-up,schedule,42,v1,False
540,1.0841727256774902,0.1,2,sched_constant_warm,Constant + warm-up,schedule,42,v1,False
560,1.168529987335205,0.1,2,sched_constant_warm,Constant + warm-up,schedule,42,v1,False
580,1.0730093717575073,0.1,2,sched_constant_warm,Constant + warm-up,schedule,42,v1,False
600,1.10543954372406,0.1,2,sched_constant_warm,Constant + warm-up,schedule,42,v1,False
620,1.0083435773849487,0.1,2,sched_constant_warm,Constant + warm-up,schedule,42,v1,False
640,1.0541574954986572,0.1,2,sched_constant_warm,Constant + warm-up,schedule,42,v1,False
660,0.7910283207893372,0.1,2,sched_constant_warm,Constant + warm-up,schedule,42,v1,False
680,1.0251551866531372,0.1,2,sched_constant_warm,Constant + warm-up,schedule,42,v1,False
700,0.8888291120529175,0.1,2,sched_constant_warm,Constant + warm-up,schedule,42,v1,False
720,0.7407667636871338,0.1,3,sched_constant_warm,Constant + warm-up,schedule,42,v1,False
740,0.7484244108200073,0.1,3,sched_constant_warm,Constant + warm-up,schedule,42,v1,False
760,1.0514299869537354,0.1,3,sched_constant_warm,Constant + warm-up,schedule,42,v1,False
780,0.9339579343795776,0.1,3,sched_constant_warm,Constant + warm-up,schedule,42,v1,False
800,0.9041482210159302,0.1,3,sched_constant_warm,Constant + warm-up,schedule,42,v1,False
820,0.8127169609069824,0.1,3,sched_constant_warm,Constant + warm-up,schedule,42,v1,False
840,0.8975592255592346,0.1,3,sched_constant_warm,Constant + warm-up,schedule,42,v1,False
860,0.6885427832603455,0.1,3,sched_constant_warm,Constant + warm-up,schedule,42,v1,False
880,0.9904323816299438,0.1,3,sched_constant_warm,Constant + warm-up,schedule,42,v1,False
900,0.9387401342391968,0.1,3,sched_constant_warm,Constant + warm-up,schedule,42,v1,False
920,0.708511233329773,0.1,3,sched_constant_warm,Constant + warm-up,schedule,42,v1,False
940,0.843923807144165,0.1,3,sched_constant_warm,Constant + warm-up,schedule,42,v1,False
960,0.81830233335495,0.1,3,sched_constant_warm,Constant + warm-up,schedule,42,v1,False
980,0.6087753772735596,0.1,3,sched_constant_warm,Constant + warm-up,schedule,42,v1,False
1000,0.7135320901870728,0.1,3,sched_constant_warm,Constant + warm-up,schedule,42,v1,False
1020,0.6649137735366821,0.1,3,sched_constant_warm,Constant + warm-up,schedule,42,v1,False
1040,0.6692633628845215,0.1,3,sched_constant_warm,Constant + warm-up,schedule,42,v1,False
1060,0.5578550100326538,0.1,4,sched_constant_warm,Constant + warm-up,schedule,42,v1,False
1080,0.5143247246742249,0.1,4,sched_constant_warm,Constant + warm-up,schedule,42,v1,False
1100,0.7249484062194824,0.1,4,sched_constant_warm,Constant + warm-up,schedule,42,v1,False
1120,0.7956851124763489,0.1,4,sched_constant_warm,Constant + warm-up,schedule,42,v1,False
1140,0.6541482210159302,0.1,4,sched_constant_warm,Constant + warm-up,schedule,42,v1,False
1160,0.5610973238945007,0.1,4,sched_constant_warm,Constant + warm-up,schedule,42,v1,False
1180,0.6098511219024658,0.1,4,sched_constant_warm,Constant + warm-up,schedule,42,v1,False
1200,0.5912617444992065,0.1,4,sched_constant_warm,Constant + warm-up,schedule,42,v1,False
1220,0.4922153055667877,0.1,4,sched_constant_warm,Constant + warm-up,schedule,42,v1,False
1240,0.43699008226394653,0.1,4,sched_constant_warm,Constant + warm-up,schedule,42,v1,False
1260,0.630760669708252,0.1,4,sched_constant_warm,Constant + warm-up,schedule,42,v1,False
1280,0.7230993509292603,0.1,4,sched_constant_warm,Constant + warm-up,schedule,42,v1,False
1300,0.585528552532196,0.1,4,sched_constant_warm,Constant + warm-up,schedule,42,v1,False
1320,0.481417179107666,0.1,4,sched_constant_warm,Constant + warm-up,schedule,42,v1,False
1340,0.6028031706809998,0.1,4,sched_constant_warm,Constant + warm-up,schedule,42,v1,False
1360,0.5327064394950867,0.1,4,sched_constant_warm,Constant + warm-up,schedule,42,v1,False
1380,0.5838207006454468,0.1,4,sched_constant_warm,Constant + warm-up,schedule,42,v1,False
1400,0.641179084777832,0.1,4,sched_constant_warm,Constant + warm-up,schedule,42,v1,False
1420,0.5036431550979614,0.1,5,sched_constant_warm,Constant + warm-up,schedule,42,v1,False
1440,0.47835618257522583,0.1,5,sched_constant_warm,Constant + warm-up,schedule,42,v1,False
1460,0.4610717296600342,0.1,5,sched_constant_warm,Constant + warm-up,schedule,42,v1,False
1480,0.43519508838653564,0.1,5,sched_constant_warm,Constant + warm-up,schedule,42,v1,False
1500,0.4379350543022156,0.1,5,sched_constant_warm,Constant + warm-up,schedule,42,v1,False
1520,0.30823734402656555,0.1,5,sched_constant_warm,Constant + warm-up,schedule,42,v1,False
1540,0.5110362768173218,0.1,5,sched_constant_warm,Constant + warm-up,schedule,42,v1,False
1560,0.5216959714889526,0.1,5,sched_constant_warm,Constant + warm-up,schedule,42,v1,False
1580,0.575565755367279,0.1,5,sched_constant_warm,Constant + warm-up,schedule,42,v1,False
1600,0.5053389668464661,0.1,5,sched_constant_warm,Constant + warm-up,schedule,42,v1,False
1620,0.5039945244789124,0.1,5,sched_constant_warm,Constant + warm-up,schedule,42,v1,False
1640,0.443073034286499,0.1,5,sched_constant_warm,Constant + warm-up,schedule,42,v1,False
1660,0.481525182723999,0.1,5,sched_constant_warm,Constant + warm-up,schedule,42,v1,False
1680,0.5584579706192017,0.1,5,sched_constant_warm,Constant + warm-up,schedule,42,v1,False
1700,0.6446139812469482,0.1,5,sched_constant_warm,Constant + warm-up,schedule,42,v1,False
1720,0.4534749984741211,0.1,5,sched_constant_warm,Constant + warm-up,schedule,42,v1,False
1740,0.6664497256278992,0.1,5,sched_constant_warm,Constant + warm-up,schedule,42,v1,False
1760,0.4310568869113922,0.1,6,sched_constant_warm,Constant + warm-up,schedule,42,v1,False
1780,0.48580726981163025,0.1,6,sched_constant_warm,Constant + warm-up,schedule,42,v1,False
1800,0.4311879277229309,0.1,6,sched_constant_warm,Constant + warm-up,schedule,42,v1,False
1820,0.5188406705856323,0.1,6,sched_constant_warm,Constant + warm-up,schedule,42,v1,False
1840,0.4614388346672058,0.1,6,sched_constant_warm,Constant + warm-up,schedule,42,v1,False
1860,0.4278802275657654,0.1,6,sched_constant_warm,Constant + warm-up,schedule,42,v1,False
1880,0.4351871907711029,0.1,6,sched_constant_warm,Constant + warm-up,schedule,42,v1,False
1900,0.5853062868118286,0.1,6,sched_constant_warm,Constant + warm-up,schedule,42,v1,False
1920,0.6086090207099915,0.1,6,sched_constant_warm,Constant + warm-up,schedule,42,v1,False
1940,0.4611940085887909,0.1,6,sched_constant_warm,Constant + warm-up,schedule,42,v1,False
1960,0.33360937237739563,0.1,6,sched_constant_warm,Constant + warm-up,schedule,42,v1,False
1980,0.45489397644996643,0.1,6,sched_constant_warm,Constant + warm-up,schedule,42,v1,False
2000,0.5613714456558228,0.1,6,sched_constant_warm,Constant + warm-up,schedule,42,v1,False
2020,0.5567103624343872,0.1,6,sched_constant_warm,Constant + warm-up,schedule,42,v1,False
2040,0.5075391530990601,0.1,6,sched_constant_warm,Constant + warm-up,schedule,42,v1,False
2060,0.5639810562133789,0.1,6,sched_constant_warm,Constant + warm-up,schedule,42,v1,False
2080,0.5916191935539246,0.1,6,sched_constant_warm,Constant + warm-up,schedule,42,v1,False
2100,0.44019392132759094,0.1,6,sched_constant_warm,Constant + warm-up,schedule,42,v1,False
2120,0.41237199306488037,0.1,7,sched_constant_warm,Constant + warm-up,schedule,42,v1,False
2140,0.31917035579681396,0.1,7,sched_constant_warm,Constant + warm-up,schedule,42,v1,False
2160,0.28065556287765503,0.1,7,sched_constant_warm,Constant + warm-up,schedule,42,v1,False
2180,0.5371135473251343,0.1,7,sched_constant_warm,Constant + warm-up,schedule,42,v1,False
2200,0.3687792718410492,0.1,7,sched_constant_warm,Constant + warm-up,schedule,42,v1,False
2220,0.46575847268104553,0.1,7,sched_constant_warm,Constant + warm-up,schedule,42,v1,False
2240,0.44080865383148193,0.1,7,sched_constant_warm,Constant + warm-up,schedule,42,v1,False
2260,0.39541858434677124,0.1,7,sched_constant_warm,Constant + warm-up,schedule,42,v1,False
2280,0.5938071012496948,0.1,7,sched_constant_warm,Constant + warm-up,schedule,42,v1,False
2300,0.45760756731033325,0.1,7,sched_constant_warm,Constant + warm-up,schedule,42,v1,False
2320,0.3814089894294739,0.1,7,sched_constant_warm,Constant + warm-up,schedule,42,v1,False
2340,0.41972455382347107,0.1,7,sched_constant_warm,Constant + warm-up,schedule,42,v1,False
2360,0.23585772514343262,0.1,7,sched_constant_warm,Constant + warm-up,schedule,42,v1,False
2380,0.46026378870010376,0.1,7,sched_constant_warm,Constant + warm-up,schedule,42,v1,False
2400,0.4847523868083954,0.1,7,sched_constant_warm,Constant + warm-up,schedule,42,v1,False
2420,0.4497338831424713,0.1,7,sched_constant_warm,Constant + warm-up,schedule,42,v1,False
2440,0.3537939786911011,0.1,7,sched_constant_warm,Constant + warm-up,schedule,42,v1,False
2460,0.5797179937362671,0.1,7,sched_constant_warm,Constant + warm-up,schedule,42,v1,False
2480,0.341783344745636,0.1,8,sched_constant_warm,Constant + warm-up,schedule,42,v1,False
2500,0.3025694787502289,0.1,8,sched_constant_warm,Constant + warm-up,schedule,42,v1,False
2520,0.19368863105773926,0.1,8,sched_constant_warm,Constant + warm-up,schedule,42,v1,False
2540,0.2971830368041992,0.1,8,sched_constant_warm,Constant + warm-up,schedule,42,v1,False
2560,0.22607555985450745,0.1,8,sched_constant_warm,Constant + warm-up,schedule,42,v1,False
2580,0.42869603633880615,0.1,8,sched_constant_warm,Constant + warm-up,schedule,42,v1,False
2600,0.2402058094739914,0.1,8,sched_constant_warm,Constant + warm-up,schedule,42,v1,False
2620,0.33019495010375977,0.1,8,sched_constant_warm,Constant + warm-up,schedule,42,v1,False
2640,0.3137935400009155,0.1,8,sched_constant_warm,Constant + warm-up,schedule,42,v1,False
2660,0.37522828578948975,0.1,8,sched_constant_warm,Constant + warm-up,schedule,42,v1,False
2680,0.20944523811340332,0.1,8,sched_constant_warm,Constant + warm-up,schedule,42,v1,False
2700,0.39798516035079956,0.1,8,sched_constant_warm,Constant + warm-up,schedule,42,v1,False
2720,0.2655528783798218,0.1,8,sched_constant_warm,Constant + warm-up,schedule,42,v1,False
2740,0.30938977003097534,0.1,8,sched_constant_warm,Constant + warm-up,schedule,42,v1,False
2760,0.35817980766296387,0.1,8,sched_constant_warm,Constant + warm-up,schedule,42,v1,False
2780,0.3099367022514343,0.1,8,sched_constant_warm,Constant + warm-up,schedule,42,v1,False
2800,0.2416599839925766,0.1,8,sched_constant_warm,Constant + warm-up,schedule,42,v1,False
2820,0.34303009510040283,0.1,9,sched_constant_warm,Constant + warm-up,schedule,42,v1,False
2840,0.2989323139190674,0.1,9,sched_constant_warm,Constant + warm-up,schedule,42,v1,False
2860,0.19575197994709015,0.1,9,sched_constant_warm,Constant + warm-up,schedule,42,v1,False
2880,0.15276029706001282,0.1,9,sched_constant_warm,Constant + warm-up,schedule,42,v1,False
2900,0.298849880695343,0.1,9,sched_constant_warm,Constant + warm-up,schedule,42,v1,False
2920,0.32915183901786804,0.1,9,sched_constant_warm,Constant + warm-up,schedule,42,v1,False
2940,0.18060438334941864,0.1,9,sched_constant_warm,Constant + warm-up,schedule,42,v1,False
2960,0.34066474437713623,0.1,9,sched_constant_warm,Constant + warm-up,schedule,42,v1,False
2980,0.265015184879303,0.1,9,sched_constant_warm,Constant + warm-up,schedule,42,v1,False
3000,0.3258901834487915,0.1,9,sched_constant_warm,Constant + warm-up,schedule,42,v1,False
3020,0.4437197148799896,0.1,9,sched_constant_warm,Constant + warm-up,schedule,42,v1,False
3040,0.262310266494751,0.1,9,sched_constant_warm,Constant + warm-up,schedule,42,v1,False
3060,0.41143032908439636,0.1,9,sched_constant_warm,Constant + warm-up,schedule,42,v1,False
3080,0.30596229434013367,0.1,9,sched_constant_warm,Constant + warm-up,schedule,42,v1,False
3100,0.39026451110839844,0.1,9,sched_constant_warm,Constant + warm-up,schedule,42,v1,False
3120,0.41893500089645386,0.1,9,sched_constant_warm,Constant + warm-up,schedule,42,v1,False
3140,0.3844105899333954,0.1,9,sched_constant_warm,Constant + warm-up,schedule,42,v1,False
3160,0.31827738881111145,0.1,9,sched_constant_warm,Constant + warm-up,schedule,42,v1,False
3180,0.20459020137786865,0.1,10,sched_constant_warm,Constant + warm-up,schedule,42,v1,False
3200,0.18279489874839783,0.1,10,sched_constant_warm,Constant + warm-up,schedule,42,v1,False
3220,0.23974981904029846,0.1,10,sched_constant_warm,Constant + warm-up,schedule,42,v1,False
3240,0.11168372631072998,0.1,10,sched_constant_warm,Constant + warm-up,schedule,42,v1,False
3260,0.246648907661438,0.1,10,sched_constant_warm,Constant + warm-up,schedule,42,v1,False
3280,0.2472245991230011,0.1,10,sched_constant_warm,Constant + warm-up,schedule,42,v1,False
3300,0.2656278610229492,0.1,10,sched_constant_warm,Constant + warm-up,schedule,42,v1,False
3320,0.23363110423088074,0.1,10,sched_constant_warm,Constant + warm-up,schedule,42,v1,False
3340,0.33993133902549744,0.1,10,sched_constant_warm,Constant + warm-up,schedule,42,v1,False
3360,0.313041627407074,0.1,10,sched_constant_warm,Constant + warm-up,schedule,42,v1,False
3380,0.2950577139854431,0.1,10,sched_constant_warm,Constant + warm-up,schedule,42,v1,False
3400,0.1984124481678009,0.1,10,sched_constant_warm,Constant + warm-up,schedule,42,v1,False
3420,0.18116489052772522,0.1,10,sched_constant_warm,Constant + warm-up,schedule,42,v1,False
3440,0.22038587927818298,0.1,10,sched_constant_warm,Constant + warm-up,schedule,42,v1,False
3460,0.36703386902809143,0.1,10,sched_constant_warm,Constant + warm-up,schedule,42,v1,False
3480,0.24289342761039734,0.1,10,sched_constant_warm,Constant + warm-up,schedule,42,v1,False
3500,0.286123126745224,0.1,10,sched_constant_warm,Constant + warm-up,schedule,42,v1,False
3520,0.23404932022094727,0.1,11,sched_constant_warm,Constant + warm-up,schedule,42,v1,False
3540,0.3270600140094757,0.1,11,sched_constant_warm,Constant + warm-up,schedule,42,v1,False
3560,0.22572074830532074,0.1,11,sched_constant_warm,Constant + warm-up,schedule,42,v1,False
3580,0.2535981237888336,0.1,11,sched_constant_warm,Constant + warm-up,schedule,42,v1,False
3600,0.13000565767288208,0.1,11,sched_constant_warm,Constant + warm-up,schedule,42,v1,False
3620,0.230413556098938,0.1,11,sched_constant_warm,Constant + warm-up,schedule,42,v1,False
3640,0.3027961552143097,0.1,11,sched_constant_warm,Constant + warm-up,schedule,42,v1,False
3660,0.19268912076950073,0.1,11,sched_constant_warm,Constant + warm-up,schedule,42,v1,False
3680,0.2874971330165863,0.1,11,sched_constant_warm,Constant + warm-up,schedule,42,v1,False
3700,0.16513532400131226,0.1,11,sched_constant_warm,Constant + warm-up,schedule,42,v1,False
3720,0.31147149205207825,0.1,11,sched_constant_warm,Constant + warm-up,schedule,42,v1,False
3740,0.2537255883216858,0.1,11,sched_constant_warm,Constant + warm-up,schedule,42,v1,False
3760,0.35358959436416626,0.1,11,sched_constant_warm,Constant + warm-up,schedule,42,v1,False
3780,0.3035348653793335,0.1,11,sched_constant_warm,Constant + warm-up,schedule,42,v1,False
3800,0.2884107232093811,0.1,11,sched_constant_warm,Constant + warm-up,schedule,42,v1,False
3820,0.2959917187690735,0.1,11,sched_constant_warm,Constant + warm-up,schedule,42,v1,False
3840,0.31567251682281494,0.1,11,sched_constant_warm,Constant + warm-up,schedule,42,v1,False
3860,0.2209293395280838,0.1,11,sched_constant_warm,Constant + warm-up,schedule,42,v1,False
3880,0.21498918533325195,0.1,12,sched_constant_warm,Constant + warm-up,schedule,42,v1,False
3900,0.17029345035552979,0.1,12,sched_constant_warm,Constant + warm-up,schedule,42,v1,False
3920,0.08284810930490494,0.1,12,sched_constant_warm,Constant + warm-up,schedule,42,v1,False
3940,0.1314527690410614,0.1,12,sched_constant_warm,Constant + warm-up,schedule,42,v1,False
3960,0.2510831654071808,0.1,12,sched_constant_warm,Constant + warm-up,schedule,42,v1,False
3980,0.2450973093509674,0.1,12,sched_constant_warm,Constant + warm-up,schedule,42,v1,False
4000,0.21710403263568878,0.1,12,sched_constant_warm,Constant + warm-up,schedule,42,v1,False
4020,0.34432244300842285,0.1,12,sched_constant_warm,Constant + warm-up,schedule,42,v1,False
4040,0.09213106334209442,0.1,12,sched_constant_warm,Constant + warm-up,schedule,42,v1,False
4060,0.20777620375156403,0.1,12,sched_constant_warm,Constant + warm-up,schedule,42,v1,False
4080,0.19406630098819733,0.1,12,sched_constant_warm,Constant + warm-up,schedule,42,v1,False
4100,0.15257906913757324,0.1,12,sched_constant_warm,Constant + warm-up,schedule,42,v1,False
4120,0.28537482023239136,0.1,12,sched_constant_warm,Constant + warm-up,schedule,42,v1,False
4140,0.20881396532058716,0.1,12,sched_constant_warm,Constant + warm-up,schedule,42,v1,False
4160,0.2834811806678772,0.1,12,sched_constant_warm,Constant + warm-up,schedule,42,v1,False
4180,0.3094925880432129,0.1,12,sched_constant_warm,Constant + warm-up,schedule,42,v1,False
4200,0.18121913075447083,0.1,12,sched_constant_warm,Constant + warm-up,schedule,42,v1,False
4220,0.13809475302696228,0.1,12,sched_constant_warm,Constant + warm-up,schedule,42,v1,False
4240,0.21697546541690826,0.1,13,sched_constant_warm,Constant + warm-up,schedule,42,v1,False
4260,0.19986997544765472,0.1,13,sched_constant_warm,Constant + warm-up,schedule,42,v1,False
4280,0.20535804331302643,0.1,13,sched_constant_warm,Constant + warm-up,schedule,42,v1,False
4300,0.15136240422725677,0.1,13,sched_constant_warm,Constant + warm-up,schedule,42,v1,False
4320,0.24617768824100494,0.1,13,sched_constant_warm,Constant + warm-up,schedule,42,v1,False
4340,0.20726066827774048,0.1,13,sched_constant_warm,Constant + warm-up,schedule,42,v1,False
4360,0.2549852132797241,0.1,13,sched_constant_warm,Constant + warm-up,schedule,42,v1,False
4380,0.2052069753408432,0.1,13,sched_constant_warm,Constant + warm-up,schedule,42,v1,False
4400,0.20369744300842285,0.1,13,sched_constant_warm,Constant + warm-up,schedule,42,v1,False
4420,0.23384204506874084,0.1,13,sched_constant_warm,Constant + warm-up,schedule,42,v1,False
4440,0.13220137357711792,0.1,13,sched_constant_warm,Constant + warm-up,schedule,42,v1,False
4460,0.2937560975551605,0.1,13,sched_constant_warm,Constant + warm-up,schedule,42,v1,False
4480,0.27762556076049805,0.1,13,sched_constant_warm,Constant + warm-up,schedule,42,v1,False
4500,0.18673546612262726,0.1,13,sched_constant_warm,Constant + warm-up,schedule,42,v1,False
4520,0.22555187344551086,0.1,13,sched_constant_warm,Constant + warm-up,schedule,42,v1,False
4540,0.2370605617761612,0.1,13,sched_constant_warm,Constant + warm-up,schedule,42,v1,False
4560,0.27937763929367065,0.1,13,sched_constant_warm,Constant + warm-up,schedule,42,v1,False
4580,0.15950195491313934,0.1,14,sched_constant_warm,Constant + warm-up,schedule,42,v1,False
4600,0.19058555364608765,0.1,14,sched_constant_warm,Constant + warm-up,schedule,42,v1,False
4620,0.18813958764076233,0.1,14,sched_constant_warm,Constant + warm-up,schedule,42,v1,False
4640,0.1126299723982811,0.1,14,sched_constant_warm,Constant + warm-up,schedule,42,v1,False
4660,0.09418751299381256,0.1,14,sched_constant_warm,Constant + warm-up,schedule,42,v1,False
4680,0.2125871777534485,0.1,14,sched_constant_warm,Constant + warm-up,schedule,42,v1,False
4700,0.18172527849674225,0.1,14,sched_constant_warm,Constant + warm-up,schedule,42,v1,False
4720,0.28360313177108765,0.1,14,sched_constant_warm,Constant + warm-up,schedule,42,v1,False
4740,0.21258071064949036,0.1,14,sched_constant_warm,Constant + warm-up,schedule,42,v1,False
4760,0.14588269591331482,0.1,14,sched_constant_warm,Constant + warm-up,schedule,42,v1,False
4780,0.19897939264774323,0.1,14,sched_constant_warm,Constant + warm-up,schedule,42,v1,False
4800,0.18506287038326263,0.1,14,sched_constant_warm,Constant + warm-up,schedule,42,v1,False
4820,0.22633536159992218,0.1,14,sched_constant_warm,Constant + warm-up,schedule,42,v1,False
4840,0.1689855456352234,0.1,14,sched_constant_warm,Constant + warm-up,schedule,42,v1,False
4860,0.1962917447090149,0.1,14,sched_constant_warm,Constant + warm-up,schedule,42,v1,False
4880,0.268460750579834,0.1,14,sched_constant_warm,Constant + warm-up,schedule,42,v1,False
4900,0.18363523483276367,0.1,14,sched_constant_warm,Constant + warm-up,schedule,42,v1,False
4920,0.12666043639183044,0.1,14,sched_constant_warm,Constant + warm-up,schedule,42,v1,False
4940,0.20190171897411346,0.1,15,sched_constant_warm,Constant + warm-up,schedule,42,v1,False
4960,0.20739838480949402,0.1,15,sched_constant_warm,Constant + warm-up,schedule,42,v1,False
4980,0.09944456815719604,0.1,15,sched_constant_warm,Constant + warm-up,schedule,42,v1,False
5000,0.2218324840068817,0.1,15,sched_constant_warm,Constant + warm-up,schedule,42,v1,False
5020,0.12467612326145172,0.1,15,sched_constant_warm,Constant + warm-up,schedule,42,v1,False
5040,0.1429097056388855,0.1,15,sched_constant_warm,Constant + warm-up,schedule,42,v1,False
5060,0.11258647590875626,0.1,15,sched_constant_warm,Constant + warm-up,schedule,42,v1,False
5080,0.08838003873825073,0.1,15,sched_constant_warm,Constant + warm-up,schedule,42,v1,False
5100,0.14057962596416473,0.1,15,sched_constant_warm,Constant + warm-up,schedule,42,v1,False
5120,0.2233542501926422,0.1,15,sched_constant_warm,Constant + warm-up,schedule,42,v1,False
5140,0.26286351680755615,0.1,15,sched_constant_warm,Constant + warm-up,schedule,42,v1,False
5160,0.15584218502044678,0.1,15,sched_constant_warm,Constant + warm-up,schedule,42,v1,False
5180,0.19264869391918182,0.1,15,sched_constant_warm,Constant + warm-up,schedule,42,v1,False
5200,0.25723040103912354,0.1,15,sched_constant_warm,Constant + warm-up,schedule,42,v1,False
5220,0.3113122880458832,0.1,15,sched_constant_warm,Constant + warm-up,schedule,42,v1,False
5240,0.1575845181941986,0.1,15,sched_constant_warm,Constant + warm-up,schedule,42,v1,False
5260,0.2878707945346832,0.1,15,sched_constant_warm,Constant + warm-up,schedule,42,v1,False
5280,0.1298242211341858,0.1,16,sched_constant_warm,Constant + warm-up,schedule,42,v1,False
5300,0.11872737109661102,0.1,16,sched_constant_warm,Constant + warm-up,schedule,42,v1,False
5320,0.046558670699596405,0.1,16,sched_constant_warm,Constant + warm-up,schedule,42,v1,False
5340,0.1784856915473938,0.1,16,sched_constant_warm,Constant + warm-up,schedule,42,v1,False
5360,0.18688082695007324,0.1,16,sched_constant_warm,Constant + warm-up,schedule,42,v1,False
5380,0.27200812101364136,0.1,16,sched_constant_warm,Constant + warm-up,schedule,42,v1,False
5400,0.20100253820419312,0.1,16,sched_constant_warm,Constant + warm-up,schedule,42,v1,False
5420,0.3006840944290161,0.1,16,sched_constant_warm,Constant + warm-up,schedule,42,v1,False
5440,0.12826183438301086,0.1,16,sched_constant_warm,Constant + warm-up,schedule,42,v1,False
5460,0.14409193396568298,0.1,16,sched_constant_warm,Constant + warm-up,schedule,42,v1,False
5480,0.2698861360549927,0.1,16,sched_constant_warm,Constant + warm-up,schedule,42,v1,False
5500,0.20208601653575897,0.1,16,sched_constant_warm,Constant + warm-up,schedule,42,v1,False
5520,0.10111455619335175,0.1,16,sched_constant_warm,Constant + warm-up,schedule,42,v1,False
5540,0.3481389880180359,0.1,16,sched_constant_warm,Constant + warm-up,schedule,42,v1,False
5560,0.2671690285205841,0.1,16,sched_constant_warm,Constant + warm-up,schedule,42,v1,False
5580,0.29444772005081177,0.1,16,sched_constant_warm,Constant + warm-up,schedule,42,v1,False
5600,0.12193505465984344,0.1,16,sched_constant_warm,Constant + warm-up,schedule,42,v1,False
5620,0.2587553858757019,0.1,16,sched_constant_warm,Constant + warm-up,schedule,42,v1,False
5640,0.10974547266960144,0.1,17,sched_constant_warm,Constant + warm-up,schedule,42,v1,False
5660,0.175090491771698,0.1,17,sched_constant_warm,Constant + warm-up,schedule,42,v1,False
5680,0.2037234604358673,0.1,17,sched_constant_warm,Constant + warm-up,schedule,42,v1,False
5700,0.14829014241695404,0.1,17,sched_constant_warm,Constant + warm-up,schedule,42,v1,False
5720,0.17480558156967163,0.1,17,sched_constant_warm,Constant + warm-up,schedule,42,v1,False
5740,0.17933069169521332,0.1,17,sched_constant_warm,Constant + warm-up,schedule,42,v1,False
5760,0.176963210105896,0.1,17,sched_constant_warm,Constant + warm-up,schedule,42,v1,False
5780,0.13812795281410217,0.1,17,sched_constant_warm,Constant + warm-up,schedule,42,v1,False
5800,0.4134778380393982,0.1,17,sched_constant_warm,Constant + warm-up,schedule,42,v1,False
5820,0.18251270055770874,0.1,17,sched_constant_warm,Constant + warm-up,schedule,42,v1,False
5840,0.15563181042671204,0.1,17,sched_constant_warm,Constant + warm-up,schedule,42,v1,False
5860,0.2057637721300125,0.1,17,sched_constant_warm,Constant + warm-up,schedule,42,v1,False
5880,0.23165395855903625,0.1,17,sched_constant_warm,Constant + warm-up,schedule,42,v1,False
5900,0.22189760208129883,0.1,17,sched_constant_warm,Constant + warm-up,schedule,42,v1,False
5920,0.16281864047050476,0.1,17,sched_constant_warm,Constant + warm-up,schedule,42,v1,False
5940,0.18192264437675476,0.1,17,sched_constant_warm,Constant + warm-up,schedule,42,v1,False
5960,0.22609500586986542,0.1,17,sched_constant_warm,Constant + warm-up,schedule,42,v1,False
5980,0.22805142402648926,0.1,17,sched_constant_warm,Constant + warm-up,schedule,42,v1,False
6000,0.13488274812698364,0.1,18,sched_constant_warm,Constant + warm-up,schedule,42,v1,False
6020,0.1797708123922348,0.1,18,sched_constant_warm,Constant + warm-up,schedule,42,v1,False
6040,0.07177578657865524,0.1,18,sched_constant_warm,Constant + warm-up,schedule,42,v1,False
6060,0.06796464323997498,0.1,18,sched_constant_warm,Constant + warm-up,schedule,42,v1,False
6080,0.12832020223140717,0.1,18,sched_constant_warm,Constant + warm-up,schedule,42,v1,False
6100,0.12304683774709702,0.1,18,sched_constant_warm,Constant + warm-up,schedule,42,v1,False
6120,0.07700265944004059,0.1,18,sched_constant_warm,Constant + warm-up,schedule,42,v1,False
6140,0.2160811722278595,0.1,18,sched_constant_warm,Constant + warm-up,schedule,42,v1,False
6160,0.10877024382352829,0.1,18,sched_constant_warm,Constant + warm-up,schedule,42,v1,False
6180,0.13296857476234436,0.1,18,sched_constant_warm,Constant + warm-up,schedule,42,v1,False
6200,0.1542244553565979,0.1,18,sched_constant_warm,Constant + warm-up,schedule,42,v1,False
6220,0.10234015434980392,0.1,18,sched_constant_warm,Constant + warm-up,schedule,42,v1,False
6240,0.23363494873046875,0.1,18,sched_constant_warm,Constant + warm-up,schedule,42,v1,False
6260,0.22092831134796143,0.1,18,sched_constant_warm,Constant + warm-up,schedule,42,v1,False
6280,0.1763901710510254,0.1,18,sched_constant_warm,Constant + warm-up,schedule,42,v1,False
6300,0.31780537962913513,0.1,18,sched_constant_warm,Constant + warm-up,schedule,42,v1,False
6320,0.17858357727527618,0.1,18,sched_constant_warm,Constant + warm-up,schedule,42,v1,False
6340,0.0768345445394516,0.1,19,sched_constant_warm,Constant + warm-up,schedule,42,v1,False
6360,0.14406955242156982,0.1,19,sched_constant_warm,Constant + warm-up,schedule,42,v1,False
6380,0.2635326385498047,0.1,19,sched_constant_warm,Constant + warm-up,schedule,42,v1,False
6400,0.10723225772380829,0.1,19,sched_constant_warm,Constant + warm-up,schedule,42,v1,False
6420,0.21041646599769592,0.1,19,sched_constant_warm,Constant + warm-up,schedule,42,v1,False
6440,0.09851229190826416,0.1,19,sched_constant_warm,Constant + warm-up,schedule,42,v1,False
6460,0.17797037959098816,0.1,19,sched_constant_warm,Constant + warm-up,schedule,42,v1,False
6480,0.10015501081943512,0.1,19,sched_constant_warm,Constant + warm-up,schedule,42,v1,False
6500,0.14876747131347656,0.1,19,sched_constant_warm,Constant + warm-up,schedule,42,v1,False
6520,0.08342301845550537,0.1,19,sched_constant_warm,Constant + warm-up,schedule,42,v1,False
6540,0.18638581037521362,0.1,19,sched_constant_warm,Constant + warm-up,schedule,42,v1,False
6560,0.11363626271486282,0.1,19,sched_constant_warm,Constant + warm-up,schedule,42,v1,False
6580,0.17726492881774902,0.1,19,sched_constant_warm,Constant + warm-up,schedule,42,v1,False
6600,0.07092472165822983,0.1,19,sched_constant_warm,Constant + warm-up,schedule,42,v1,False
6620,0.28025299310684204,0.1,19,sched_constant_warm,Constant + warm-up,schedule,42,v1,False
6640,0.22580385208129883,0.1,19,sched_constant_warm,Constant + warm-up,schedule,42,v1,False
6660,0.17259657382965088,0.1,19,sched_constant_warm,Constant + warm-up,schedule,42,v1,False
6680,0.306998610496521,0.1,19,sched_constant_warm,Constant + warm-up,schedule,42,v1,False
6700,0.13609233498573303,0.1,20,sched_constant_warm,Constant + warm-up,schedule,42,v1,False
6720,0.11850408464670181,0.1,20,sched_constant_warm,Constant + warm-up,schedule,42,v1,False
6740,0.14254246652126312,0.1,20,sched_constant_warm,Constant + warm-up,schedule,42,v1,False
6760,0.09264278411865234,0.1,20,sched_constant_warm,Constant + warm-up,schedule,42,v1,False
6780,0.10467822849750519,0.1,20,sched_constant_warm,Constant + warm-up,schedule,42,v1,False
6800,0.16856920719146729,0.1,20,sched_constant_warm,Constant + warm-up,schedule,42,v1,False
6820,0.17186954617500305,0.1,20,sched_constant_warm,Constant + warm-up,schedule,42,v1,False
6840,0.153321772813797,0.1,20,sched_constant_warm,Constant + warm-up,schedule,42,v1,False
6860,0.13616056740283966,0.1,20,sched_constant_warm,Constant + warm-up,schedule,42,v1,False
6880,0.3098643720149994,0.1,20,sched_constant_warm,Constant + warm-up,schedule,42,v1,False
6900,0.20821020007133484,0.1,20,sched_constant_warm,Constant + warm-up,schedule,42,v1,False
6920,0.09956858307123184,0.1,20,sched_constant_warm,Constant + warm-up,schedule,42,v1,False
6940,0.2410033941268921,0.1,20,sched_constant_warm,Constant + warm-up,schedule,42,v1,False
6960,0.19182807207107544,0.1,20,sched_constant_warm,Constant + warm-up,schedule,42,v1,False
6980,0.16031789779663086,0.1,20,sched_constant_warm,Constant + warm-up,schedule,42,v1,False
7000,0.13612249493598938,0.1,20,sched_constant_warm,Constant + warm-up,schedule,42,v1,False
7020,0.21413762867450714,0.1,20,sched_constant_warm,Constant + warm-up,schedule,42,v1,False
0,2.3491640090942383,0.05,1,sched_constant_warm,Constant + warm-up,schedule,2026,v1,False
20,3.2737808227539062,0.05,1,sched_constant_warm,Constant + warm-up,schedule,2026,v1,False
40,2.669992446899414,0.05,1,sched_constant_warm,Constant + warm-up,schedule,2026,v1,False
60,1.927481770515442,0.05,1,sched_constant_warm,Constant + warm-up,schedule,2026,v1,False
80,1.8914738893508911,0.05,1,sched_constant_warm,Constant + warm-up,schedule,2026,v1,False
100,1.7887645959854126,0.05,1,sched_constant_warm,Constant + warm-up,schedule,2026,v1,False
120,1.5667251348495483,0.05,1,sched_constant_warm,Constant + warm-up,schedule,2026,v1,False
140,1.6863396167755127,0.05,1,sched_constant_warm,Constant + warm-up,schedule,2026,v1,False
160,1.643492579460144,0.05,1,sched_constant_warm,Constant + warm-up,schedule,2026,v1,False
180,1.604325771331787,0.05,1,sched_constant_warm,Constant + warm-up,schedule,2026,v1,False
200,1.3110517263412476,0.05,1,sched_constant_warm,Constant + warm-up,schedule,2026,v1,False
220,1.333315134048462,0.05,1,sched_constant_warm,Constant + warm-up,schedule,2026,v1,False
240,1.3624780178070068,0.05,1,sched_constant_warm,Constant + warm-up,schedule,2026,v1,False
260,1.4346287250518799,0.05,1,sched_constant_warm,Constant + warm-up,schedule,2026,v1,False
280,1.3118942975997925,0.05,1,sched_constant_warm,Constant + warm-up,schedule,2026,v1,False
300,1.4650917053222656,0.05,1,sched_constant_warm,Constant + warm-up,schedule,2026,v1,False
320,1.429757833480835,0.05,1,sched_constant_warm,Constant + warm-up,schedule,2026,v1,False
340,1.1987063884735107,0.05,1,sched_constant_warm,Constant + warm-up,schedule,2026,v1,False
360,1.1030762195587158,0.1,2,sched_constant_warm,Constant + warm-up,schedule,2026,v1,False
380,1.3861382007598877,0.1,2,sched_constant_warm,Constant + warm-up,schedule,2026,v1,False
400,1.271222472190857,0.1,2,sched_constant_warm,Constant + warm-up,schedule,2026,v1,False
420,1.3923474550247192,0.1,2,sched_constant_warm,Constant + warm-up,schedule,2026,v1,False
440,1.209039568901062,0.1,2,sched_constant_warm,Constant + warm-up,schedule,2026,v1,False
460,1.271014928817749,0.1,2,sched_constant_warm,Constant + warm-up,schedule,2026,v1,False
480,1.011938214302063,0.1,2,sched_constant_warm,Constant + warm-up,schedule,2026,v1,False
500,1.1013665199279785,0.1,2,sched_constant_warm,Constant + warm-up,schedule,2026,v1,False
520,1.0192679166793823,0.1,2,sched_constant_warm,Constant + warm-up,schedule,2026,v1,False
540,1.2090914249420166,0.1,2,sched_constant_warm,Constant + warm-up,schedule,2026,v1,False
560,1.1549057960510254,0.1,2,sched_constant_warm,Constant + warm-up,schedule,2026,v1,False
580,0.8986612558364868,0.1,2,sched_constant_warm,Constant + warm-up,schedule,2026,v1,False
600,0.8791440725326538,0.1,2,sched_constant_warm,Constant + warm-up,schedule,2026,v1,False
620,0.888076663017273,0.1,2,sched_constant_warm,Constant + warm-up,schedule,2026,v1,False
640,0.8801265954971313,0.1,2,sched_constant_warm,Constant + warm-up,schedule,2026,v1,False
660,0.8274436593055725,0.1,2,sched_constant_warm,Constant + warm-up,schedule,2026,v1,False
680,0.7033907771110535,0.1,2,sched_constant_warm,Constant + warm-up,schedule,2026,v1,False
700,0.8175462484359741,0.1,2,sched_constant_warm,Constant + warm-up,schedule,2026,v1,False
720,0.6910606622695923,0.1,3,sched_constant_warm,Constant + warm-up,schedule,2026,v1,False
740,0.5844569802284241,0.1,3,sched_constant_warm,Constant + warm-up,schedule,2026,v1,False
760,0.6186854839324951,0.1,3,sched_constant_warm,Constant + warm-up,schedule,2026,v1,False
780,0.7710070610046387,0.1,3,sched_constant_warm,Constant + warm-up,schedule,2026,v1,False
800,0.7472026348114014,0.1,3,sched_constant_warm,Constant + warm-up,schedule,2026,v1,False
820,0.9118098020553589,0.1,3,sched_constant_warm,Constant + warm-up,schedule,2026,v1,False
840,0.8134219646453857,0.1,3,sched_constant_warm,Constant + warm-up,schedule,2026,v1,False
860,0.7352293729782104,0.1,3,sched_constant_warm,Constant + warm-up,schedule,2026,v1,False
880,0.7982176542282104,0.1,3,sched_constant_warm,Constant + warm-up,schedule,2026,v1,False
900,0.7181295156478882,0.1,3,sched_constant_warm,Constant + warm-up,schedule,2026,v1,False
920,0.6313714981079102,0.1,3,sched_constant_warm,Constant + warm-up,schedule,2026,v1,False
940,0.8336124420166016,0.1,3,sched_constant_warm,Constant + warm-up,schedule,2026,v1,False
960,0.6204476356506348,0.1,3,sched_constant_warm,Constant + warm-up,schedule,2026,v1,False
980,0.7652619481086731,0.1,3,sched_constant_warm,Constant + warm-up,schedule,2026,v1,False
1000,0.7741042375564575,0.1,3,sched_constant_warm,Constant + warm-up,schedule,2026,v1,False
1020,0.6088578701019287,0.1,3,sched_constant_warm,Constant + warm-up,schedule,2026,v1,False
1040,0.609778642654419,0.1,3,sched_constant_warm,Constant + warm-up,schedule,2026,v1,False
1060,0.39045941829681396,0.1,4,sched_constant_warm,Constant + warm-up,schedule,2026,v1,False
1080,0.43342822790145874,0.1,4,sched_constant_warm,Constant + warm-up,schedule,2026,v1,False
1100,0.7030884027481079,0.1,4,sched_constant_warm,Constant + warm-up,schedule,2026,v1,False
1120,0.5999683737754822,0.1,4,sched_constant_warm,Constant + warm-up,schedule,2026,v1,False
1140,0.47336119413375854,0.1,4,sched_constant_warm,Constant + warm-up,schedule,2026,v1,False
1160,0.6156699061393738,0.1,4,sched_constant_warm,Constant + warm-up,schedule,2026,v1,False
1180,0.7719972133636475,0.1,4,sched_constant_warm,Constant + warm-up,schedule,2026,v1,False
1200,0.6143423318862915,0.1,4,sched_constant_warm,Constant + warm-up,schedule,2026,v1,False
1220,0.7884541749954224,0.1,4,sched_constant_warm,Constant + warm-up,schedule,2026,v1,False
1240,0.6500390768051147,0.1,4,sched_constant_warm,Constant + warm-up,schedule,2026,v1,False
1260,0.5071918964385986,0.1,4,sched_constant_warm,Constant + warm-up,schedule,2026,v1,False
1280,0.46367672085762024,0.1,4,sched_constant_warm,Constant + warm-up,schedule,2026,v1,False
1300,0.6764979958534241,0.1,4,sched_constant_warm,Constant + warm-up,schedule,2026,v1,False
1320,0.5639036893844604,0.1,4,sched_constant_warm,Constant + warm-up,schedule,2026,v1,False
1340,0.5380573272705078,0.1,4,sched_constant_warm,Constant + warm-up,schedule,2026,v1,False
1360,0.5305375456809998,0.1,4,sched_constant_warm,Constant + warm-up,schedule,2026,v1,False
1380,0.5506028532981873,0.1,4,sched_constant_warm,Constant + warm-up,schedule,2026,v1,False
1400,0.5683114528656006,0.1,4,sched_constant_warm,Constant + warm-up,schedule,2026,v1,False
1420,0.47613173723220825,0.1,5,sched_constant_warm,Constant + warm-up,schedule,2026,v1,False
1440,0.5302262306213379,0.1,5,sched_constant_warm,Constant + warm-up,schedule,2026,v1,False
1460,0.41329425573349,0.1,5,sched_constant_warm,Constant + warm-up,schedule,2026,v1,False
1480,0.518489420413971,0.1,5,sched_constant_warm,Constant + warm-up,schedule,2026,v1,False
1500,0.5965659618377686,0.1,5,sched_constant_warm,Constant + warm-up,schedule,2026,v1,False
1520,0.44590485095977783,0.1,5,sched_constant_warm,Constant + warm-up,schedule,2026,v1,False
1540,0.46495482325553894,0.1,5,sched_constant_warm,Constant + warm-up,schedule,2026,v1,False
1560,0.6843596696853638,0.1,5,sched_constant_warm,Constant + warm-up,schedule,2026,v1,False
1580,0.4720672369003296,0.1,5,sched_constant_warm,Constant + warm-up,schedule,2026,v1,False
1600,0.35498329997062683,0.1,5,sched_constant_warm,Constant + warm-up,schedule,2026,v1,False
1620,0.431008905172348,0.1,5,sched_constant_warm,Constant + warm-up,schedule,2026,v1,False
1640,0.46520674228668213,0.1,5,sched_constant_warm,Constant + warm-up,schedule,2026,v1,False
1660,0.4343133866786957,0.1,5,sched_constant_warm,Constant + warm-up,schedule,2026,v1,False
1680,0.485888808965683,0.1,5,sched_constant_warm,Constant + warm-up,schedule,2026,v1,False
1700,0.4895458519458771,0.1,5,sched_constant_warm,Constant + warm-up,schedule,2026,v1,False
1720,0.5182070732116699,0.1,5,sched_constant_warm,Constant + warm-up,schedule,2026,v1,False
1740,0.7111462950706482,0.1,5,sched_constant_warm,Constant + warm-up,schedule,2026,v1,False
1760,0.5125573873519897,0.1,6,sched_constant_warm,Constant + warm-up,schedule,2026,v1,False
1780,0.31474190950393677,0.1,6,sched_constant_warm,Constant + warm-up,schedule,2026,v1,False
1800,0.42596200108528137,0.1,6,sched_constant_warm,Constant + warm-up,schedule,2026,v1,False
1820,0.3728214502334595,0.1,6,sched_constant_warm,Constant + warm-up,schedule,2026,v1,False
1840,0.45895037055015564,0.1,6,sched_constant_warm,Constant + warm-up,schedule,2026,v1,False
1860,0.49653518199920654,0.1,6,sched_constant_warm,Constant + warm-up,schedule,2026,v1,False
1880,0.3623965382575989,0.1,6,sched_constant_warm,Constant + warm-up,schedule,2026,v1,False
1900,0.44355547428131104,0.1,6,sched_constant_warm,Constant + warm-up,schedule,2026,v1,False
1920,0.4163997173309326,0.1,6,sched_constant_warm,Constant + warm-up,schedule,2026,v1,False
1940,0.47198888659477234,0.1,6,sched_constant_warm,Constant + warm-up,schedule,2026,v1,False
1960,0.4398650825023651,0.1,6,sched_constant_warm,Constant + warm-up,schedule,2026,v1,False
1980,0.34871673583984375,0.1,6,sched_constant_warm,Constant + warm-up,schedule,2026,v1,False
2000,0.3764989674091339,0.1,6,sched_constant_warm,Constant + warm-up,schedule,2026,v1,False
2020,0.39803770184516907,0.1,6,sched_constant_warm,Constant + warm-up,schedule,2026,v1,False
2040,0.46071669459342957,0.1,6,sched_constant_warm,Constant + warm-up,schedule,2026,v1,False
2060,0.43362152576446533,0.1,6,sched_constant_warm,Constant + warm-up,schedule,2026,v1,False
2080,0.3624589443206787,0.1,6,sched_constant_warm,Constant + warm-up,schedule,2026,v1,False
2100,0.3712553381919861,0.1,6,sched_constant_warm,Constant + warm-up,schedule,2026,v1,False
2120,0.36376962065696716,0.1,7,sched_constant_warm,Constant + warm-up,schedule,2026,v1,False
2140,0.3370552361011505,0.1,7,sched_constant_warm,Constant + warm-up,schedule,2026,v1,False
2160,0.2948872447013855,0.1,7,sched_constant_warm,Constant + warm-up,schedule,2026,v1,False
2180,0.4416865110397339,0.1,7,sched_constant_warm,Constant + warm-up,schedule,2026,v1,False
2200,0.47975319623947144,0.1,7,sched_constant_warm,Constant + warm-up,schedule,2026,v1,False
2220,0.4387415945529938,0.1,7,sched_constant_warm,Constant + warm-up,schedule,2026,v1,False
2240,0.43669456243515015,0.1,7,sched_constant_warm,Constant + warm-up,schedule,2026,v1,False
2260,0.48587989807128906,0.1,7,sched_constant_warm,Constant + warm-up,schedule,2026,v1,False
2280,0.3081623911857605,0.1,7,sched_constant_warm,Constant + warm-up,schedule,2026,v1,False
2300,0.3494161069393158,0.1,7,sched_constant_warm,Constant + warm-up,schedule,2026,v1,False
2320,0.43356025218963623,0.1,7,sched_constant_warm,Constant + warm-up,schedule,2026,v1,False
2340,0.3668438196182251,0.1,7,sched_constant_warm,Constant + warm-up,schedule,2026,v1,False
2360,0.46626657247543335,0.1,7,sched_constant_warm,Constant + warm-up,schedule,2026,v1,False
2380,0.3187204599380493,0.1,7,sched_constant_warm,Constant + warm-up,schedule,2026,v1,False
2400,0.3401367664337158,0.1,7,sched_constant_warm,Constant + warm-up,schedule,2026,v1,False
2420,0.4207909107208252,0.1,7,sched_constant_warm,Constant + warm-up,schedule,2026,v1,False
2440,0.5439780950546265,0.1,7,sched_constant_warm,Constant + warm-up,schedule,2026,v1,False
2460,0.4261394143104553,0.1,7,sched_constant_warm,Constant + warm-up,schedule,2026,v1,False
2480,0.30796247720718384,0.1,8,sched_constant_warm,Constant + warm-up,schedule,2026,v1,False
2500,0.31606629490852356,0.1,8,sched_constant_warm,Constant + warm-up,schedule,2026,v1,False
2520,0.251613974571228,0.1,8,sched_constant_warm,Constant + warm-up,schedule,2026,v1,False
2540,0.35620516538619995,0.1,8,sched_constant_warm,Constant + warm-up,schedule,2026,v1,False
2560,0.2237389087677002,0.1,8,sched_constant_warm,Constant + warm-up,schedule,2026,v1,False
2580,0.4183550179004669,0.1,8,sched_constant_warm,Constant + warm-up,schedule,2026,v1,False
2600,0.18172530829906464,0.1,8,sched_constant_warm,Constant + warm-up,schedule,2026,v1,False
2620,0.2916727066040039,0.1,8,sched_constant_warm,Constant + warm-up,schedule,2026,v1,False
2640,0.36064374446868896,0.1,8,sched_constant_warm,Constant + warm-up,schedule,2026,v1,False
2660,0.3413483500480652,0.1,8,sched_constant_warm,Constant + warm-up,schedule,2026,v1,False
2680,0.20623651146888733,0.1,8,sched_constant_warm,Constant + warm-up,schedule,2026,v1,False
2700,0.2466038167476654,0.1,8,sched_constant_warm,Constant + warm-up,schedule,2026,v1,False
2720,0.426730751991272,0.1,8,sched_constant_warm,Constant + warm-up,schedule,2026,v1,False
2740,0.35624492168426514,0.1,8,sched_constant_warm,Constant + warm-up,schedule,2026,v1,False
2760,0.395632266998291,0.1,8,sched_constant_warm,Constant + warm-up,schedule,2026,v1,False
2780,0.45075348019599915,0.1,8,sched_constant_warm,Constant + warm-up,schedule,2026,v1,False
2800,0.5156129002571106,0.1,8,sched_constant_warm,Constant + warm-up,schedule,2026,v1,False
2820,0.2310090959072113,0.1,9,sched_constant_warm,Constant + warm-up,schedule,2026,v1,False
2840,0.25267893075942993,0.1,9,sched_constant_warm,Constant + warm-up,schedule,2026,v1,False
2860,0.2976137101650238,0.1,9,sched_constant_warm,Constant + warm-up,schedule,2026,v1,False
2880,0.2873750329017639,0.1,9,sched_constant_warm,Constant + warm-up,schedule,2026,v1,False
2900,0.2743724584579468,0.1,9,sched_constant_warm,Constant + warm-up,schedule,2026,v1,False
2920,0.2722955048084259,0.1,9,sched_constant_warm,Constant + warm-up,schedule,2026,v1,False
2940,0.35030972957611084,0.1,9,sched_constant_warm,Constant + warm-up,schedule,2026,v1,False
2960,0.3027181625366211,0.1,9,sched_constant_warm,Constant + warm-up,schedule,2026,v1,False
2980,0.36520493030548096,0.1,9,sched_constant_warm,Constant + warm-up,schedule,2026,v1,False
3000,0.4360663592815399,0.1,9,sched_constant_warm,Constant + warm-up,schedule,2026,v1,False
3020,0.32029277086257935,0.1,9,sched_constant_warm,Constant + warm-up,schedule,2026,v1,False
3040,0.3719649612903595,0.1,9,sched_constant_warm,Constant + warm-up,schedule,2026,v1,False
3060,0.4225355386734009,0.1,9,sched_constant_warm,Constant + warm-up,schedule,2026,v1,False
3080,0.2802325487136841,0.1,9,sched_constant_warm,Constant + warm-up,schedule,2026,v1,False
3100,0.29148775339126587,0.1,9,sched_constant_warm,Constant + warm-up,schedule,2026,v1,False
3120,0.4638712406158447,0.1,9,sched_constant_warm,Constant + warm-up,schedule,2026,v1,False
3140,0.2162601202726364,0.1,9,sched_constant_warm,Constant + warm-up,schedule,2026,v1,False
3160,0.4174175262451172,0.1,9,sched_constant_warm,Constant + warm-up,schedule,2026,v1,False
3180,0.1721360981464386,0.1,10,sched_constant_warm,Constant + warm-up,schedule,2026,v1,False
3200,0.18361961841583252,0.1,10,sched_constant_warm,Constant + warm-up,schedule,2026,v1,False
3220,0.4117431044578552,0.1,10,sched_constant_warm,Constant + warm-up,schedule,2026,v1,False
3240,0.15539869666099548,0.1,10,sched_constant_warm,Constant + warm-up,schedule,2026,v1,False
3260,0.3665410876274109,0.1,10,sched_constant_warm,Constant + warm-up,schedule,2026,v1,False
3280,0.254971981048584,0.1,10,sched_constant_warm,Constant + warm-up,schedule,2026,v1,False
3300,0.20488546788692474,0.1,10,sched_constant_warm,Constant + warm-up,schedule,2026,v1,False
3320,0.291986346244812,0.1,10,sched_constant_warm,Constant + warm-up,schedule,2026,v1,False
3340,0.20319905877113342,0.1,10,sched_constant_warm,Constant + warm-up,schedule,2026,v1,False
3360,0.17227515578269958,0.1,10,sched_constant_warm,Constant + warm-up,schedule,2026,v1,False
3380,0.15881192684173584,0.1,10,sched_constant_warm,Constant + warm-up,schedule,2026,v1,False
3400,0.37540215253829956,0.1,10,sched_constant_warm,Constant + warm-up,schedule,2026,v1,False
3420,0.30656421184539795,0.1,10,sched_constant_warm,Constant + warm-up,schedule,2026,v1,False
3440,0.2258918434381485,0.1,10,sched_constant_warm,Constant + warm-up,schedule,2026,v1,False
3460,0.36570441722869873,0.1,10,sched_constant_warm,Constant + warm-up,schedule,2026,v1,False
3480,0.28411149978637695,0.1,10,sched_constant_warm,Constant + warm-up,schedule,2026,v1,False
3500,0.24578993022441864,0.1,10,sched_constant_warm,Constant + warm-up,schedule,2026,v1,False
3520,0.3229147493839264,0.1,11,sched_constant_warm,Constant + warm-up,schedule,2026,v1,False
3540,0.19295254349708557,0.1,11,sched_constant_warm,Constant + warm-up,schedule,2026,v1,False
3560,0.27925437688827515,0.1,11,sched_constant_warm,Constant + warm-up,schedule,2026,v1,False
3580,0.22961992025375366,0.1,11,sched_constant_warm,Constant + warm-up,schedule,2026,v1,False
3600,0.12674452364444733,0.1,11,sched_constant_warm,Constant + warm-up,schedule,2026,v1,False
3620,0.23307639360427856,0.1,11,sched_constant_warm,Constant + warm-up,schedule,2026,v1,False
3640,0.17038074135780334,0.1,11,sched_constant_warm,Constant + warm-up,schedule,2026,v1,False
3660,0.2293827086687088,0.1,11,sched_constant_warm,Constant + warm-up,schedule,2026,v1,False
3680,0.26818031072616577,0.1,11,sched_constant_warm,Constant + warm-up,schedule,2026,v1,False
3700,0.2027311623096466,0.1,11,sched_constant_warm,Constant + warm-up,schedule,2026,v1,False
3720,0.14657869935035706,0.1,11,sched_constant_warm,Constant + warm-up,schedule,2026,v1,False
3740,0.3068568706512451,0.1,11,sched_constant_warm,Constant + warm-up,schedule,2026,v1,False
3760,0.24460706114768982,0.1,11,sched_constant_warm,Constant + warm-up,schedule,2026,v1,False
3780,0.31066277623176575,0.1,11,sched_constant_warm,Constant + warm-up,schedule,2026,v1,False
3800,0.28200867772102356,0.1,11,sched_constant_warm,Constant + warm-up,schedule,2026,v1,False
3820,0.26429128646850586,0.1,11,sched_constant_warm,Constant + warm-up,schedule,2026,v1,False
3840,0.31402286887168884,0.1,11,sched_constant_warm,Constant + warm-up,schedule,2026,v1,False
3860,0.224702388048172,0.1,11,sched_constant_warm,Constant + warm-up,schedule,2026,v1,False
3880,0.17543156445026398,0.1,12,sched_constant_warm,Constant + warm-up,schedule,2026,v1,False
3900,0.11935005336999893,0.1,12,sched_constant_warm,Constant + warm-up,schedule,2026,v1,False
3920,0.3002781271934509,0.1,12,sched_constant_warm,Constant + warm-up,schedule,2026,v1,False
3940,0.2991899847984314,0.1,12,sched_constant_warm,Constant + warm-up,schedule,2026,v1,False
3960,0.31164753437042236,0.1,12,sched_constant_warm,Constant + warm-up,schedule,2026,v1,False
3980,0.20818105340003967,0.1,12,sched_constant_warm,Constant + warm-up,schedule,2026,v1,False
4000,0.18673577904701233,0.1,12,sched_constant_warm,Constant + warm-up,schedule,2026,v1,False
4020,0.26917919516563416,0.1,12,sched_constant_warm,Constant + warm-up,schedule,2026,v1,False
4040,0.16056078672409058,0.1,12,sched_constant_warm,Constant + warm-up,schedule,2026,v1,False
4060,0.2109401524066925,0.1,12,sched_constant_warm,Constant + warm-up,schedule,2026,v1,False
4080,0.18913082778453827,0.1,12,sched_constant_warm,Constant + warm-up,schedule,2026,v1,False
4100,0.3141024708747864,0.1,12,sched_constant_warm,Constant + warm-up,schedule,2026,v1,False
4120,0.16691747307777405,0.1,12,sched_constant_warm,Constant + warm-up,schedule,2026,v1,False
4140,0.219230055809021,0.1,12,sched_constant_warm,Constant + warm-up,schedule,2026,v1,False
4160,0.447930246591568,0.1,12,sched_constant_warm,Constant + warm-up,schedule,2026,v1,False
4180,0.2775917053222656,0.1,12,sched_constant_warm,Constant + warm-up,schedule,2026,v1,False
4200,0.3078145384788513,0.1,12,sched_constant_warm,Constant + warm-up,schedule,2026,v1,False
4220,0.33008891344070435,0.1,12,sched_constant_warm,Constant + warm-up,schedule,2026,v1,False
4240,0.1572568714618683,0.1,13,sched_constant_warm,Constant + warm-up,schedule,2026,v1,False
4260,0.20848491787910461,0.1,13,sched_constant_warm,Constant + warm-up,schedule,2026,v1,False
4280,0.198513463139534,0.1,13,sched_constant_warm,Constant + warm-up,schedule,2026,v1,False
4300,0.26823288202285767,0.1,13,sched_constant_warm,Constant + warm-up,schedule,2026,v1,False
4320,0.2000666707754135,0.1,13,sched_constant_warm,Constant + warm-up,schedule,2026,v1,False
4340,0.2352062165737152,0.1,13,sched_constant_warm,Constant + warm-up,schedule,2026,v1,False
4360,0.23531028628349304,0.1,13,sched_constant_warm,Constant + warm-up,schedule,2026,v1,False
4380,0.21790190041065216,0.1,13,sched_constant_warm,Constant + warm-up,schedule,2026,v1,False
4400,0.2652773857116699,0.1,13,sched_constant_warm,Constant + warm-up,schedule,2026,v1,False
4420,0.3645195960998535,0.1,13,sched_constant_warm,Constant + warm-up,schedule,2026,v1,False
4440,0.2352396845817566,0.1,13,sched_constant_warm,Constant + warm-up,schedule,2026,v1,False
4460,0.33020901679992676,0.1,13,sched_constant_warm,Constant + warm-up,schedule,2026,v1,False
4480,0.21683526039123535,0.1,13,sched_constant_warm,Constant + warm-up,schedule,2026,v1,False
4500,0.1484515517950058,0.1,13,sched_constant_warm,Constant + warm-up,schedule,2026,v1,False
4520,0.14266309142112732,0.1,13,sched_constant_warm,Constant + warm-up,schedule,2026,v1,False
4540,0.3486763834953308,0.1,13,sched_constant_warm,Constant + warm-up,schedule,2026,v1,False
4560,0.18687060475349426,0.1,13,sched_constant_warm,Constant + warm-up,schedule,2026,v1,False
4580,0.21906156837940216,0.1,14,sched_constant_warm,Constant + warm-up,schedule,2026,v1,False
4600,0.13739700615406036,0.1,14,sched_constant_warm,Constant + warm-up,schedule,2026,v1,False
4620,0.1904473751783371,0.1,14,sched_constant_warm,Constant + warm-up,schedule,2026,v1,False
4640,0.15239682793617249,0.1,14,sched_constant_warm,Constant + warm-up,schedule,2026,v1,False
4660,0.17414647340774536,0.1,14,sched_constant_warm,Constant + warm-up,schedule,2026,v1,False
4680,0.07159899175167084,0.1,14,sched_constant_warm,Constant + warm-up,schedule,2026,v1,False
4700,0.1536441445350647,0.1,14,sched_constant_warm,Constant + warm-up,schedule,2026,v1,False
4720,0.15224793553352356,0.1,14,sched_constant_warm,Constant + warm-up,schedule,2026,v1,False
4740,0.2744958698749542,0.1,14,sched_constant_warm,Constant + warm-up,schedule,2026,v1,False
4760,0.1817130595445633,0.1,14,sched_constant_warm,Constant + warm-up,schedule,2026,v1,False
4780,0.10564634203910828,0.1,14,sched_constant_warm,Constant + warm-up,schedule,2026,v1,False
4800,0.23694190382957458,0.1,14,sched_constant_warm,Constant + warm-up,schedule,2026,v1,False
4820,0.25904953479766846,0.1,14,sched_constant_warm,Constant + warm-up,schedule,2026,v1,False
4840,0.2016114592552185,0.1,14,sched_constant_warm,Constant + warm-up,schedule,2026,v1,False
4860,0.2088671773672104,0.1,14,sched_constant_warm,Constant + warm-up,schedule,2026,v1,False
4880,0.34291139245033264,0.1,14,sched_constant_warm,Constant + warm-up,schedule,2026,v1,False
4900,0.21885846555233002,0.1,14,sched_constant_warm,Constant + warm-up,schedule,2026,v1,False
4920,0.2544930577278137,0.1,14,sched_constant_warm,Constant + warm-up,schedule,2026,v1,False
4940,0.10442939400672913,0.1,15,sched_constant_warm,Constant + warm-up,schedule,2026,v1,False
4960,0.07404163479804993,0.1,15,sched_constant_warm,Constant + warm-up,schedule,2026,v1,False
4980,0.182062029838562,0.1,15,sched_constant_warm,Constant + warm-up,schedule,2026,v1,False
5000,0.1306173950433731,0.1,15,sched_constant_warm,Constant + warm-up,schedule,2026,v1,False
5020,0.15301741659641266,0.1,15,sched_constant_warm,Constant + warm-up,schedule,2026,v1,False
5040,0.32466548681259155,0.1,15,sched_constant_warm,Constant + warm-up,schedule,2026,v1,False
5060,0.19948679208755493,0.1,15,sched_constant_warm,Constant + warm-up,schedule,2026,v1,False
5080,0.19742149114608765,0.1,15,sched_constant_warm,Constant + warm-up,schedule,2026,v1,False
5100,0.166093647480011,0.1,15,sched_constant_warm,Constant + warm-up,schedule,2026,v1,False
5120,0.2061772346496582,0.1,15,sched_constant_warm,Constant + warm-up,schedule,2026,v1,False
5140,0.1447984278202057,0.1,15,sched_constant_warm,Constant + warm-up,schedule,2026,v1,False
5160,0.20607003569602966,0.1,15,sched_constant_warm,Constant + warm-up,schedule,2026,v1,False
5180,0.19975674152374268,0.1,15,sched_constant_warm,Constant + warm-up,schedule,2026,v1,False
5200,0.25555020570755005,0.1,15,sched_constant_warm,Constant + warm-up,schedule,2026,v1,False
5220,0.2847241163253784,0.1,15,sched_constant_warm,Constant + warm-up,schedule,2026,v1,False
5240,0.12611104547977448,0.1,15,sched_constant_warm,Constant + warm-up,schedule,2026,v1,False
5260,0.28646761178970337,0.1,15,sched_constant_warm,Constant + warm-up,schedule,2026,v1,False
5280,0.1927066445350647,0.1,16,sched_constant_warm,Constant + warm-up,schedule,2026,v1,False
5300,0.12252965569496155,0.1,16,sched_constant_warm,Constant + warm-up,schedule,2026,v1,False
5320,0.12249501049518585,0.1,16,sched_constant_warm,Constant + warm-up,schedule,2026,v1,False
5340,0.09475086629390717,0.1,16,sched_constant_warm,Constant + warm-up,schedule,2026,v1,False
5360,0.17605812847614288,0.1,16,sched_constant_warm,Constant + warm-up,schedule,2026,v1,False
5380,0.23949697613716125,0.1,16,sched_constant_warm,Constant + warm-up,schedule,2026,v1,False
5400,0.16949182748794556,0.1,16,sched_constant_warm,Constant + warm-up,schedule,2026,v1,False
5420,0.13080434501171112,0.1,16,sched_constant_warm,Constant + warm-up,schedule,2026,v1,False
5440,0.20956382155418396,0.1,16,sched_constant_warm,Constant + warm-up,schedule,2026,v1,False
5460,0.30131903290748596,0.1,16,sched_constant_warm,Constant + warm-up,schedule,2026,v1,False
5480,0.2127310335636139,0.1,16,sched_constant_warm,Constant + warm-up,schedule,2026,v1,False
5500,0.0962812602519989,0.1,16,sched_constant_warm,Constant + warm-up,schedule,2026,v1,False
5520,0.13677123188972473,0.1,16,sched_constant_warm,Constant + warm-up,schedule,2026,v1,False
5540,0.160064697265625,0.1,16,sched_constant_warm,Constant + warm-up,schedule,2026,v1,False
5560,0.15026269853115082,0.1,16,sched_constant_warm,Constant + warm-up,schedule,2026,v1,False
5580,0.2682981491088867,0.1,16,sched_constant_warm,Constant + warm-up,schedule,2026,v1,False
5600,0.29215437173843384,0.1,16,sched_constant_warm,Constant + warm-up,schedule,2026,v1,False
5620,0.18794535100460052,0.1,16,sched_constant_warm,Constant + warm-up,schedule,2026,v1,False
5640,0.1859990656375885,0.1,17,sched_constant_warm,Constant + warm-up,schedule,2026,v1,False
5660,0.08333767205476761,0.1,17,sched_constant_warm,Constant + warm-up,schedule,2026,v1,False
5680,0.17282940447330475,0.1,17,sched_constant_warm,Constant + warm-up,schedule,2026,v1,False
5700,0.20882199704647064,0.1,17,sched_constant_warm,Constant + warm-up,schedule,2026,v1,False
5720,0.11006145924329758,0.1,17,sched_constant_warm,Constant + warm-up,schedule,2026,v1,False
5740,0.08609873801469803,0.1,17,sched_constant_warm,Constant + warm-up,schedule,2026,v1,False
5760,0.1702938675880432,0.1,17,sched_constant_warm,Constant + warm-up,schedule,2026,v1,False
5780,0.24024687707424164,0.1,17,sched_constant_warm,Constant + warm-up,schedule,2026,v1,False
5800,0.16955789923667908,0.1,17,sched_constant_warm,Constant + warm-up,schedule,2026,v1,False
5820,0.2385593056678772,0.1,17,sched_constant_warm,Constant + warm-up,schedule,2026,v1,False
5840,0.10646376758813858,0.1,17,sched_constant_warm,Constant + warm-up,schedule,2026,v1,False
5860,0.15936122834682465,0.1,17,sched_constant_warm,Constant + warm-up,schedule,2026,v1,False
5880,0.16631650924682617,0.1,17,sched_constant_warm,Constant + warm-up,schedule,2026,v1,False
5900,0.23338985443115234,0.1,17,sched_constant_warm,Constant + warm-up,schedule,2026,v1,False
5920,0.20096935331821442,0.1,17,sched_constant_warm,Constant + warm-up,schedule,2026,v1,False
5940,0.25333836674690247,0.1,17,sched_constant_warm,Constant + warm-up,schedule,2026,v1,False
5960,0.1756438910961151,0.1,17,sched_constant_warm,Constant + warm-up,schedule,2026,v1,False
5980,0.21736222505569458,0.1,17,sched_constant_warm,Constant + warm-up,schedule,2026,v1,False
6000,0.20026318728923798,0.1,18,sched_constant_warm,Constant + warm-up,schedule,2026,v1,False
6020,0.1564262956380844,0.1,18,sched_constant_warm,Constant + warm-up,schedule,2026,v1,False
6040,0.19048412144184113,0.1,18,sched_constant_warm,Constant + warm-up,schedule,2026,v1,False
6060,0.0879383236169815,0.1,18,sched_constant_warm,Constant + warm-up,schedule,2026,v1,False
6080,0.09040085226297379,0.1,18,sched_constant_warm,Constant + warm-up,schedule,2026,v1,False
6100,0.10366815328598022,0.1,18,sched_constant_warm,Constant + warm-up,schedule,2026,v1,False
6120,0.24979448318481445,0.1,18,sched_constant_warm,Constant + warm-up,schedule,2026,v1,False
6140,0.2040436565876007,0.1,18,sched_constant_warm,Constant + warm-up,schedule,2026,v1,False
6160,0.20199061930179596,0.1,18,sched_constant_warm,Constant + warm-up,schedule,2026,v1,False
6180,0.3061724901199341,0.1,18,sched_constant_warm,Constant + warm-up,schedule,2026,v1,False
6200,0.17589648067951202,0.1,18,sched_constant_warm,Constant + warm-up,schedule,2026,v1,False
6220,0.14517086744308472,0.1,18,sched_constant_warm,Constant + warm-up,schedule,2026,v1,False
6240,0.12628212571144104,0.1,18,sched_constant_warm,Constant + warm-up,schedule,2026,v1,False
6260,0.21076932549476624,0.1,18,sched_constant_warm,Constant + warm-up,schedule,2026,v1,False
6280,0.20714421570301056,0.1,18,sched_constant_warm,Constant + warm-up,schedule,2026,v1,False
6300,0.15923744440078735,0.1,18,sched_constant_warm,Constant + warm-up,schedule,2026,v1,False
6320,0.18499638140201569,0.1,18,sched_constant_warm,Constant + warm-up,schedule,2026,v1,False
6340,0.08972300589084625,0.1,19,sched_constant_warm,Constant + warm-up,schedule,2026,v1,False
6360,0.07537807524204254,0.1,19,sched_constant_warm,Constant + warm-up,schedule,2026,v1,False
6380,0.11808396130800247,0.1,19,sched_constant_warm,Constant + warm-up,schedule,2026,v1,False
6400,0.09571844339370728,0.1,19,sched_constant_warm,Constant + warm-up,schedule,2026,v1,False
6420,0.08741078525781631,0.1,19,sched_constant_warm,Constant + warm-up,schedule,2026,v1,False
6440,0.15196070075035095,0.1,19,sched_constant_warm,Constant + warm-up,schedule,2026,v1,False
6460,0.08890214562416077,0.1,19,sched_constant_warm,Constant + warm-up,schedule,2026,v1,False
6480,0.23763540387153625,0.1,19,sched_constant_warm,Constant + warm-up,schedule,2026,v1,False
6500,0.12420471012592316,0.1,19,sched_constant_warm,Constant + warm-up,schedule,2026,v1,False
6520,0.15654003620147705,0.1,19,sched_constant_warm,Constant + warm-up,schedule,2026,v1,False
6540,0.20299071073532104,0.1,19,sched_constant_warm,Constant + warm-up,schedule,2026,v1,False
6560,0.15554305911064148,0.1,19,sched_constant_warm,Constant + warm-up,schedule,2026,v1,False
6580,0.19883272051811218,0.1,19,sched_constant_warm,Constant + warm-up,schedule,2026,v1,False
6600,0.2552621364593506,0.1,19,sched_constant_warm,Constant + warm-up,schedule,2026,v1,False
6620,0.23920166492462158,0.1,19,sched_constant_warm,Constant + warm-up,schedule,2026,v1,False
6640,0.27835196256637573,0.1,19,sched_constant_warm,Constant + warm-up,schedule,2026,v1,False
6660,0.20859389007091522,0.1,19,sched_constant_warm,Constant + warm-up,schedule,2026,v1,False
6680,0.2944715619087219,0.1,19,sched_constant_warm,Constant + warm-up,schedule,2026,v1,False
6700,0.12696482241153717,0.1,20,sched_constant_warm,Constant + warm-up,schedule,2026,v1,False
6720,0.03482437878847122,0.1,20,sched_constant_warm,Constant + warm-up,schedule,2026,v1,False
6740,0.1553170084953308,0.1,20,sched_constant_warm,Constant + warm-up,schedule,2026,v1,False
6760,0.10772185027599335,0.1,20,sched_constant_warm,Constant + warm-up,schedule,2026,v1,False
6780,0.10059008002281189,0.1,20,sched_constant_warm,Constant + warm-up,schedule,2026,v1,False
6800,0.23170217871665955,0.1,20,sched_constant_warm,Constant + warm-up,schedule,2026,v1,False
6820,0.2163575291633606,0.1,20,sched_constant_warm,Constant + warm-up,schedule,2026,v1,False
6840,0.14691230654716492,0.1,20,sched_constant_warm,Constant + warm-up,schedule,2026,v1,False
6860,0.31321296095848083,0.1,20,sched_constant_warm,Constant + warm-up,schedule,2026,v1,False
6880,0.20577570796012878,0.1,20,sched_constant_warm,Constant + warm-up,schedule,2026,v1,False
6900,0.176401287317276,0.1,20,sched_constant_warm,Constant + warm-up,schedule,2026,v1,False
6920,0.11810910701751709,0.1,20,sched_constant_warm,Constant + warm-up,schedule,2026,v1,False
6940,0.19961875677108765,0.1,20,sched_constant_warm,Constant + warm-up,schedule,2026,v1,False
6960,0.2597350776195526,0.1,20,sched_constant_warm,Constant + warm-up,schedule,2026,v1,False
6980,0.1898498237133026,0.1,20,sched_constant_warm,Constant + warm-up,schedule,2026,v1,False
7000,0.1163044273853302,0.1,20,sched_constant_warm,Constant + warm-up,schedule,2026,v1,False
7020,0.24767310917377472,0.1,20,sched_constant_warm,Constant + warm-up,schedule,2026,v1,False
0,2.5689821243286133,0.1,1,sched_step,Step decay,schedule,42,v1,False
20,2.8817431926727295,0.1,1,sched_step,Step decay,schedule,42,v1,False
40,2.301480293273926,0.1,1,sched_step,Step decay,schedule,42,v1,False
60,2.2704925537109375,0.1,1,sched_step,Step decay,schedule,42,v1,False
80,2.303213596343994,0.1,1,sched_step,Step decay,schedule,42,v1,False
100,2.222050428390503,0.1,1,sched_step,Step decay,schedule,42,v1,False
120,2.143954038619995,0.1,1,sched_step,Step decay,schedule,42,v1,False
140,2.0665793418884277,0.1,1,sched_step,Step decay,schedule,42,v1,False
160,2.110252857208252,0.1,1,sched_step,Step decay,schedule,42,v1,False
180,2.0664618015289307,0.1,1,sched_step,Step decay,schedule,42,v1,False
200,2.0413620471954346,0.1,1,sched_step,Step decay,schedule,42,v1,False
220,1.865044355392456,0.1,1,sched_step,Step decay,schedule,42,v1,False
240,2.1041674613952637,0.1,1,sched_step,Step decay,schedule,42,v1,False
260,1.9174671173095703,0.1,1,sched_step,Step decay,schedule,42,v1,False
280,1.881312608718872,0.1,1,sched_step,Step decay,schedule,42,v1,False
300,1.8486716747283936,0.1,1,sched_step,Step decay,schedule,42,v1,False
320,1.8144898414611816,0.1,1,sched_step,Step decay,schedule,42,v1,False
340,1.6966763734817505,0.1,1,sched_step,Step decay,schedule,42,v1,False
360,1.746975064277649,0.1,2,sched_step,Step decay,schedule,42,v1,False
380,1.9352858066558838,0.1,2,sched_step,Step decay,schedule,42,v1,False
400,1.501405954360962,0.1,2,sched_step,Step decay,schedule,42,v1,False
420,1.6508731842041016,0.1,2,sched_step,Step decay,schedule,42,v1,False
440,1.6375973224639893,0.1,2,sched_step,Step decay,schedule,42,v1,False
460,1.6537208557128906,0.1,2,sched_step,Step decay,schedule,42,v1,False
480,1.5698511600494385,0.1,2,sched_step,Step decay,schedule,42,v1,False
500,1.4518762826919556,0.1,2,sched_step,Step decay,schedule,42,v1,False
520,1.426774263381958,0.1,2,sched_step,Step decay,schedule,42,v1,False
540,1.7107648849487305,0.1,2,sched_step,Step decay,schedule,42,v1,False
560,1.5912728309631348,0.1,2,sched_step,Step decay,schedule,42,v1,False
580,1.4398999214172363,0.1,2,sched_step,Step decay,schedule,42,v1,False
600,1.5250451564788818,0.1,2,sched_step,Step decay,schedule,42,v1,False
620,1.2979912757873535,0.1,2,sched_step,Step decay,schedule,42,v1,False
640,1.3987503051757812,0.1,2,sched_step,Step decay,schedule,42,v1,False
660,1.2143771648406982,0.1,2,sched_step,Step decay,schedule,42,v1,False
680,1.5419032573699951,0.1,2,sched_step,Step decay,schedule,42,v1,False
700,1.2790366411209106,0.1,2,sched_step,Step decay,schedule,42,v1,False
720,1.243939995765686,0.1,3,sched_step,Step decay,schedule,42,v1,False
740,1.4869279861450195,0.1,3,sched_step,Step decay,schedule,42,v1,False
760,1.3486627340316772,0.1,3,sched_step,Step decay,schedule,42,v1,False
780,1.3180087804794312,0.1,3,sched_step,Step decay,schedule,42,v1,False
800,1.2722547054290771,0.1,3,sched_step,Step decay,schedule,42,v1,False
820,1.272947907447815,0.1,3,sched_step,Step decay,schedule,42,v1,False
840,1.3687435388565063,0.1,3,sched_step,Step decay,schedule,42,v1,False
860,1.3360390663146973,0.1,3,sched_step,Step decay,schedule,42,v1,False
880,1.2856507301330566,0.1,3,sched_step,Step decay,schedule,42,v1,False
900,1.3583654165267944,0.1,3,sched_step,Step decay,schedule,42,v1,False
920,1.1276497840881348,0.1,3,sched_step,Step decay,schedule,42,v1,False
940,1.366353154182434,0.1,3,sched_step,Step decay,schedule,42,v1,False
960,1.2124693393707275,0.1,3,sched_step,Step decay,schedule,42,v1,False
980,1.0827915668487549,0.1,3,sched_step,Step decay,schedule,42,v1,False
1000,1.0303690433502197,0.1,3,sched_step,Step decay,schedule,42,v1,False
1020,1.107231616973877,0.1,3,sched_step,Step decay,schedule,42,v1,False
1040,1.234777569770813,0.1,3,sched_step,Step decay,schedule,42,v1,False
1060,1.0969455242156982,0.1,4,sched_step,Step decay,schedule,42,v1,False
1080,1.1089062690734863,0.1,4,sched_step,Step decay,schedule,42,v1,False
1100,1.3952404260635376,0.1,4,sched_step,Step decay,schedule,42,v1,False
1120,1.1905617713928223,0.1,4,sched_step,Step decay,schedule,42,v1,False
1140,1.068862795829773,0.1,4,sched_step,Step decay,schedule,42,v1,False
1160,0.9977837800979614,0.1,4,sched_step,Step decay,schedule,42,v1,False
1180,0.9389350414276123,0.1,4,sched_step,Step decay,schedule,42,v1,False
1200,0.9309700131416321,0.1,4,sched_step,Step decay,schedule,42,v1,False
1220,0.9762908220291138,0.1,4,sched_step,Step decay,schedule,42,v1,False
1240,0.7458087205886841,0.1,4,sched_step,Step decay,schedule,42,v1,False
1260,0.9469274282455444,0.1,4,sched_step,Step decay,schedule,42,v1,False
1280,1.0176286697387695,0.1,4,sched_step,Step decay,schedule,42,v1,False
1300,1.0136994123458862,0.1,4,sched_step,Step decay,schedule,42,v1,False
1320,0.9208520650863647,0.1,4,sched_step,Step decay,schedule,42,v1,False
1340,0.7015767097473145,0.1,4,sched_step,Step decay,schedule,42,v1,False
1360,0.9457668662071228,0.1,4,sched_step,Step decay,schedule,42,v1,False
1380,1.0460233688354492,0.1,4,sched_step,Step decay,schedule,42,v1,False
1400,1.046957015991211,0.1,4,sched_step,Step decay,schedule,42,v1,False
1420,1.0373306274414062,0.1,5,sched_step,Step decay,schedule,42,v1,False
1440,0.8133342862129211,0.1,5,sched_step,Step decay,schedule,42,v1,False
1460,0.8889142274856567,0.1,5,sched_step,Step decay,schedule,42,v1,False
1480,0.8961413502693176,0.1,5,sched_step,Step decay,schedule,42,v1,False
1500,0.831628143787384,0.1,5,sched_step,Step decay,schedule,42,v1,False
1520,0.7059447765350342,0.1,5,sched_step,Step decay,schedule,42,v1,False
1540,0.913019061088562,0.1,5,sched_step,Step decay,schedule,42,v1,False
1560,0.8791167736053467,0.1,5,sched_step,Step decay,schedule,42,v1,False
1580,0.8602973222732544,0.1,5,sched_step,Step decay,schedule,42,v1,False
1600,0.7870584726333618,0.1,5,sched_step,Step decay,schedule,42,v1,False
1620,1.1289474964141846,0.1,5,sched_step,Step decay,schedule,42,v1,False
1640,0.6623408794403076,0.1,5,sched_step,Step decay,schedule,42,v1,False
1660,0.8863487243652344,0.1,5,sched_step,Step decay,schedule,42,v1,False
1680,0.928451657295227,0.1,5,sched_step,Step decay,schedule,42,v1,False
1700,1.0883244276046753,0.1,5,sched_step,Step decay,schedule,42,v1,False
1720,0.6427730321884155,0.1,5,sched_step,Step decay,schedule,42,v1,False
1740,1.018891453742981,0.1,5,sched_step,Step decay,schedule,42,v1,False
1760,0.6968734264373779,0.1,6,sched_step,Step decay,schedule,42,v1,False
1780,0.7137752771377563,0.1,6,sched_step,Step decay,schedule,42,v1,False
1800,0.8789383172988892,0.1,6,sched_step,Step decay,schedule,42,v1,False
1820,0.7333115339279175,0.1,6,sched_step,Step decay,schedule,42,v1,False
1840,0.679481029510498,0.1,6,sched_step,Step decay,schedule,42,v1,False
1860,0.7311042547225952,0.1,6,sched_step,Step decay,schedule,42,v1,False
1880,0.8659927248954773,0.1,6,sched_step,Step decay,schedule,42,v1,False
1900,0.7952530384063721,0.1,6,sched_step,Step decay,schedule,42,v1,False
1920,0.8979887366294861,0.1,6,sched_step,Step decay,schedule,42,v1,False
1940,0.7431821823120117,0.1,6,sched_step,Step decay,schedule,42,v1,False
1960,0.6766250133514404,0.1,6,sched_step,Step decay,schedule,42,v1,False
1980,0.5885058045387268,0.1,6,sched_step,Step decay,schedule,42,v1,False
2000,0.896497368812561,0.1,6,sched_step,Step decay,schedule,42,v1,False
2020,0.7992298603057861,0.1,6,sched_step,Step decay,schedule,42,v1,False
2040,0.741284191608429,0.1,6,sched_step,Step decay,schedule,42,v1,False
2060,0.7867729067802429,0.1,6,sched_step,Step decay,schedule,42,v1,False
2080,0.7167346477508545,0.1,6,sched_step,Step decay,schedule,42,v1,False
2100,0.7817720770835876,0.1,6,sched_step,Step decay,schedule,42,v1,False
2120,0.6224980354309082,0.1,7,sched_step,Step decay,schedule,42,v1,False
2140,0.6220967769622803,0.1,7,sched_step,Step decay,schedule,42,v1,False
2160,0.5191694498062134,0.1,7,sched_step,Step decay,schedule,42,v1,False
2180,0.7487303018569946,0.1,7,sched_step,Step decay,schedule,42,v1,False
2200,0.5489444732666016,0.1,7,sched_step,Step decay,schedule,42,v1,False
2220,0.6878767013549805,0.1,7,sched_step,Step decay,schedule,42,v1,False
2240,0.622294008731842,0.1,7,sched_step,Step decay,schedule,42,v1,False
2260,0.6516919732093811,0.1,7,sched_step,Step decay,schedule,42,v1,False
2280,0.7355681657791138,0.1,7,sched_step,Step decay,schedule,42,v1,False
2300,0.6565408706665039,0.1,7,sched_step,Step decay,schedule,42,v1,False
2320,0.6332249641418457,0.1,7,sched_step,Step decay,schedule,42,v1,False
2340,0.5722264051437378,0.1,7,sched_step,Step decay,schedule,42,v1,False
2360,0.408100962638855,0.1,7,sched_step,Step decay,schedule,42,v1,False
2380,0.6196860074996948,0.1,7,sched_step,Step decay,schedule,42,v1,False
2400,0.7413467168807983,0.1,7,sched_step,Step decay,schedule,42,v1,False
2420,0.6258641481399536,0.1,7,sched_step,Step decay,schedule,42,v1,False
2440,0.5615749359130859,0.1,7,sched_step,Step decay,schedule,42,v1,False
2460,0.6743309497833252,0.1,7,sched_step,Step decay,schedule,42,v1,False
2480,0.4373604357242584,0.010000000000000002,8,sched_step,Step decay,schedule,42,v1,False
2500,0.40761449933052063,0.010000000000000002,8,sched_step,Step decay,schedule,42,v1,False
2520,0.3845735788345337,0.010000000000000002,8,sched_step,Step decay,schedule,42,v1,False
2540,0.32885420322418213,0.010000000000000002,8,sched_step,Step decay,schedule,42,v1,False
2560,0.262962281703949,0.010000000000000002,8,sched_step,Step decay,schedule,42,v1,False
2580,0.33233827352523804,0.010000000000000002,8,sched_step,Step decay,schedule,42,v1,False
2600,0.3067673444747925,0.010000000000000002,8,sched_step,Step decay,schedule,42,v1,False
2620,0.35025185346603394,0.010000000000000002,8,sched_step,Step decay,schedule,42,v1,False
2640,0.37517088651657104,0.010000000000000002,8,sched_step,Step decay,schedule,42,v1,False
2660,0.35313284397125244,0.010000000000000002,8,sched_step,Step decay,schedule,42,v1,False
2680,0.23678310215473175,0.010000000000000002,8,sched_step,Step decay,schedule,42,v1,False
2700,0.3236764073371887,0.010000000000000002,8,sched_step,Step decay,schedule,42,v1,False
2720,0.21917960047721863,0.010000000000000002,8,sched_step,Step decay,schedule,42,v1,False
2740,0.27727705240249634,0.010000000000000002,8,sched_step,Step decay,schedule,42,v1,False
2760,0.3618226647377014,0.010000000000000002,8,sched_step,Step decay,schedule,42,v1,False
2780,0.2716537117958069,0.010000000000000002,8,sched_step,Step decay,schedule,42,v1,False
2800,0.2944803237915039,0.010000000000000002,8,sched_step,Step decay,schedule,42,v1,False
2820,0.2906385660171509,0.010000000000000002,9,sched_step,Step decay,schedule,42,v1,False
2840,0.28520798683166504,0.010000000000000002,9,sched_step,Step decay,schedule,42,v1,False
2860,0.2503787875175476,0.010000000000000002,9,sched_step,Step decay,schedule,42,v1,False
2880,0.2380456179380417,0.010000000000000002,9,sched_step,Step decay,schedule,42,v1,False
2900,0.24808083474636078,0.010000000000000002,9,sched_step,Step decay,schedule,42,v1,False
2920,0.2600573003292084,0.010000000000000002,9,sched_step,Step decay,schedule,42,v1,False
2940,0.20887386798858643,0.010000000000000002,9,sched_step,Step decay,schedule,42,v1,False
2960,0.2794158458709717,0.010000000000000002,9,sched_step,Step decay,schedule,42,v1,False
2980,0.2559319734573364,0.010000000000000002,9,sched_step,Step decay,schedule,42,v1,False
3000,0.2309713214635849,0.010000000000000002,9,sched_step,Step decay,schedule,42,v1,False
3020,0.3380190134048462,0.010000000000000002,9,sched_step,Step decay,schedule,42,v1,False
3040,0.22975337505340576,0.010000000000000002,9,sched_step,Step decay,schedule,42,v1,False
3060,0.3052595853805542,0.010000000000000002,9,sched_step,Step decay,schedule,42,v1,False
3080,0.20281021296977997,0.010000000000000002,9,sched_step,Step decay,schedule,42,v1,False
3100,0.2529444694519043,0.010000000000000002,9,sched_step,Step decay,schedule,42,v1,False
3120,0.24433113634586334,0.010000000000000002,9,sched_step,Step decay,schedule,42,v1,False
3140,0.25253137946128845,0.010000000000000002,9,sched_step,Step decay,schedule,42,v1,False
3160,0.20486986637115479,0.010000000000000002,9,sched_step,Step decay,schedule,42,v1,False
3180,0.1365600824356079,0.010000000000000002,10,sched_step,Step decay,schedule,42,v1,False
3200,0.11822105944156647,0.010000000000000002,10,sched_step,Step decay,schedule,42,v1,False
3220,0.20606842637062073,0.010000000000000002,10,sched_step,Step decay,schedule,42,v1,False
3240,0.20010878145694733,0.010000000000000002,10,sched_step,Step decay,schedule,42,v1,False
3260,0.22795656323432922,0.010000000000000002,10,sched_step,Step decay,schedule,42,v1,False
3280,0.17070044577121735,0.010000000000000002,10,sched_step,Step decay,schedule,42,v1,False
3300,0.15860025584697723,0.010000000000000002,10,sched_step,Step decay,schedule,42,v1,False
3320,0.14586368203163147,0.010000000000000002,10,sched_step,Step decay,schedule,42,v1,False
3340,0.23915450274944305,0.010000000000000002,10,sched_step,Step decay,schedule,42,v1,False
3360,0.1716008186340332,0.010000000000000002,10,sched_step,Step decay,schedule,42,v1,False
3380,0.17210973799228668,0.010000000000000002,10,sched_step,Step decay,schedule,42,v1,False
3400,0.17340919375419617,0.010000000000000002,10,sched_step,Step decay,schedule,42,v1,False
3420,0.25618600845336914,0.010000000000000002,10,sched_step,Step decay,schedule,42,v1,False
3440,0.1456032693386078,0.010000000000000002,10,sched_step,Step decay,schedule,42,v1,False
3460,0.19559013843536377,0.010000000000000002,10,sched_step,Step decay,schedule,42,v1,False
3480,0.17318716645240784,0.010000000000000002,10,sched_step,Step decay,schedule,42,v1,False
3500,0.11999613046646118,0.010000000000000002,10,sched_step,Step decay,schedule,42,v1,False
3520,0.12577418982982635,0.010000000000000002,11,sched_step,Step decay,schedule,42,v1,False
3540,0.08747288584709167,0.010000000000000002,11,sched_step,Step decay,schedule,42,v1,False
3560,0.13359686732292175,0.010000000000000002,11,sched_step,Step decay,schedule,42,v1,False
3580,0.11962027847766876,0.010000000000000002,11,sched_step,Step decay,schedule,42,v1,False
3600,0.0978872999548912,0.010000000000000002,11,sched_step,Step decay,schedule,42,v1,False
3620,0.118509441614151,0.010000000000000002,11,sched_step,Step decay,schedule,42,v1,False
3640,0.1418205052614212,0.010000000000000002,11,sched_step,Step decay,schedule,42,v1,False
3660,0.16981907188892365,0.010000000000000002,11,sched_step,Step decay,schedule,42,v1,False
3680,0.1356995403766632,0.010000000000000002,11,sched_step,Step decay,schedule,42,v1,False
3700,0.15521501004695892,0.010000000000000002,11,sched_step,Step decay,schedule,42,v1,False
3720,0.11546440422534943,0.010000000000000002,11,sched_step,Step decay,schedule,42,v1,False
3740,0.10056719183921814,0.010000000000000002,11,sched_step,Step decay,schedule,42,v1,False
3760,0.10342185199260712,0.010000000000000002,11,sched_step,Step decay,schedule,42,v1,False
3780,0.09556800127029419,0.010000000000000002,11,sched_step,Step decay,schedule,42,v1,False
3800,0.11342664062976837,0.010000000000000002,11,sched_step,Step decay,schedule,42,v1,False
3820,0.19912557303905487,0.010000000000000002,11,sched_step,Step decay,schedule,42,v1,False
3840,0.1466793715953827,0.010000000000000002,11,sched_step,Step decay,schedule,42,v1,False
3860,0.0793222039937973,0.010000000000000002,11,sched_step,Step decay,schedule,42,v1,False
3880,0.0727849006652832,0.010000000000000002,12,sched_step,Step decay,schedule,42,v1,False
3900,0.09111107885837555,0.010000000000000002,12,sched_step,Step decay,schedule,42,v1,False
3920,0.060694701969623566,0.010000000000000002,12,sched_step,Step decay,schedule,42,v1,False
3940,0.08236563950777054,0.010000000000000002,12,sched_step,Step decay,schedule,42,v1,False
3960,0.07030768692493439,0.010000000000000002,12,sched_step,Step decay,schedule,42,v1,False
3980,0.04147465527057648,0.010000000000000002,12,sched_step,Step decay,schedule,42,v1,False
4000,0.06655341386795044,0.010000000000000002,12,sched_step,Step decay,schedule,42,v1,False
4020,0.09278929233551025,0.010000000000000002,12,sched_step,Step decay,schedule,42,v1,False
4040,0.056529197841882706,0.010000000000000002,12,sched_step,Step decay,schedule,42,v1,False
4060,0.06889986991882324,0.010000000000000002,12,sched_step,Step decay,schedule,42,v1,False
4080,0.09629697352647781,0.010000000000000002,12,sched_step,Step decay,schedule,42,v1,False
4100,0.0855974331498146,0.010000000000000002,12,sched_step,Step decay,schedule,42,v1,False
4120,0.11597438901662827,0.010000000000000002,12,sched_step,Step decay,schedule,42,v1,False
4140,0.0733332708477974,0.010000000000000002,12,sched_step,Step decay,schedule,42,v1,False
4160,0.1366398185491562,0.010000000000000002,12,sched_step,Step decay,schedule,42,v1,False
4180,0.1148134171962738,0.010000000000000002,12,sched_step,Step decay,schedule,42,v1,False
4200,0.06353171169757843,0.010000000000000002,12,sched_step,Step decay,schedule,42,v1,False
4220,0.07239329069852829,0.010000000000000002,12,sched_step,Step decay,schedule,42,v1,False
4240,0.04964178055524826,0.010000000000000002,13,sched_step,Step decay,schedule,42,v1,False
4260,0.06682004034519196,0.010000000000000002,13,sched_step,Step decay,schedule,42,v1,False
4280,0.015192767605185509,0.010000000000000002,13,sched_step,Step decay,schedule,42,v1,False
4300,0.05181938037276268,0.010000000000000002,13,sched_step,Step decay,schedule,42,v1,False
4320,0.025594115257263184,0.010000000000000002,13,sched_step,Step decay,schedule,42,v1,False
4340,0.03868500888347626,0.010000000000000002,13,sched_step,Step decay,schedule,42,v1,False
4360,0.03860962763428688,0.010000000000000002,13,sched_step,Step decay,schedule,42,v1,False
4380,0.06810781359672546,0.010000000000000002,13,sched_step,Step decay,schedule,42,v1,False
4400,0.044844165444374084,0.010000000000000002,13,sched_step,Step decay,schedule,42,v1,False
4420,0.09646780788898468,0.010000000000000002,13,sched_step,Step decay,schedule,42,v1,False
4440,0.028509579598903656,0.010000000000000002,13,sched_step,Step decay,schedule,42,v1,False
4460,0.03646436333656311,0.010000000000000002,13,sched_step,Step decay,schedule,42,v1,False
4480,0.056379448622465134,0.010000000000000002,13,sched_step,Step decay,schedule,42,v1,False
4500,0.061016157269477844,0.010000000000000002,13,sched_step,Step decay,schedule,42,v1,False
4520,0.05633047968149185,0.010000000000000002,13,sched_step,Step decay,schedule,42,v1,False
4540,0.06394962221384048,0.010000000000000002,13,sched_step,Step decay,schedule,42,v1,False
4560,0.08851798623800278,0.010000000000000002,13,sched_step,Step decay,schedule,42,v1,False
4580,0.02418162301182747,0.010000000000000002,14,sched_step,Step decay,schedule,42,v1,False
4600,0.02800963819026947,0.010000000000000002,14,sched_step,Step decay,schedule,42,v1,False
4620,0.018003154546022415,0.010000000000000002,14,sched_step,Step decay,schedule,42,v1,False
4640,0.01110156811773777,0.010000000000000002,14,sched_step,Step decay,schedule,42,v1,False
4660,0.017390651628375053,0.010000000000000002,14,sched_step,Step decay,schedule,42,v1,False
4680,0.0297197587788105,0.010000000000000002,14,sched_step,Step decay,schedule,42,v1,False
4700,0.022282229736447334,0.010000000000000002,14,sched_step,Step decay,schedule,42,v1,False
4720,0.016962377354502678,0.010000000000000002,14,sched_step,Step decay,schedule,42,v1,False
4740,0.02907406911253929,0.010000000000000002,14,sched_step,Step decay,schedule,42,v1,False
4760,0.016089539974927902,0.010000000000000002,14,sched_step,Step decay,schedule,42,v1,False
4780,0.019898857921361923,0.010000000000000002,14,sched_step,Step decay,schedule,42,v1,False
4800,0.010684366337954998,0.010000000000000002,14,sched_step,Step decay,schedule,42,v1,False
4820,0.01768968068063259,0.010000000000000002,14,sched_step,Step decay,schedule,42,v1,False
4840,0.016628511250019073,0.010000000000000002,14,sched_step,Step decay,schedule,42,v1,False
4860,0.01682399958372116,0.010000000000000002,14,sched_step,Step decay,schedule,42,v1,False
4880,0.030869081616401672,0.010000000000000002,14,sched_step,Step decay,schedule,42,v1,False
4900,0.02842816896736622,0.010000000000000002,14,sched_step,Step decay,schedule,42,v1,False
4920,0.009086612612009048,0.010000000000000002,14,sched_step,Step decay,schedule,42,v1,False
4940,0.013184912502765656,0.0010000000000000002,15,sched_step,Step decay,schedule,42,v1,False
4960,0.006899797357618809,0.0010000000000000002,15,sched_step,Step decay,schedule,42,v1,False
4980,0.014418086037039757,0.0010000000000000002,15,sched_step,Step decay,schedule,42,v1,False
5000,0.007466903887689114,0.0010000000000000002,15,sched_step,Step decay,schedule,42,v1,False
5020,0.006814097985625267,0.0010000000000000002,15,sched_step,Step decay,schedule,42,v1,False
5040,0.009532418102025986,0.0010000000000000002,15,sched_step,Step decay,schedule,42,v1,False
5060,0.010644415393471718,0.0010000000000000002,15,sched_step,Step decay,schedule,42,v1,False
5080,0.010436249896883965,0.0010000000000000002,15,sched_step,Step decay,schedule,42,v1,False
5100,0.006519045680761337,0.0010000000000000002,15,sched_step,Step decay,schedule,42,v1,False
5120,0.006934646517038345,0.0010000000000000002,15,sched_step,Step decay,schedule,42,v1,False
5140,0.010642197914421558,0.0010000000000000002,15,sched_step,Step decay,schedule,42,v1,False
5160,0.008448482491075993,0.0010000000000000002,15,sched_step,Step decay,schedule,42,v1,False
5180,0.0069912755861878395,0.0010000000000000002,15,sched_step,Step decay,schedule,42,v1,False
5200,0.014273094944655895,0.0010000000000000002,15,sched_step,Step decay,schedule,42,v1,False
5220,0.0077039445750415325,0.0010000000000000002,15,sched_step,Step decay,schedule,42,v1,False
5240,0.008472185581922531,0.0010000000000000002,15,sched_step,Step decay,schedule,42,v1,False
5260,0.012748103588819504,0.0010000000000000002,15,sched_step,Step decay,schedule,42,v1,False
5280,0.005835710559040308,0.0010000000000000002,16,sched_step,Step decay,schedule,42,v1,False
5300,0.006595680024474859,0.0010000000000000002,16,sched_step,Step decay,schedule,42,v1,False
5320,0.005454922094941139,0.0010000000000000002,16,sched_step,Step decay,schedule,42,v1,False
5340,0.012963423505425453,0.0010000000000000002,16,sched_step,Step decay,schedule,42,v1,False
5360,0.007794933393597603,0.0010000000000000002,16,sched_step,Step decay,schedule,42,v1,False
5380,0.0072417487390339375,0.0010000000000000002,16,sched_step,Step decay,schedule,42,v1,False
5400,0.006402244791388512,0.0010000000000000002,16,sched_step,Step decay,schedule,42,v1,False
5420,0.015702806413173676,0.0010000000000000002,16,sched_step,Step decay,schedule,42,v1,False
5440,0.004468472674489021,0.0010000000000000002,16,sched_step,Step decay,schedule,42,v1,False
5460,0.005293095950037241,0.0010000000000000002,16,sched_step,Step decay,schedule,42,v1,False
5480,0.007387982681393623,0.0010000000000000002,16,sched_step,Step decay,schedule,42,v1,False
5500,0.012139358557760715,0.0010000000000000002,16,sched_step,Step decay,schedule,42,v1,False
5520,0.005933892913162708,0.0010000000000000002,16,sched_step,Step decay,schedule,42,v1,False
5540,0.005584726110100746,0.0010000000000000002,16,sched_step,Step decay,schedule,42,v1,False
5560,0.006189718842506409,0.0010000000000000002,16,sched_step,Step decay,schedule,42,v1,False
5580,0.005242759361863136,0.0010000000000000002,16,sched_step,Step decay,schedule,42,v1,False
5600,0.004789792466908693,0.0010000000000000002,16,sched_step,Step decay,schedule,42,v1,False
5620,0.0056428625248372555,0.0010000000000000002,16,sched_step,Step decay,schedule,42,v1,False
5640,0.007008923217654228,0.0010000000000000002,17,sched_step,Step decay,schedule,42,v1,False
5660,0.005443939473479986,0.0010000000000000002,17,sched_step,Step decay,schedule,42,v1,False
5680,0.01199852954596281,0.0010000000000000002,17,sched_step,Step decay,schedule,42,v1,False
5700,0.006082344334572554,0.0010000000000000002,17,sched_step,Step decay,schedule,42,v1,False
5720,0.006947594694793224,0.0010000000000000002,17,sched_step,Step decay,schedule,42,v1,False
5740,0.005672083236277103,0.0010000000000000002,17,sched_step,Step decay,schedule,42,v1,False
5760,0.007789740338921547,0.0010000000000000002,17,sched_step,Step decay,schedule,42,v1,False
5780,0.006690116133540869,0.0010000000000000002,17,sched_step,Step decay,schedule,42,v1,False
5800,0.009469656273722649,0.0010000000000000002,17,sched_step,Step decay,schedule,42,v1,False
5820,0.005463835317641497,0.0010000000000000002,17,sched_step,Step decay,schedule,42,v1,False
5840,0.004143070429563522,0.0010000000000000002,17,sched_step,Step decay,schedule,42,v1,False
5860,0.005236711353063583,0.0010000000000000002,17,sched_step,Step decay,schedule,42,v1,False
5880,0.00616099126636982,0.0010000000000000002,17,sched_step,Step decay,schedule,42,v1,False
5900,0.0069887349382042885,0.0010000000000000002,17,sched_step,Step decay,schedule,42,v1,False
5920,0.0057352762669324875,0.0010000000000000002,17,sched_step,Step decay,schedule,42,v1,False
5940,0.0037147412076592445,0.0010000000000000002,17,sched_step,Step decay,schedule,42,v1,False
5960,0.004037069622427225,0.0010000000000000002,17,sched_step,Step decay,schedule,42,v1,False
5980,0.004731563851237297,0.0010000000000000002,17,sched_step,Step decay,schedule,42,v1,False
6000,0.004883132874965668,0.0010000000000000002,18,sched_step,Step decay,schedule,42,v1,False
6020,0.00494677247479558,0.0010000000000000002,18,sched_step,Step decay,schedule,42,v1,False
6040,0.004306282382458448,0.0010000000000000002,18,sched_step,Step decay,schedule,42,v1,False
6060,0.0034638363867998123,0.0010000000000000002,18,sched_step,Step decay,schedule,42,v1,False
6080,0.005127421580255032,0.0010000000000000002,18,sched_step,Step decay,schedule,42,v1,False
6100,0.007079698611050844,0.0010000000000000002,18,sched_step,Step decay,schedule,42,v1,False
6120,0.003414120990782976,0.0010000000000000002,18,sched_step,Step decay,schedule,42,v1,False
6140,0.00803336687386036,0.0010000000000000002,18,sched_step,Step decay,schedule,42,v1,False
6160,0.005541423335671425,0.0010000000000000002,18,sched_step,Step decay,schedule,42,v1,False
6180,0.0032045382540673018,0.0010000000000000002,18,sched_step,Step decay,schedule,42,v1,False
6200,0.005063770338892937,0.0010000000000000002,18,sched_step,Step decay,schedule,42,v1,False
6220,0.005795880686491728,0.0010000000000000002,18,sched_step,Step decay,schedule,42,v1,False
6240,0.0073212748393416405,0.0010000000000000002,18,sched_step,Step decay,schedule,42,v1,False
6260,0.0024085992481559515,0.0010000000000000002,18,sched_step,Step decay,schedule,42,v1,False
6280,0.0032328148372471333,0.0010000000000000002,18,sched_step,Step decay,schedule,42,v1,False
6300,0.007324230391532183,0.0010000000000000002,18,sched_step,Step decay,schedule,42,v1,False
6320,0.0030887997709214687,0.0010000000000000002,18,sched_step,Step decay,schedule,42,v1,False
6340,0.0025202962569892406,0.0010000000000000002,19,sched_step,Step decay,schedule,42,v1,False
6360,0.006154391914606094,0.0010000000000000002,19,sched_step,Step decay,schedule,42,v1,False
6380,0.004025165922939777,0.0010000000000000002,19,sched_step,Step decay,schedule,42,v1,False
6400,0.006755658891052008,0.0010000000000000002,19,sched_step,Step decay,schedule,42,v1,False
6420,0.004875666461884975,0.0010000000000000002,19,sched_step,Step decay,schedule,42,v1,False
6440,0.008059516549110413,0.0010000000000000002,19,sched_step,Step decay,schedule,42,v1,False
6460,0.004469837993383408,0.0010000000000000002,19,sched_step,Step decay,schedule,42,v1,False
6480,0.0029811407439410686,0.0010000000000000002,19,sched_step,Step decay,schedule,42,v1,False
6500,0.005561767145991325,0.0010000000000000002,19,sched_step,Step decay,schedule,42,v1,False
6520,0.002340284176170826,0.0010000000000000002,19,sched_step,Step decay,schedule,42,v1,False
6540,0.004967444576323032,0.0010000000000000002,19,sched_step,Step decay,schedule,42,v1,False
6560,0.0035497506614774466,0.0010000000000000002,19,sched_step,Step decay,schedule,42,v1,False
6580,0.006386032328009605,0.0010000000000000002,19,sched_step,Step decay,schedule,42,v1,False
6600,0.0032042814418673515,0.0010000000000000002,19,sched_step,Step decay,schedule,42,v1,False
6620,0.004009988624602556,0.0010000000000000002,19,sched_step,Step decay,schedule,42,v1,False
6640,0.00626135990023613,0.0010000000000000002,19,sched_step,Step decay,schedule,42,v1,False
6660,0.003117934800684452,0.0010000000000000002,19,sched_step,Step decay,schedule,42,v1,False
6680,0.0032167930621653795,0.0010000000000000002,19,sched_step,Step decay,schedule,42,v1,False
6700,0.0041127391159534454,0.0010000000000000002,20,sched_step,Step decay,schedule,42,v1,False
6720,0.004599331878125668,0.0010000000000000002,20,sched_step,Step decay,schedule,42,v1,False
6740,0.0043536084704101086,0.0010000000000000002,20,sched_step,Step decay,schedule,42,v1,False
6760,0.006700840778648853,0.0010000000000000002,20,sched_step,Step decay,schedule,42,v1,False
6780,0.0075185829773545265,0.0010000000000000002,20,sched_step,Step decay,schedule,42,v1,False
6800,0.005108553916215897,0.0010000000000000002,20,sched_step,Step decay,schedule,42,v1,False
6820,0.0034794905222952366,0.0010000000000000002,20,sched_step,Step decay,schedule,42,v1,False
6840,0.003670578356832266,0.0010000000000000002,20,sched_step,Step decay,schedule,42,v1,False
6860,0.003801641520112753,0.0010000000000000002,20,sched_step,Step decay,schedule,42,v1,False
6880,0.004216821398586035,0.0010000000000000002,20,sched_step,Step decay,schedule,42,v1,False
6900,0.0033736308105289936,0.0010000000000000002,20,sched_step,Step decay,schedule,42,v1,False
6920,0.004206347279250622,0.0010000000000000002,20,sched_step,Step decay,schedule,42,v1,False
6940,0.007780665997415781,0.0010000000000000002,20,sched_step,Step decay,schedule,42,v1,False
6960,0.008600148372352123,0.0010000000000000002,20,sched_step,Step decay,schedule,42,v1,False
6980,0.0030700191855430603,0.0010000000000000002,20,sched_step,Step decay,schedule,42,v1,False
7000,0.007215550169348717,0.0010000000000000002,20,sched_step,Step decay,schedule,42,v1,False
7020,0.006997060030698776,0.0010000000000000002,20,sched_step,Step decay,schedule,42,v1,False
0,2.3491640090942383,0.1,1,sched_step,Step decay,schedule,2026,v1,False
20,3.0500476360321045,0.1,1,sched_step,Step decay,schedule,2026,v1,False
40,2.208000659942627,0.1,1,sched_step,Step decay,schedule,2026,v1,False
60,2.056607961654663,0.1,1,sched_step,Step decay,schedule,2026,v1,False
80,2.0820398330688477,0.1,1,sched_step,Step decay,schedule,2026,v1,False
100,1.931166172027588,0.1,1,sched_step,Step decay,schedule,2026,v1,False
120,1.9298667907714844,0.1,1,sched_step,Step decay,schedule,2026,v1,False
140,1.9131799936294556,0.1,1,sched_step,Step decay,schedule,2026,v1,False
160,1.8447065353393555,0.1,1,sched_step,Step decay,schedule,2026,v1,False
180,1.9793553352355957,0.1,1,sched_step,Step decay,schedule,2026,v1,False
200,1.5889816284179688,0.1,1,sched_step,Step decay,schedule,2026,v1,False
220,1.5795130729675293,0.1,1,sched_step,Step decay,schedule,2026,v1,False
240,1.6293766498565674,0.1,1,sched_step,Step decay,schedule,2026,v1,False
260,1.685664415359497,0.1,1,sched_step,Step decay,schedule,2026,v1,False
280,1.568291425704956,0.1,1,sched_step,Step decay,schedule,2026,v1,False
300,1.6723722219467163,0.1,1,sched_step,Step decay,schedule,2026,v1,False
320,1.4728829860687256,0.1,1,sched_step,Step decay,schedule,2026,v1,False
340,1.502057671546936,0.1,1,sched_step,Step decay,schedule,2026,v1,False
360,1.317047357559204,0.1,2,sched_step,Step decay,schedule,2026,v1,False
380,1.561867594718933,0.1,2,sched_step,Step decay,schedule,2026,v1,False
400,1.5885136127471924,0.1,2,sched_step,Step decay,schedule,2026,v1,False
420,1.5245428085327148,0.1,2,sched_step,Step decay,schedule,2026,v1,False
440,1.40183424949646,0.1,2,sched_step,Step decay,schedule,2026,v1,False
460,1.482674479484558,0.1,2,sched_step,Step decay,schedule,2026,v1,False
480,1.3477240800857544,0.1,2,sched_step,Step decay,schedule,2026,v1,False
500,1.3518563508987427,0.1,2,sched_step,Step decay,schedule,2026,v1,False
520,1.4202015399932861,0.1,2,sched_step,Step decay,schedule,2026,v1,False
540,1.545665979385376,0.1,2,sched_step,Step decay,schedule,2026,v1,False
560,1.3414467573165894,0.1,2,sched_step,Step decay,schedule,2026,v1,False
580,1.2782598733901978,0.1,2,sched_step,Step decay,schedule,2026,v1,False
600,1.2461949586868286,0.1,2,sched_step,Step decay,schedule,2026,v1,False
620,1.2665566205978394,0.1,2,sched_step,Step decay,schedule,2026,v1,False
640,1.2090785503387451,0.1,2,sched_step,Step decay,schedule,2026,v1,False
660,1.2399908304214478,0.1,2,sched_step,Step decay,schedule,2026,v1,False
680,0.9362680912017822,0.1,2,sched_step,Step decay,schedule,2026,v1,False
700,1.218311071395874,0.1,2,sched_step,Step decay,schedule,2026,v1,False
720,1.0301300287246704,0.1,3,sched_step,Step decay,schedule,2026,v1,False
740,1.0358541011810303,0.1,3,sched_step,Step decay,schedule,2026,v1,False
760,1.2453114986419678,0.1,3,sched_step,Step decay,schedule,2026,v1,False
780,1.1730496883392334,0.1,3,sched_step,Step decay,schedule,2026,v1,False
800,1.1299941539764404,0.1,3,sched_step,Step decay,schedule,2026,v1,False
820,1.2330955266952515,0.1,3,sched_step,Step decay,schedule,2026,v1,False
840,1.2345329523086548,0.1,3,sched_step,Step decay,schedule,2026,v1,False
860,1.0683815479278564,0.1,3,sched_step,Step decay,schedule,2026,v1,False
880,1.0658475160598755,0.1,3,sched_step,Step decay,schedule,2026,v1,False
900,1.1894025802612305,0.1,3,sched_step,Step decay,schedule,2026,v1,False
920,0.9707849621772766,0.1,3,sched_step,Step decay,schedule,2026,v1,False
940,0.9950946569442749,0.1,3,sched_step,Step decay,schedule,2026,v1,False
960,0.9908791780471802,0.1,3,sched_step,Step decay,schedule,2026,v1,False
980,1.1275347471237183,0.1,3,sched_step,Step decay,schedule,2026,v1,False
1000,0.9616832733154297,0.1,3,sched_step,Step decay,schedule,2026,v1,False
1020,1.023345947265625,0.1,3,sched_step,Step decay,schedule,2026,v1,False
1040,0.7781485319137573,0.1,3,sched_step,Step decay,schedule,2026,v1,False
1060,0.6870071887969971,0.1,4,sched_step,Step decay,schedule,2026,v1,False
1080,0.7040048241615295,0.1,4,sched_step,Step decay,schedule,2026,v1,False
1100,0.9933693408966064,0.1,4,sched_step,Step decay,schedule,2026,v1,False
1120,0.8834724426269531,0.1,4,sched_step,Step decay,schedule,2026,v1,False
1140,0.7920501828193665,0.1,4,sched_step,Step decay,schedule,2026,v1,False
1160,0.8030630946159363,0.1,4,sched_step,Step decay,schedule,2026,v1,False
1180,0.9524301290512085,0.1,4,sched_step,Step decay,schedule,2026,v1,False
1200,0.8928521871566772,0.1,4,sched_step,Step decay,schedule,2026,v1,False
1220,1.06832754611969,0.1,4,sched_step,Step decay,schedule,2026,v1,False
1240,1.0424354076385498,0.1,4,sched_step,Step decay,schedule,2026,v1,False
1260,0.8993397355079651,0.1,4,sched_step,Step decay,schedule,2026,v1,False
1280,0.7380936145782471,0.1,4,sched_step,Step decay,schedule,2026,v1,False
1300,0.769477903842926,0.1,4,sched_step,Step decay,schedule,2026,v1,False
1320,0.7920503616333008,0.1,4,sched_step,Step decay,schedule,2026,v1,False
1340,0.839257001876831,0.1,4,sched_step,Step decay,schedule,2026,v1,False
1360,0.959565281867981,0.1,4,sched_step,Step decay,schedule,2026,v1,False
1380,0.6331700086593628,0.1,4,sched_step,Step decay,schedule,2026,v1,False
1400,0.9329535961151123,0.1,4,sched_step,Step decay,schedule,2026,v1,False
1420,0.674923837184906,0.1,5,sched_step,Step decay,schedule,2026,v1,False
1440,0.6750303506851196,0.1,5,sched_step,Step decay,schedule,2026,v1,False
1460,0.5746046900749207,0.1,5,sched_step,Step decay,schedule,2026,v1,False
1480,0.6547954082489014,0.1,5,sched_step,Step decay,schedule,2026,v1,False
1500,0.6288636326789856,0.1,5,sched_step,Step decay,schedule,2026,v1,False
1520,0.6201884746551514,0.1,5,sched_step,Step decay,schedule,2026,v1,False
1540,0.5799574255943298,0.1,5,sched_step,Step decay,schedule,2026,v1,False
1560,0.7825816869735718,0.1,5,sched_step,Step decay,schedule,2026,v1,False
1580,0.5137527585029602,0.1,5,sched_step,Step decay,schedule,2026,v1,False
1600,0.5255050659179688,0.1,5,sched_step,Step decay,schedule,2026,v1,False
1620,0.5923349857330322,0.1,5,sched_step,Step decay,schedule,2026,v1,False
1640,0.6686320304870605,0.1,5,sched_step,Step decay,schedule,2026,v1,False
1660,0.5754148960113525,0.1,5,sched_step,Step decay,schedule,2026,v1,False
1680,0.6707209348678589,0.1,5,sched_step,Step decay,schedule,2026,v1,False
1700,0.6738286018371582,0.1,5,sched_step,Step decay,schedule,2026,v1,False
1720,0.6772668361663818,0.1,5,sched_step,Step decay,schedule,2026,v1,False
1740,0.7384698390960693,0.1,5,sched_step,Step decay,schedule,2026,v1,False
1760,0.6141579151153564,0.1,6,sched_step,Step decay,schedule,2026,v1,False
1780,0.5144721269607544,0.1,6,sched_step,Step decay,schedule,2026,v1,False
1800,0.5373843312263489,0.1,6,sched_step,Step decay,schedule,2026,v1,False
1820,0.473074734210968,0.1,6,sched_step,Step decay,schedule,2026,v1,False
1840,0.5087365508079529,0.1,6,sched_step,Step decay,schedule,2026,v1,False
1860,0.5708458423614502,0.1,6,sched_step,Step decay,schedule,2026,v1,False
1880,0.6033084392547607,0.1,6,sched_step,Step decay,schedule,2026,v1,False
1900,0.5496370792388916,0.1,6,sched_step,Step decay,schedule,2026,v1,False
1920,0.45328325033187866,0.1,6,sched_step,Step decay,schedule,2026,v1,False
1940,0.6028923392295837,0.1,6,sched_step,Step decay,schedule,2026,v1,False
1960,0.6707693338394165,0.1,6,sched_step,Step decay,schedule,2026,v1,False
1980,0.4941735863685608,0.1,6,sched_step,Step decay,schedule,2026,v1,False
2000,0.5417068004608154,0.1,6,sched_step,Step decay,schedule,2026,v1,False
2020,0.4561880826950073,0.1,6,sched_step,Step decay,schedule,2026,v1,False
2040,0.46007978916168213,0.1,6,sched_step,Step decay,schedule,2026,v1,False
2060,0.5108858942985535,0.1,6,sched_step,Step decay,schedule,2026,v1,False
2080,0.5236426591873169,0.1,6,sched_step,Step decay,schedule,2026,v1,False
2100,0.46587589383125305,0.1,6,sched_step,Step decay,schedule,2026,v1,False
2120,0.5036982297897339,0.1,7,sched_step,Step decay,schedule,2026,v1,False
2140,0.4819287657737732,0.1,7,sched_step,Step decay,schedule,2026,v1,False
2160,0.3771668076515198,0.1,7,sched_step,Step decay,schedule,2026,v1,False
2180,0.46810364723205566,0.1,7,sched_step,Step decay,schedule,2026,v1,False
2200,0.40207692980766296,0.1,7,sched_step,Step decay,schedule,2026,v1,False
2220,0.5311307907104492,0.1,7,sched_step,Step decay,schedule,2026,v1,False
2240,0.6161630749702454,0.1,7,sched_step,Step decay,schedule,2026,v1,False
2260,0.43550097942352295,0.1,7,sched_step,Step decay,schedule,2026,v1,False
2280,0.3012886941432953,0.1,7,sched_step,Step decay,schedule,2026,v1,False
2300,0.4975440502166748,0.1,7,sched_step,Step decay,schedule,2026,v1,False
2320,0.5073537826538086,0.1,7,sched_step,Step decay,schedule,2026,v1,False
2340,0.4581802785396576,0.1,7,sched_step,Step decay,schedule,2026,v1,False
2360,0.48582902550697327,0.1,7,sched_step,Step decay,schedule,2026,v1,False
2380,0.41973936557769775,0.1,7,sched_step,Step decay,schedule,2026,v1,False
2400,0.4380570948123932,0.1,7,sched_step,Step decay,schedule,2026,v1,False
2420,0.4468274712562561,0.1,7,sched_step,Step decay,schedule,2026,v1,False
2440,0.6733958721160889,0.1,7,sched_step,Step decay,schedule,2026,v1,False
2460,0.47234857082366943,0.1,7,sched_step,Step decay,schedule,2026,v1,False
2480,0.26501619815826416,0.010000000000000002,8,sched_step,Step decay,schedule,2026,v1,False
2500,0.30130815505981445,0.010000000000000002,8,sched_step,Step decay,schedule,2026,v1,False
2520,0.21406851708889008,0.010000000000000002,8,sched_step,Step decay,schedule,2026,v1,False
2540,0.21509720385074615,0.010000000000000002,8,sched_step,Step decay,schedule,2026,v1,False
2560,0.20197324454784393,0.010000000000000002,8,sched_step,Step decay,schedule,2026,v1,False
2580,0.18480172753334045,0.010000000000000002,8,sched_step,Step decay,schedule,2026,v1,False
2600,0.20772793889045715,0.010000000000000002,8,sched_step,Step decay,schedule,2026,v1,False
2620,0.22931228578090668,0.010000000000000002,8,sched_step,Step decay,schedule,2026,v1,False
2640,0.13936468958854675,0.010000000000000002,8,sched_step,Step decay,schedule,2026,v1,False
2660,0.20125532150268555,0.010000000000000002,8,sched_step,Step decay,schedule,2026,v1,False
2680,0.12608112394809723,0.010000000000000002,8,sched_step,Step decay,schedule,2026,v1,False
2700,0.17633667588233948,0.010000000000000002,8,sched_step,Step decay,schedule,2026,v1,False
2720,0.240366131067276,0.010000000000000002,8,sched_step,Step decay,schedule,2026,v1,False
2740,0.15895976126194,0.010000000000000002,8,sched_step,Step decay,schedule,2026,v1,False
2760,0.2154889553785324,0.010000000000000002,8,sched_step,Step decay,schedule,2026,v1,False
2780,0.26187875866889954,0.010000000000000002,8,sched_step,Step decay,schedule,2026,v1,False
2800,0.1371210217475891,0.010000000000000002,8,sched_step,Step decay,schedule,2026,v1,False
2820,0.18518677353858948,0.010000000000000002,9,sched_step,Step decay,schedule,2026,v1,False
2840,0.08666372299194336,0.010000000000000002,9,sched_step,Step decay,schedule,2026,v1,False
2860,0.0946134626865387,0.010000000000000002,9,sched_step,Step decay,schedule,2026,v1,False
2880,0.1080872118473053,0.010000000000000002,9,sched_step,Step decay,schedule,2026,v1,False
2900,0.1025758758187294,0.010000000000000002,9,sched_step,Step decay,schedule,2026,v1,False
2920,0.09644429385662079,0.010000000000000002,9,sched_step,Step decay,schedule,2026,v1,False
2940,0.08602750301361084,0.010000000000000002,9,sched_step,Step decay,schedule,2026,v1,False
2960,0.13037511706352234,0.010000000000000002,9,sched_step,Step decay,schedule,2026,v1,False
2980,0.06283074617385864,0.010000000000000002,9,sched_step,Step decay,schedule,2026,v1,False
3000,0.10993321985006332,0.010000000000000002,9,sched_step,Step decay,schedule,2026,v1,False
3020,0.13731788098812103,0.010000000000000002,9,sched_step,Step decay,schedule,2026,v1,False
3040,0.12146037817001343,0.010000000000000002,9,sched_step,Step decay,schedule,2026,v1,False
3060,0.11932793259620667,0.010000000000000002,9,sched_step,Step decay,schedule,2026,v1,False
3080,0.10383164882659912,0.010000000000000002,9,sched_step,Step decay,schedule,2026,v1,False
3100,0.14049699902534485,0.010000000000000002,9,sched_step,Step decay,schedule,2026,v1,False
3120,0.21707528829574585,0.010000000000000002,9,sched_step,Step decay,schedule,2026,v1,False
3140,0.06887318193912506,0.010000000000000002,9,sched_step,Step decay,schedule,2026,v1,False
3160,0.12838101387023926,0.010000000000000002,9,sched_step,Step decay,schedule,2026,v1,False
3180,0.04211421310901642,0.010000000000000002,10,sched_step,Step decay,schedule,2026,v1,False
3200,0.07051118463277817,0.010000000000000002,10,sched_step,Step decay,schedule,2026,v1,False
3220,0.06922237575054169,0.010000000000000002,10,sched_step,Step decay,schedule,2026,v1,False
3240,0.04515288770198822,0.010000000000000002,10,sched_step,Step decay,schedule,2026,v1,False
3260,0.11309460550546646,0.010000000000000002,10,sched_step,Step decay,schedule,2026,v1,False
3280,0.0479719340801239,0.010000000000000002,10,sched_step,Step decay,schedule,2026,v1,False
3300,0.04423991218209267,0.010000000000000002,10,sched_step,Step decay,schedule,2026,v1,False
3320,0.064938023686409,0.010000000000000002,10,sched_step,Step decay,schedule,2026,v1,False
3340,0.05510745942592621,0.010000000000000002,10,sched_step,Step decay,schedule,2026,v1,False
3360,0.048009611666202545,0.010000000000000002,10,sched_step,Step decay,schedule,2026,v1,False
3380,0.07448239624500275,0.010000000000000002,10,sched_step,Step decay,schedule,2026,v1,False
3400,0.052070505917072296,0.010000000000000002,10,sched_step,Step decay,schedule,2026,v1,False
3420,0.07015360891819,0.010000000000000002,10,sched_step,Step decay,schedule,2026,v1,False
3440,0.03932277113199234,0.010000000000000002,10,sched_step,Step decay,schedule,2026,v1,False
3460,0.08294226229190826,0.010000000000000002,10,sched_step,Step decay,schedule,2026,v1,False
3480,0.11262814700603485,0.010000000000000002,10,sched_step,Step decay,schedule,2026,v1,False
3500,0.045727066695690155,0.010000000000000002,10,sched_step,Step decay,schedule,2026,v1,False
3520,0.04770079627633095,0.010000000000000002,11,sched_step,Step decay,schedule,2026,v1,False
3540,0.029852597042918205,0.010000000000000002,11,sched_step,Step decay,schedule,2026,v1,False
3560,0.037407588213682175,0.010000000000000002,11,sched_step,Step decay,schedule,2026,v1,False
3580,0.05152272805571556,0.010000000000000002,11,sched_step,Step decay,schedule,2026,v1,False
3600,0.018873091787099838,0.010000000000000002,11,sched_step,Step decay,schedule,2026,v1,False
3620,0.026317400857806206,0.010000000000000002,11,sched_step,Step decay,schedule,2026,v1,False
3640,0.03357647731900215,0.010000000000000002,11,sched_step,Step decay,schedule,2026,v1,False
3660,0.02758302167057991,0.010000000000000002,11,sched_step,Step decay,schedule,2026,v1,False
3680,0.04417818412184715,0.010000000000000002,11,sched_step,Step decay,schedule,2026,v1,False
3700,0.0733250081539154,0.010000000000000002,11,sched_step,Step decay,schedule,2026,v1,False
3720,0.017939113080501556,0.010000000000000002,11,sched_step,Step decay,schedule,2026,v1,False
3740,0.0591297410428524,0.010000000000000002,11,sched_step,Step decay,schedule,2026,v1,False
3760,0.01329969521611929,0.010000000000000002,11,sched_step,Step decay,schedule,2026,v1,False
3780,0.02102777734398842,0.010000000000000002,11,sched_step,Step decay,schedule,2026,v1,False
3800,0.01913563534617424,0.010000000000000002,11,sched_step,Step decay,schedule,2026,v1,False
3820,0.04028460383415222,0.010000000000000002,11,sched_step,Step decay,schedule,2026,v1,False
3840,0.028800517320632935,0.010000000000000002,11,sched_step,Step decay,schedule,2026,v1,False
3860,0.03039691038429737,0.010000000000000002,11,sched_step,Step decay,schedule,2026,v1,False
3880,0.018549606204032898,0.010000000000000002,12,sched_step,Step decay,schedule,2026,v1,False
3900,0.022512463852763176,0.010000000000000002,12,sched_step,Step decay,schedule,2026,v1,False
3920,0.026188790798187256,0.010000000000000002,12,sched_step,Step decay,schedule,2026,v1,False
3940,0.023188516497612,0.010000000000000002,12,sched_step,Step decay,schedule,2026,v1,False
3960,0.009878704324364662,0.010000000000000002,12,sched_step,Step decay,schedule,2026,v1,False
3980,0.015848184004426003,0.010000000000000002,12,sched_step,Step decay,schedule,2026,v1,False
4000,0.016507431864738464,0.010000000000000002,12,sched_step,Step decay,schedule,2026,v1,False
4020,0.015111276879906654,0.010000000000000002,12,sched_step,Step decay,schedule,2026,v1,False
4040,0.014247691258788109,0.010000000000000002,12,sched_step,Step decay,schedule,2026,v1,False
4060,0.007143330294638872,0.010000000000000002,12,sched_step,Step decay,schedule,2026,v1,False
4080,0.0264175646007061,0.010000000000000002,12,sched_step,Step decay,schedule,2026,v1,False
4100,0.017275366932153702,0.010000000000000002,12,sched_step,Step decay,schedule,2026,v1,False
4120,0.012094720266759396,0.010000000000000002,12,sched_step,Step decay,schedule,2026,v1,False
4140,0.013234654441475868,0.010000000000000002,12,sched_step,Step decay,schedule,2026,v1,False
4160,0.02933482453227043,0.010000000000000002,12,sched_step,Step decay,schedule,2026,v1,False
4180,0.019705062732100487,0.010000000000000002,12,sched_step,Step decay,schedule,2026,v1,False
4200,0.016242146492004395,0.010000000000000002,12,sched_step,Step decay,schedule,2026,v1,False
4220,0.008744221180677414,0.010000000000000002,12,sched_step,Step decay,schedule,2026,v1,False
4240,0.007935591042041779,0.010000000000000002,13,sched_step,Step decay,schedule,2026,v1,False
4260,0.010353930294513702,0.010000000000000002,13,sched_step,Step decay,schedule,2026,v1,False
4280,0.007962647825479507,0.010000000000000002,13,sched_step,Step decay,schedule,2026,v1,False
4300,0.010357551276683807,0.010000000000000002,13,sched_step,Step decay,schedule,2026,v1,False
4320,0.007106168195605278,0.010000000000000002,13,sched_step,Step decay,schedule,2026,v1,False
4340,0.007040709722787142,0.010000000000000002,13,sched_step,Step decay,schedule,2026,v1,False
4360,0.010846568271517754,0.010000000000000002,13,sched_step,Step decay,schedule,2026,v1,False
4380,0.018132278695702553,0.010000000000000002,13,sched_step,Step decay,schedule,2026,v1,False
4400,0.010816926136612892,0.010000000000000002,13,sched_step,Step decay,schedule,2026,v1,False
4420,0.011270835995674133,0.010000000000000002,13,sched_step,Step decay,schedule,2026,v1,False
4440,0.005584367085248232,0.010000000000000002,13,sched_step,Step decay,schedule,2026,v1,False
4460,0.029636485502123833,0.010000000000000002,13,sched_step,Step decay,schedule,2026,v1,False
4480,0.004528168588876724,0.010000000000000002,13,sched_step,Step decay,schedule,2026,v1,False
4500,0.009445266798138618,0.010000000000000002,13,sched_step,Step decay,schedule,2026,v1,False
4520,0.015161966904997826,0.010000000000000002,13,sched_step,Step decay,schedule,2026,v1,False
4540,0.008399498648941517,0.010000000000000002,13,sched_step,Step decay,schedule,2026,v1,False
4560,0.007794499397277832,0.010000000000000002,13,sched_step,Step decay,schedule,2026,v1,False
4580,0.005231133662164211,0.010000000000000002,14,sched_step,Step decay,schedule,2026,v1,False
4600,0.0031030368991196156,0.010000000000000002,14,sched_step,Step decay,schedule,2026,v1,False
4620,0.00432411627843976,0.010000000000000002,14,sched_step,Step decay,schedule,2026,v1,False
4640,0.0037806618493050337,0.010000000000000002,14,sched_step,Step decay,schedule,2026,v1,False
4660,0.008209405466914177,0.010000000000000002,14,sched_step,Step decay,schedule,2026,v1,False
4680,0.0039259446784853935,0.010000000000000002,14,sched_step,Step decay,schedule,2026,v1,False
4700,0.002622659783810377,0.010000000000000002,14,sched_step,Step decay,schedule,2026,v1,False
4720,0.006482971832156181,0.010000000000000002,14,sched_step,Step decay,schedule,2026,v1,False
4740,0.006335167214274406,0.010000000000000002,14,sched_step,Step decay,schedule,2026,v1,False
4760,0.0052788034081459045,0.010000000000000002,14,sched_step,Step decay,schedule,2026,v1,False
4780,0.0025003342889249325,0.010000000000000002,14,sched_step,Step decay,schedule,2026,v1,False
4800,0.005327542312443256,0.010000000000000002,14,sched_step,Step decay,schedule,2026,v1,False
4820,0.00590205192565918,0.010000000000000002,14,sched_step,Step decay,schedule,2026,v1,False
4840,0.005297592841088772,0.010000000000000002,14,sched_step,Step decay,schedule,2026,v1,False
4860,0.005017526913434267,0.010000000000000002,14,sched_step,Step decay,schedule,2026,v1,False
4880,0.008026355877518654,0.010000000000000002,14,sched_step,Step decay,schedule,2026,v1,False
4900,0.0032047200947999954,0.010000000000000002,14,sched_step,Step decay,schedule,2026,v1,False
4920,0.00703414948657155,0.010000000000000002,14,sched_step,Step decay,schedule,2026,v1,False
4940,0.0036703653167933226,0.0010000000000000002,15,sched_step,Step decay,schedule,2026,v1,False
4960,0.005847652442753315,0.0010000000000000002,15,sched_step,Step decay,schedule,2026,v1,False
4980,0.002111927606165409,0.0010000000000000002,15,sched_step,Step decay,schedule,2026,v1,False
5000,0.0035099678207188845,0.0010000000000000002,15,sched_step,Step decay,schedule,2026,v1,False
5020,0.003420565975829959,0.0010000000000000002,15,sched_step,Step decay,schedule,2026,v1,False
5040,0.008941137231886387,0.0010000000000000002,15,sched_step,Step decay,schedule,2026,v1,False
5060,0.0023382180370390415,0.0010000000000000002,15,sched_step,Step decay,schedule,2026,v1,False
5080,0.009123053401708603,0.0010000000000000002,15,sched_step,Step decay,schedule,2026,v1,False
5100,0.005388638004660606,0.0010000000000000002,15,sched_step,Step decay,schedule,2026,v1,False
5120,0.0031039786990731955,0.0010000000000000002,15,sched_step,Step decay,schedule,2026,v1,False
5140,0.00289345090277493,0.0010000000000000002,15,sched_step,Step decay,schedule,2026,v1,False
5160,0.004447604529559612,0.0010000000000000002,15,sched_step,Step decay,schedule,2026,v1,False
5180,0.004169939085841179,0.0010000000000000002,15,sched_step,Step decay,schedule,2026,v1,False
5200,0.005083644296973944,0.0010000000000000002,15,sched_step,Step decay,schedule,2026,v1,False
5220,0.0036696307361125946,0.0010000000000000002,15,sched_step,Step decay,schedule,2026,v1,False
5240,0.00517807062715292,0.0010000000000000002,15,sched_step,Step decay,schedule,2026,v1,False
5260,0.004451502114534378,0.0010000000000000002,15,sched_step,Step decay,schedule,2026,v1,False
5280,0.0025029960088431835,0.0010000000000000002,16,sched_step,Step decay,schedule,2026,v1,False
5300,0.0026097577065229416,0.0010000000000000002,16,sched_step,Step decay,schedule,2026,v1,False
5320,0.002248127479106188,0.0010000000000000002,16,sched_step,Step decay,schedule,2026,v1,False
5340,0.0032241526059806347,0.0010000000000000002,16,sched_step,Step decay,schedule,2026,v1,False
5360,0.025937773287296295,0.0010000000000000002,16,sched_step,Step decay,schedule,2026,v1,False
5380,0.0018377890810370445,0.0010000000000000002,16,sched_step,Step decay,schedule,2026,v1,False
5400,0.0025844613555818796,0.0010000000000000002,16,sched_step,Step decay,schedule,2026,v1,False
5420,0.006055410485714674,0.0010000000000000002,16,sched_step,Step decay,schedule,2026,v1,False
5440,0.005224893800914288,0.0010000000000000002,16,sched_step,Step decay,schedule,2026,v1,False
5460,0.004271400161087513,0.0010000000000000002,16,sched_step,Step decay,schedule,2026,v1,False
5480,0.0024425482843071222,0.0010000000000000002,16,sched_step,Step decay,schedule,2026,v1,False
5500,0.003255347954109311,0.0010000000000000002,16,sched_step,Step decay,schedule,2026,v1,False
5520,0.005254427436739206,0.0010000000000000002,16,sched_step,Step decay,schedule,2026,v1,False
5540,0.001832349575124681,0.0010000000000000002,16,sched_step,Step decay,schedule,2026,v1,False
5560,0.0047063385136425495,0.0010000000000000002,16,sched_step,Step decay,schedule,2026,v1,False
5580,0.0021907733753323555,0.0010000000000000002,16,sched_step,Step decay,schedule,2026,v1,False
5600,0.005187344271689653,0.0010000000000000002,16,sched_step,Step decay,schedule,2026,v1,False
5620,0.00235116109251976,0.0010000000000000002,16,sched_step,Step decay,schedule,2026,v1,False
5640,0.0027130073867738247,0.0010000000000000002,17,sched_step,Step decay,schedule,2026,v1,False
5660,0.002511328086256981,0.0010000000000000002,17,sched_step,Step decay,schedule,2026,v1,False
5680,0.0026032612659037113,0.0010000000000000002,17,sched_step,Step decay,schedule,2026,v1,False
5700,0.0034764499869197607,0.0010000000000000002,17,sched_step,Step decay,schedule,2026,v1,False
5720,0.002864167094230652,0.0010000000000000002,17,sched_step,Step decay,schedule,2026,v1,False
5740,0.0015904972096905112,0.0010000000000000002,17,sched_step,Step decay,schedule,2026,v1,False
5760,0.0027285031974315643,0.0010000000000000002,17,sched_step,Step decay,schedule,2026,v1,False
5780,0.004163832403719425,0.0010000000000000002,17,sched_step,Step decay,schedule,2026,v1,False
5800,0.003405091119930148,0.0010000000000000002,17,sched_step,Step decay,schedule,2026,v1,False
5820,0.006139381788671017,0.0010000000000000002,17,sched_step,Step decay,schedule,2026,v1,False
5840,0.005124950315803289,0.0010000000000000002,17,sched_step,Step decay,schedule,2026,v1,False
5860,0.00860622525215149,0.0010000000000000002,17,sched_step,Step decay,schedule,2026,v1,False
5880,0.0019959474448114634,0.0010000000000000002,17,sched_step,Step decay,schedule,2026,v1,False
5900,0.003670702688395977,0.0010000000000000002,17,sched_step,Step decay,schedule,2026,v1,False
5920,0.001739809405989945,0.0010000000000000002,17,sched_step,Step decay,schedule,2026,v1,False
5940,0.0015986999496817589,0.0010000000000000002,17,sched_step,Step decay,schedule,2026,v1,False
5960,0.0040180496871471405,0.0010000000000000002,17,sched_step,Step decay,schedule,2026,v1,False
5980,0.0029169279150664806,0.0010000000000000002,17,sched_step,Step decay,schedule,2026,v1,False
6000,0.0015477573033422232,0.0010000000000000002,18,sched_step,Step decay,schedule,2026,v1,False
6020,0.004088968969881535,0.0010000000000000002,18,sched_step,Step decay,schedule,2026,v1,False
6040,0.004818562418222427,0.0010000000000000002,18,sched_step,Step decay,schedule,2026,v1,False
6060,0.002758844755589962,0.0010000000000000002,18,sched_step,Step decay,schedule,2026,v1,False
6080,0.0014693549601361156,0.0010000000000000002,18,sched_step,Step decay,schedule,2026,v1,False
6100,0.002913273870944977,0.0010000000000000002,18,sched_step,Step decay,schedule,2026,v1,False
6120,0.0030754238832741976,0.0010000000000000002,18,sched_step,Step decay,schedule,2026,v1,False
6140,0.0028511052951216698,0.0010000000000000002,18,sched_step,Step decay,schedule,2026,v1,False
6160,0.004367736633867025,0.0010000000000000002,18,sched_step,Step decay,schedule,2026,v1,False
6180,0.003977976273745298,0.0010000000000000002,18,sched_step,Step decay,schedule,2026,v1,False
6200,0.0017202808521687984,0.0010000000000000002,18,sched_step,Step decay,schedule,2026,v1,False
6220,0.0016696960665285587,0.0010000000000000002,18,sched_step,Step decay,schedule,2026,v1,False
6240,0.0023861990775913,0.0010000000000000002,18,sched_step,Step decay,schedule,2026,v1,False
6260,0.00296642049215734,0.0010000000000000002,18,sched_step,Step decay,schedule,2026,v1,False
6280,0.0031244177371263504,0.0010000000000000002,18,sched_step,Step decay,schedule,2026,v1,False
6300,0.0027551460079848766,0.0010000000000000002,18,sched_step,Step decay,schedule,2026,v1,False
6320,0.003528643399477005,0.0010000000000000002,18,sched_step,Step decay,schedule,2026,v1,False
6340,0.0029476615600287914,0.0010000000000000002,19,sched_step,Step decay,schedule,2026,v1,False
6360,0.0038593776989728212,0.0010000000000000002,19,sched_step,Step decay,schedule,2026,v1,False
6380,0.0021048507187515497,0.0010000000000000002,19,sched_step,Step decay,schedule,2026,v1,False
6400,0.0017538212705403566,0.0010000000000000002,19,sched_step,Step decay,schedule,2026,v1,False
6420,0.0018233283190056682,0.0010000000000000002,19,sched_step,Step decay,schedule,2026,v1,False
6440,0.0020775897428393364,0.0010000000000000002,19,sched_step,Step decay,schedule,2026,v1,False
6460,0.0035331659018993378,0.0010000000000000002,19,sched_step,Step decay,schedule,2026,v1,False
6480,0.0018827777821570635,0.0010000000000000002,19,sched_step,Step decay,schedule,2026,v1,False
6500,0.0016602023970335722,0.0010000000000000002,19,sched_step,Step decay,schedule,2026,v1,False
6520,0.0030211061239242554,0.0010000000000000002,19,sched_step,Step decay,schedule,2026,v1,False
6540,0.00323364301584661,0.0010000000000000002,19,sched_step,Step decay,schedule,2026,v1,False
6560,0.0015675872564315796,0.0010000000000000002,19,sched_step,Step decay,schedule,2026,v1,False
6580,0.0045818788930773735,0.0010000000000000002,19,sched_step,Step decay,schedule,2026,v1,False
6600,0.0025928134564310312,0.0010000000000000002,19,sched_step,Step decay,schedule,2026,v1,False
6620,0.0031735561788082123,0.0010000000000000002,19,sched_step,Step decay,schedule,2026,v1,False
6640,0.005859569180756807,0.0010000000000000002,19,sched_step,Step decay,schedule,2026,v1,False
6660,0.002583709778264165,0.0010000000000000002,19,sched_step,Step decay,schedule,2026,v1,False
6680,0.0034224912524223328,0.0010000000000000002,19,sched_step,Step decay,schedule,2026,v1,False
6700,0.002086431020870805,0.0010000000000000002,20,sched_step,Step decay,schedule,2026,v1,False
6720,0.0014597093686461449,0.0010000000000000002,20,sched_step,Step decay,schedule,2026,v1,False
6740,0.008225326426327229,0.0010000000000000002,20,sched_step,Step decay,schedule,2026,v1,False
6760,0.001404142240062356,0.0010000000000000002,20,sched_step,Step decay,schedule,2026,v1,False
6780,0.001882539363577962,0.0010000000000000002,20,sched_step,Step decay,schedule,2026,v1,False
6800,0.004476981237530708,0.0010000000000000002,20,sched_step,Step decay,schedule,2026,v1,False
6820,0.0015898242127150297,0.0010000000000000002,20,sched_step,Step decay,schedule,2026,v1,False
6840,0.002485922072082758,0.0010000000000000002,20,sched_step,Step decay,schedule,2026,v1,False
6860,0.0019119508797302842,0.0010000000000000002,20,sched_step,Step decay,schedule,2026,v1,False
6880,0.0026494930498301983,0.0010000000000000002,20,sched_step,Step decay,schedule,2026,v1,False
6900,0.00421270914375782,0.0010000000000000002,20,sched_step,Step decay,schedule,2026,v1,False
6920,0.0030698957853019238,0.0010000000000000002,20,sched_step,Step decay,schedule,2026,v1,False
6940,0.002510209335014224,0.0010000000000000002,20,sched_step,Step decay,schedule,2026,v1,False
6960,0.005717949941754341,0.0010000000000000002,20,sched_step,Step decay,schedule,2026,v1,False
6980,0.008763937279582024,0.0010000000000000002,20,sched_step,Step decay,schedule,2026,v1,False
7000,0.003246537409722805,0.0010000000000000002,20,sched_step,Step decay,schedule,2026,v1,False
7020,0.0023122932761907578,0.0010000000000000002,20,sched_step,Step decay,schedule,2026,v1,False
0,2.5689821243286133,0.05,1,sched_step_warm,Step decay + warm-up,schedule,42,v1,False
20,3.966407060623169,0.05,1,sched_step_warm,Step decay + warm-up,schedule,42,v1,False
40,2.170210599899292,0.05,1,sched_step_warm,Step decay + warm-up,schedule,42,v1,False
60,1.7813026905059814,0.05,1,sched_step_warm,Step decay + warm-up,schedule,42,v1,False
80,1.794259786605835,0.05,1,sched_step_warm,Step decay + warm-up,schedule,42,v1,False
100,1.6880791187286377,0.05,1,sched_step_warm,Step decay + warm-up,schedule,42,v1,False
120,1.5996828079223633,0.05,1,sched_step_warm,Step decay + warm-up,schedule,42,v1,False
140,1.5586808919906616,0.05,1,sched_step_warm,Step decay + warm-up,schedule,42,v1,False
160,1.6293972730636597,0.05,1,sched_step_warm,Step decay + warm-up,schedule,42,v1,False
180,1.5323145389556885,0.05,1,sched_step_warm,Step decay + warm-up,schedule,42,v1,False
200,1.6019935607910156,0.05,1,sched_step_warm,Step decay + warm-up,schedule,42,v1,False
220,1.31980562210083,0.05,1,sched_step_warm,Step decay + warm-up,schedule,42,v1,False
240,1.6097519397735596,0.05,1,sched_step_warm,Step decay + warm-up,schedule,42,v1,False
260,1.3845295906066895,0.05,1,sched_step_warm,Step decay + warm-up,schedule,42,v1,False
280,1.3147804737091064,0.05,1,sched_step_warm,Step decay + warm-up,schedule,42,v1,False
300,1.2605968713760376,0.05,1,sched_step_warm,Step decay + warm-up,schedule,42,v1,False
320,1.4166009426116943,0.05,1,sched_step_warm,Step decay + warm-up,schedule,42,v1,False
340,1.2255797386169434,0.05,1,sched_step_warm,Step decay + warm-up,schedule,42,v1,False
360,1.2983475923538208,0.1,2,sched_step_warm,Step decay + warm-up,schedule,42,v1,False
380,1.6300777196884155,0.1,2,sched_step_warm,Step decay + warm-up,schedule,42,v1,False
400,1.3426792621612549,0.1,2,sched_step_warm,Step decay + warm-up,schedule,42,v1,False
420,1.294431209564209,0.1,2,sched_step_warm,Step decay + warm-up,schedule,42,v1,False
440,1.1672508716583252,0.1,2,sched_step_warm,Step decay + warm-up,schedule,42,v1,False
460,1.3969874382019043,0.1,2,sched_step_warm,Step decay + warm-up,schedule,42,v1,False
480,1.3609116077423096,0.1,2,sched_step_warm,Step decay + warm-up,schedule,42,v1,False
500,1.0814294815063477,0.1,2,sched_step_warm,Step decay + warm-up,schedule,42,v1,False
520,0.9617689847946167,0.1,2,sched_step_warm,Step decay + warm-up,schedule,42,v1,False
540,1.0841727256774902,0.1,2,sched_step_warm,Step decay + warm-up,schedule,42,v1,False
560,1.168529987335205,0.1,2,sched_step_warm,Step decay + warm-up,schedule,42,v1,False
580,1.0730093717575073,0.1,2,sched_step_warm,Step decay + warm-up,schedule,42,v1,False
600,1.10543954372406,0.1,2,sched_step_warm,Step decay + warm-up,schedule,42,v1,False
620,1.0083435773849487,0.1,2,sched_step_warm,Step decay + warm-up,schedule,42,v1,False
640,1.0541574954986572,0.1,2,sched_step_warm,Step decay + warm-up,schedule,42,v1,False
660,0.7910283207893372,0.1,2,sched_step_warm,Step decay + warm-up,schedule,42,v1,False
680,1.0251551866531372,0.1,2,sched_step_warm,Step decay + warm-up,schedule,42,v1,False
700,0.8888291120529175,0.1,2,sched_step_warm,Step decay + warm-up,schedule,42,v1,False
720,0.7407667636871338,0.1,3,sched_step_warm,Step decay + warm-up,schedule,42,v1,False
740,0.7484244108200073,0.1,3,sched_step_warm,Step decay + warm-up,schedule,42,v1,False
760,1.0514299869537354,0.1,3,sched_step_warm,Step decay + warm-up,schedule,42,v1,False
780,0.9339579343795776,0.1,3,sched_step_warm,Step decay + warm-up,schedule,42,v1,False
800,0.9041482210159302,0.1,3,sched_step_warm,Step decay + warm-up,schedule,42,v1,False
820,0.8127169609069824,0.1,3,sched_step_warm,Step decay + warm-up,schedule,42,v1,False
840,0.8975592255592346,0.1,3,sched_step_warm,Step decay + warm-up,schedule,42,v1,False
860,0.6885427832603455,0.1,3,sched_step_warm,Step decay + warm-up,schedule,42,v1,False
880,0.9904323816299438,0.1,3,sched_step_warm,Step decay + warm-up,schedule,42,v1,False
900,0.9387401342391968,0.1,3,sched_step_warm,Step decay + warm-up,schedule,42,v1,False
920,0.708511233329773,0.1,3,sched_step_warm,Step decay + warm-up,schedule,42,v1,False
940,0.843923807144165,0.1,3,sched_step_warm,Step decay + warm-up,schedule,42,v1,False
960,0.81830233335495,0.1,3,sched_step_warm,Step decay + warm-up,schedule,42,v1,False
980,0.6087753772735596,0.1,3,sched_step_warm,Step decay + warm-up,schedule,42,v1,False
1000,0.7135320901870728,0.1,3,sched_step_warm,Step decay + warm-up,schedule,42,v1,False
1020,0.6649137735366821,0.1,3,sched_step_warm,Step decay + warm-up,schedule,42,v1,False
1040,0.6692633628845215,0.1,3,sched_step_warm,Step decay + warm-up,schedule,42,v1,False
1060,0.5578550100326538,0.1,4,sched_step_warm,Step decay + warm-up,schedule,42,v1,False
1080,0.5143247246742249,0.1,4,sched_step_warm,Step decay + warm-up,schedule,42,v1,False
1100,0.7249484062194824,0.1,4,sched_step_warm,Step decay + warm-up,schedule,42,v1,False
1120,0.7956851124763489,0.1,4,sched_step_warm,Step decay + warm-up,schedule,42,v1,False
1140,0.6541482210159302,0.1,4,sched_step_warm,Step decay + warm-up,schedule,42,v1,False
1160,0.5610973238945007,0.1,4,sched_step_warm,Step decay + warm-up,schedule,42,v1,False
1180,0.6098511219024658,0.1,4,sched_step_warm,Step decay + warm-up,schedule,42,v1,False
1200,0.5912617444992065,0.1,4,sched_step_warm,Step decay + warm-up,schedule,42,v1,False
1220,0.4922153055667877,0.1,4,sched_step_warm,Step decay + warm-up,schedule,42,v1,False
1240,0.43699008226394653,0.1,4,sched_step_warm,Step decay + warm-up,schedule,42,v1,False
1260,0.630760669708252,0.1,4,sched_step_warm,Step decay + warm-up,schedule,42,v1,False
1280,0.7230993509292603,0.1,4,sched_step_warm,Step decay + warm-up,schedule,42,v1,False
1300,0.585528552532196,0.1,4,sched_step_warm,Step decay + warm-up,schedule,42,v1,False
1320,0.481417179107666,0.1,4,sched_step_warm,Step decay + warm-up,schedule,42,v1,False
1340,0.6028031706809998,0.1,4,sched_step_warm,Step decay + warm-up,schedule,42,v1,False
1360,0.5327064394950867,0.1,4,sched_step_warm,Step decay + warm-up,schedule,42,v1,False
1380,0.5838207006454468,0.1,4,sched_step_warm,Step decay + warm-up,schedule,42,v1,False
1400,0.641179084777832,0.1,4,sched_step_warm,Step decay + warm-up,schedule,42,v1,False
1420,0.5036431550979614,0.1,5,sched_step_warm,Step decay + warm-up,schedule,42,v1,False
1440,0.47835618257522583,0.1,5,sched_step_warm,Step decay + warm-up,schedule,42,v1,False
1460,0.4610717296600342,0.1,5,sched_step_warm,Step decay + warm-up,schedule,42,v1,False
1480,0.43519508838653564,0.1,5,sched_step_warm,Step decay + warm-up,schedule,42,v1,False
1500,0.4379350543022156,0.1,5,sched_step_warm,Step decay + warm-up,schedule,42,v1,False
1520,0.30823734402656555,0.1,5,sched_step_warm,Step decay + warm-up,schedule,42,v1,False
1540,0.5110362768173218,0.1,5,sched_step_warm,Step decay + warm-up,schedule,42,v1,False
1560,0.5216959714889526,0.1,5,sched_step_warm,Step decay + warm-up,schedule,42,v1,False
1580,0.575565755367279,0.1,5,sched_step_warm,Step decay + warm-up,schedule,42,v1,False
1600,0.5053389668464661,0.1,5,sched_step_warm,Step decay + warm-up,schedule,42,v1,False
1620,0.5039945244789124,0.1,5,sched_step_warm,Step decay + warm-up,schedule,42,v1,False
1640,0.443073034286499,0.1,5,sched_step_warm,Step decay + warm-up,schedule,42,v1,False
1660,0.481525182723999,0.1,5,sched_step_warm,Step decay + warm-up,schedule,42,v1,False
1680,0.5584579706192017,0.1,5,sched_step_warm,Step decay + warm-up,schedule,42,v1,False
1700,0.6446139812469482,0.1,5,sched_step_warm,Step decay + warm-up,schedule,42,v1,False
1720,0.4534749984741211,0.1,5,sched_step_warm,Step decay + warm-up,schedule,42,v1,False
1740,0.6664497256278992,0.1,5,sched_step_warm,Step decay + warm-up,schedule,42,v1,False
1760,0.4310568869113922,0.1,6,sched_step_warm,Step decay + warm-up,schedule,42,v1,False
1780,0.48580726981163025,0.1,6,sched_step_warm,Step decay + warm-up,schedule,42,v1,False
1800,0.4311879277229309,0.1,6,sched_step_warm,Step decay + warm-up,schedule,42,v1,False
1820,0.5188406705856323,0.1,6,sched_step_warm,Step decay + warm-up,schedule,42,v1,False
1840,0.4614388346672058,0.1,6,sched_step_warm,Step decay + warm-up,schedule,42,v1,False
1860,0.4278802275657654,0.1,6,sched_step_warm,Step decay + warm-up,schedule,42,v1,False
1880,0.4351871907711029,0.1,6,sched_step_warm,Step decay + warm-up,schedule,42,v1,False
1900,0.5853062868118286,0.1,6,sched_step_warm,Step decay + warm-up,schedule,42,v1,False
1920,0.6086090207099915,0.1,6,sched_step_warm,Step decay + warm-up,schedule,42,v1,False
1940,0.4611940085887909,0.1,6,sched_step_warm,Step decay + warm-up,schedule,42,v1,False
1960,0.33360937237739563,0.1,6,sched_step_warm,Step decay + warm-up,schedule,42,v1,False
1980,0.45489397644996643,0.1,6,sched_step_warm,Step decay + warm-up,schedule,42,v1,False
2000,0.5613714456558228,0.1,6,sched_step_warm,Step decay + warm-up,schedule,42,v1,False
2020,0.5567103624343872,0.1,6,sched_step_warm,Step decay + warm-up,schedule,42,v1,False
2040,0.5075391530990601,0.1,6,sched_step_warm,Step decay + warm-up,schedule,42,v1,False
2060,0.5639810562133789,0.1,6,sched_step_warm,Step decay + warm-up,schedule,42,v1,False
2080,0.5916191935539246,0.1,6,sched_step_warm,Step decay + warm-up,schedule,42,v1,False
2100,0.44019392132759094,0.1,6,sched_step_warm,Step decay + warm-up,schedule,42,v1,False
2120,0.41237199306488037,0.1,7,sched_step_warm,Step decay + warm-up,schedule,42,v1,False
2140,0.31917035579681396,0.1,7,sched_step_warm,Step decay + warm-up,schedule,42,v1,False
2160,0.28065556287765503,0.1,7,sched_step_warm,Step decay + warm-up,schedule,42,v1,False
2180,0.5371135473251343,0.1,7,sched_step_warm,Step decay + warm-up,schedule,42,v1,False
2200,0.3687792718410492,0.1,7,sched_step_warm,Step decay + warm-up,schedule,42,v1,False
2220,0.46575847268104553,0.1,7,sched_step_warm,Step decay + warm-up,schedule,42,v1,False
2240,0.44080865383148193,0.1,7,sched_step_warm,Step decay + warm-up,schedule,42,v1,False
2260,0.39541858434677124,0.1,7,sched_step_warm,Step decay + warm-up,schedule,42,v1,False
2280,0.5938071012496948,0.1,7,sched_step_warm,Step decay + warm-up,schedule,42,v1,False
2300,0.45760756731033325,0.1,7,sched_step_warm,Step decay + warm-up,schedule,42,v1,False
2320,0.3814089894294739,0.1,7,sched_step_warm,Step decay + warm-up,schedule,42,v1,False
2340,0.41972455382347107,0.1,7,sched_step_warm,Step decay + warm-up,schedule,42,v1,False
2360,0.23585772514343262,0.1,7,sched_step_warm,Step decay + warm-up,schedule,42,v1,False
2380,0.46026378870010376,0.1,7,sched_step_warm,Step decay + warm-up,schedule,42,v1,False
2400,0.4847523868083954,0.1,7,sched_step_warm,Step decay + warm-up,schedule,42,v1,False
2420,0.4497338831424713,0.1,7,sched_step_warm,Step decay + warm-up,schedule,42,v1,False
2440,0.3537939786911011,0.1,7,sched_step_warm,Step decay + warm-up,schedule,42,v1,False
2460,0.5797179937362671,0.1,7,sched_step_warm,Step decay + warm-up,schedule,42,v1,False
2480,0.341783344745636,0.1,8,sched_step_warm,Step decay + warm-up,schedule,42,v1,False
2500,0.3025694787502289,0.1,8,sched_step_warm,Step decay + warm-up,schedule,42,v1,False
2520,0.19368863105773926,0.1,8,sched_step_warm,Step decay + warm-up,schedule,42,v1,False
2540,0.2971830368041992,0.1,8,sched_step_warm,Step decay + warm-up,schedule,42,v1,False
2560,0.22607555985450745,0.1,8,sched_step_warm,Step decay + warm-up,schedule,42,v1,False
2580,0.42869603633880615,0.1,8,sched_step_warm,Step decay + warm-up,schedule,42,v1,False
2600,0.2402058094739914,0.1,8,sched_step_warm,Step decay + warm-up,schedule,42,v1,False
2620,0.33019495010375977,0.1,8,sched_step_warm,Step decay + warm-up,schedule,42,v1,False
2640,0.3137935400009155,0.1,8,sched_step_warm,Step decay + warm-up,schedule,42,v1,False
2660,0.37522828578948975,0.1,8,sched_step_warm,Step decay + warm-up,schedule,42,v1,False
2680,0.20944523811340332,0.1,8,sched_step_warm,Step decay + warm-up,schedule,42,v1,False
2700,0.39798516035079956,0.1,8,sched_step_warm,Step decay + warm-up,schedule,42,v1,False
2720,0.2655528783798218,0.1,8,sched_step_warm,Step decay + warm-up,schedule,42,v1,False
2740,0.30938977003097534,0.1,8,sched_step_warm,Step decay + warm-up,schedule,42,v1,False
2760,0.35817980766296387,0.1,8,sched_step_warm,Step decay + warm-up,schedule,42,v1,False
2780,0.3099367022514343,0.1,8,sched_step_warm,Step decay + warm-up,schedule,42,v1,False
2800,0.2416599839925766,0.1,8,sched_step_warm,Step decay + warm-up,schedule,42,v1,False
2820,0.34303009510040283,0.1,9,sched_step_warm,Step decay + warm-up,schedule,42,v1,False
2840,0.2989323139190674,0.1,9,sched_step_warm,Step decay + warm-up,schedule,42,v1,False
2860,0.19575197994709015,0.1,9,sched_step_warm,Step decay + warm-up,schedule,42,v1,False
2880,0.15276029706001282,0.1,9,sched_step_warm,Step decay + warm-up,schedule,42,v1,False
2900,0.298849880695343,0.1,9,sched_step_warm,Step decay + warm-up,schedule,42,v1,False
2920,0.32915183901786804,0.1,9,sched_step_warm,Step decay + warm-up,schedule,42,v1,False
2940,0.18060438334941864,0.1,9,sched_step_warm,Step decay + warm-up,schedule,42,v1,False
2960,0.34066474437713623,0.1,9,sched_step_warm,Step decay + warm-up,schedule,42,v1,False
2980,0.265015184879303,0.1,9,sched_step_warm,Step decay + warm-up,schedule,42,v1,False
3000,0.3258901834487915,0.1,9,sched_step_warm,Step decay + warm-up,schedule,42,v1,False
3020,0.4437197148799896,0.1,9,sched_step_warm,Step decay + warm-up,schedule,42,v1,False
3040,0.262310266494751,0.1,9,sched_step_warm,Step decay + warm-up,schedule,42,v1,False
3060,0.41143032908439636,0.1,9,sched_step_warm,Step decay + warm-up,schedule,42,v1,False
3080,0.30596229434013367,0.1,9,sched_step_warm,Step decay + warm-up,schedule,42,v1,False
3100,0.39026451110839844,0.1,9,sched_step_warm,Step decay + warm-up,schedule,42,v1,False
3120,0.41893500089645386,0.1,9,sched_step_warm,Step decay + warm-up,schedule,42,v1,False
3140,0.3844105899333954,0.1,9,sched_step_warm,Step decay + warm-up,schedule,42,v1,False
3160,0.31827738881111145,0.1,9,sched_step_warm,Step decay + warm-up,schedule,42,v1,False
3180,0.1783757507801056,0.010000000000000002,10,sched_step_warm,Step decay + warm-up,schedule,42,v1,False
3200,0.1298651546239853,0.010000000000000002,10,sched_step_warm,Step decay + warm-up,schedule,42,v1,False
3220,0.21593111753463745,0.010000000000000002,10,sched_step_warm,Step decay + warm-up,schedule,42,v1,False
3240,0.07432715594768524,0.010000000000000002,10,sched_step_warm,Step decay + warm-up,schedule,42,v1,False
3260,0.11931250244379044,0.010000000000000002,10,sched_step_warm,Step decay + warm-up,schedule,42,v1,False
3280,0.0781431794166565,0.010000000000000002,10,sched_step_warm,Step decay + warm-up,schedule,42,v1,False
3300,0.0740029364824295,0.010000000000000002,10,sched_step_warm,Step decay + warm-up,schedule,42,v1,False
3320,0.07436975091695786,0.010000000000000002,10,sched_step_warm,Step decay + warm-up,schedule,42,v1,False
3340,0.1698874831199646,0.010000000000000002,10,sched_step_warm,Step decay + warm-up,schedule,42,v1,False
3360,0.06527632474899292,0.010000000000000002,10,sched_step_warm,Step decay + warm-up,schedule,42,v1,False
3380,0.04521164670586586,0.010000000000000002,10,sched_step_warm,Step decay + warm-up,schedule,42,v1,False
3400,0.05899202823638916,0.010000000000000002,10,sched_step_warm,Step decay + warm-up,schedule,42,v1,False
3420,0.063160739839077,0.010000000000000002,10,sched_step_warm,Step decay + warm-up,schedule,42,v1,False
3440,0.05923202261328697,0.010000000000000002,10,sched_step_warm,Step decay + warm-up,schedule,42,v1,False
3460,0.12610498070716858,0.010000000000000002,10,sched_step_warm,Step decay + warm-up,schedule,42,v1,False
3480,0.12432831525802612,0.010000000000000002,10,sched_step_warm,Step decay + warm-up,schedule,42,v1,False
3500,0.09619472920894623,0.010000000000000002,10,sched_step_warm,Step decay + warm-up,schedule,42,v1,False
3520,0.01861637644469738,0.010000000000000002,11,sched_step_warm,Step decay + warm-up,schedule,42,v1,False
3540,0.019283520057797432,0.010000000000000002,11,sched_step_warm,Step decay + warm-up,schedule,42,v1,False
3560,0.04008647799491882,0.010000000000000002,11,sched_step_warm,Step decay + warm-up,schedule,42,v1,False
3580,0.032065946608781815,0.010000000000000002,11,sched_step_warm,Step decay + warm-up,schedule,42,v1,False
3600,0.017849870026111603,0.010000000000000002,11,sched_step_warm,Step decay + warm-up,schedule,42,v1,False
3620,0.029712045565247536,0.010000000000000002,11,sched_step_warm,Step decay + warm-up,schedule,42,v1,False
3640,0.040315087884664536,0.010000000000000002,11,sched_step_warm,Step decay + warm-up,schedule,42,v1,False
3660,0.023110926151275635,0.010000000000000002,11,sched_step_warm,Step decay + warm-up,schedule,42,v1,False
3680,0.048633649945259094,0.010000000000000002,11,sched_step_warm,Step decay + warm-up,schedule,42,v1,False
3700,0.020034518092870712,0.010000000000000002,11,sched_step_warm,Step decay + warm-up,schedule,42,v1,False
3720,0.02909068390727043,0.010000000000000002,11,sched_step_warm,Step decay + warm-up,schedule,42,v1,False
3740,0.039216235280036926,0.010000000000000002,11,sched_step_warm,Step decay + warm-up,schedule,42,v1,False
3760,0.03368281573057175,0.010000000000000002,11,sched_step_warm,Step decay + warm-up,schedule,42,v1,False
3780,0.052850715816020966,0.010000000000000002,11,sched_step_warm,Step decay + warm-up,schedule,42,v1,False
3800,0.022147906944155693,0.010000000000000002,11,sched_step_warm,Step decay + warm-up,schedule,42,v1,False
3820,0.07980276644229889,0.010000000000000002,11,sched_step_warm,Step decay + warm-up,schedule,42,v1,False
3840,0.03181608021259308,0.010000000000000002,11,sched_step_warm,Step decay + warm-up,schedule,42,v1,False
3860,0.009147090837359428,0.010000000000000002,11,sched_step_warm,Step decay + warm-up,schedule,42,v1,False
3880,0.013516630977392197,0.010000000000000002,12,sched_step_warm,Step decay + warm-up,schedule,42,v1,False
3900,0.023852471262216568,0.010000000000000002,12,sched_step_warm,Step decay + warm-up,schedule,42,v1,False
3920,0.010981036350131035,0.010000000000000002,12,sched_step_warm,Step decay + warm-up,schedule,42,v1,False
3940,0.023270245641469955,0.010000000000000002,12,sched_step_warm,Step decay + warm-up,schedule,42,v1,False
3960,0.028008507564663887,0.010000000000000002,12,sched_step_warm,Step decay + warm-up,schedule,42,v1,False
3980,0.03055817075073719,0.010000000000000002,12,sched_step_warm,Step decay + warm-up,schedule,42,v1,False
4000,0.014806553721427917,0.010000000000000002,12,sched_step_warm,Step decay + warm-up,schedule,42,v1,False
4020,0.02770647406578064,0.010000000000000002,12,sched_step_warm,Step decay + warm-up,schedule,42,v1,False
4040,0.011704507283866405,0.010000000000000002,12,sched_step_warm,Step decay + warm-up,schedule,42,v1,False
4060,0.00639862846583128,0.010000000000000002,12,sched_step_warm,Step decay + warm-up,schedule,42,v1,False
4080,0.029028745368123055,0.010000000000000002,12,sched_step_warm,Step decay + warm-up,schedule,42,v1,False
4100,0.007454182952642441,0.010000000000000002,12,sched_step_warm,Step decay + warm-up,schedule,42,v1,False
4120,0.033649347722530365,0.010000000000000002,12,sched_step_warm,Step decay + warm-up,schedule,42,v1,False
4140,0.006087637972086668,0.010000000000000002,12,sched_step_warm,Step decay + warm-up,schedule,42,v1,False
4160,0.0076483734883368015,0.010000000000000002,12,sched_step_warm,Step decay + warm-up,schedule,42,v1,False
4180,0.04567231982946396,0.010000000000000002,12,sched_step_warm,Step decay + warm-up,schedule,42,v1,False
4200,0.02727809175848961,0.010000000000000002,12,sched_step_warm,Step decay + warm-up,schedule,42,v1,False
4220,0.010559935122728348,0.010000000000000002,12,sched_step_warm,Step decay + warm-up,schedule,42,v1,False
4240,0.00812636036425829,0.010000000000000002,13,sched_step_warm,Step decay + warm-up,schedule,42,v1,False
4260,0.04204479977488518,0.010000000000000002,13,sched_step_warm,Step decay + warm-up,schedule,42,v1,False
4280,0.00381855177693069,0.010000000000000002,13,sched_step_warm,Step decay + warm-up,schedule,42,v1,False
4300,0.014810068532824516,0.010000000000000002,13,sched_step_warm,Step decay + warm-up,schedule,42,v1,False
4320,0.005541648715734482,0.010000000000000002,13,sched_step_warm,Step decay + warm-up,schedule,42,v1,False
4340,0.010080868378281593,0.010000000000000002,13,sched_step_warm,Step decay + warm-up,schedule,42,v1,False
4360,0.017060931771993637,0.010000000000000002,13,sched_step_warm,Step decay + warm-up,schedule,42,v1,False
4380,0.014685405418276787,0.010000000000000002,13,sched_step_warm,Step decay + warm-up,schedule,42,v1,False
4400,0.010937053710222244,0.010000000000000002,13,sched_step_warm,Step decay + warm-up,schedule,42,v1,False
4420,0.030303511768579483,0.010000000000000002,13,sched_step_warm,Step decay + warm-up,schedule,42,v1,False
4440,0.003171471878886223,0.010000000000000002,13,sched_step_warm,Step decay + warm-up,schedule,42,v1,False
4460,0.007668590638786554,0.010000000000000002,13,sched_step_warm,Step decay + warm-up,schedule,42,v1,False
4480,0.029169460758566856,0.010000000000000002,13,sched_step_warm,Step decay + warm-up,schedule,42,v1,False
4500,0.004223552532494068,0.010000000000000002,13,sched_step_warm,Step decay + warm-up,schedule,42,v1,False
4520,0.01334560476243496,0.010000000000000002,13,sched_step_warm,Step decay + warm-up,schedule,42,v1,False
4540,0.00556667847558856,0.010000000000000002,13,sched_step_warm,Step decay + warm-up,schedule,42,v1,False
4560,0.020125649869441986,0.010000000000000002,13,sched_step_warm,Step decay + warm-up,schedule,42,v1,False
4580,0.003985590301454067,0.010000000000000002,14,sched_step_warm,Step decay + warm-up,schedule,42,v1,False
4600,0.012745315209031105,0.010000000000000002,14,sched_step_warm,Step decay + warm-up,schedule,42,v1,False
4620,0.0031475177966058254,0.010000000000000002,14,sched_step_warm,Step decay + warm-up,schedule,42,v1,False
4640,0.0016826125793159008,0.010000000000000002,14,sched_step_warm,Step decay + warm-up,schedule,42,v1,False
4660,0.005070037208497524,0.010000000000000002,14,sched_step_warm,Step decay + warm-up,schedule,42,v1,False
4680,0.006405004300177097,0.010000000000000002,14,sched_step_warm,Step decay + warm-up,schedule,42,v1,False
4700,0.004634984768927097,0.010000000000000002,14,sched_step_warm,Step decay + warm-up,schedule,42,v1,False
4720,0.0038854340091347694,0.010000000000000002,14,sched_step_warm,Step decay + warm-up,schedule,42,v1,False
4740,0.009591023437678814,0.010000000000000002,14,sched_step_warm,Step decay + warm-up,schedule,42,v1,False
4760,0.0035942355170845985,0.010000000000000002,14,sched_step_warm,Step decay + warm-up,schedule,42,v1,False
4780,0.00533671211451292,0.010000000000000002,14,sched_step_warm,Step decay + warm-up,schedule,42,v1,False
4800,0.0026102601550519466,0.010000000000000002,14,sched_step_warm,Step decay + warm-up,schedule,42,v1,False
4820,0.0036177535075694323,0.010000000000000002,14,sched_step_warm,Step decay + warm-up,schedule,42,v1,False
4840,0.008034199476242065,0.010000000000000002,14,sched_step_warm,Step decay + warm-up,schedule,42,v1,False
4860,0.0013564450200647116,0.010000000000000002,14,sched_step_warm,Step decay + warm-up,schedule,42,v1,False
4880,0.0031702418345957994,0.010000000000000002,14,sched_step_warm,Step decay + warm-up,schedule,42,v1,False
4900,0.0033199565950781107,0.010000000000000002,14,sched_step_warm,Step decay + warm-up,schedule,42,v1,False
4920,0.009205523878335953,0.010000000000000002,14,sched_step_warm,Step decay + warm-up,schedule,42,v1,False
4940,0.0018591682892292738,0.010000000000000002,15,sched_step_warm,Step decay + warm-up,schedule,42,v1,False
4960,0.005281483754515648,0.010000000000000002,15,sched_step_warm,Step decay + warm-up,schedule,42,v1,False
4980,0.0026216800324618816,0.010000000000000002,15,sched_step_warm,Step decay + warm-up,schedule,42,v1,False
5000,0.005919165909290314,0.010000000000000002,15,sched_step_warm,Step decay + warm-up,schedule,42,v1,False
5020,0.0027913290541619062,0.010000000000000002,15,sched_step_warm,Step decay + warm-up,schedule,42,v1,False
5040,0.0026160981506109238,0.010000000000000002,15,sched_step_warm,Step decay + warm-up,schedule,42,v1,False
5060,0.001328068319708109,0.010000000000000002,15,sched_step_warm,Step decay + warm-up,schedule,42,v1,False
5080,0.004574090242385864,0.010000000000000002,15,sched_step_warm,Step decay + warm-up,schedule,42,v1,False
5100,0.004662117920815945,0.010000000000000002,15,sched_step_warm,Step decay + warm-up,schedule,42,v1,False
5120,0.00204724189825356,0.010000000000000002,15,sched_step_warm,Step decay + warm-up,schedule,42,v1,False
5140,0.004808858502656221,0.010000000000000002,15,sched_step_warm,Step decay + warm-up,schedule,42,v1,False
5160,0.0027692699804902077,0.010000000000000002,15,sched_step_warm,Step decay + warm-up,schedule,42,v1,False
5180,0.00214215274900198,0.010000000000000002,15,sched_step_warm,Step decay + warm-up,schedule,42,v1,False
5200,0.007185406517237425,0.010000000000000002,15,sched_step_warm,Step decay + warm-up,schedule,42,v1,False
5220,0.0045539154671132565,0.010000000000000002,15,sched_step_warm,Step decay + warm-up,schedule,42,v1,False
5240,0.003913872875273228,0.010000000000000002,15,sched_step_warm,Step decay + warm-up,schedule,42,v1,False
5260,0.0035987277515232563,0.010000000000000002,15,sched_step_warm,Step decay + warm-up,schedule,42,v1,False
5280,0.0013368746731430292,0.010000000000000002,16,sched_step_warm,Step decay + warm-up,schedule,42,v1,False
5300,0.002617891412228346,0.010000000000000002,16,sched_step_warm,Step decay + warm-up,schedule,42,v1,False
5320,0.0008478931267745793,0.010000000000000002,16,sched_step_warm,Step decay + warm-up,schedule,42,v1,False
5340,0.005404842086136341,0.010000000000000002,16,sched_step_warm,Step decay + warm-up,schedule,42,v1,False
5360,0.0035849197302013636,0.010000000000000002,16,sched_step_warm,Step decay + warm-up,schedule,42,v1,False
5380,0.0011593179078772664,0.010000000000000002,16,sched_step_warm,Step decay + warm-up,schedule,42,v1,False
5400,0.002800519345328212,0.010000000000000002,16,sched_step_warm,Step decay + warm-up,schedule,42,v1,False
5420,0.003356377361342311,0.010000000000000002,16,sched_step_warm,Step decay + warm-up,schedule,42,v1,False
5440,0.0015871647046878934,0.010000000000000002,16,sched_step_warm,Step decay + warm-up,schedule,42,v1,False
5460,0.0022977441549301147,0.010000000000000002,16,sched_step_warm,Step decay + warm-up,schedule,42,v1,False
5480,0.0024018127005547285,0.010000000000000002,16,sched_step_warm,Step decay + warm-up,schedule,42,v1,False
5500,0.0032382342033088207,0.010000000000000002,16,sched_step_warm,Step decay + warm-up,schedule,42,v1,False
5520,0.0020175655372440815,0.010000000000000002,16,sched_step_warm,Step decay + warm-up,schedule,42,v1,False
5540,0.003067576326429844,0.010000000000000002,16,sched_step_warm,Step decay + warm-up,schedule,42,v1,False
5560,0.0016535567119717598,0.010000000000000002,16,sched_step_warm,Step decay + warm-up,schedule,42,v1,False
5580,0.0023674103431403637,0.010000000000000002,16,sched_step_warm,Step decay + warm-up,schedule,42,v1,False
5600,0.0040327138267457485,0.010000000000000002,16,sched_step_warm,Step decay + warm-up,schedule,42,v1,False
5620,0.002716753166168928,0.010000000000000002,16,sched_step_warm,Step decay + warm-up,schedule,42,v1,False
5640,0.0020503909327089787,0.0010000000000000002,17,sched_step_warm,Step decay + warm-up,schedule,42,v1,False
5660,0.0010448273969814181,0.0010000000000000002,17,sched_step_warm,Step decay + warm-up,schedule,42,v1,False
5680,0.004557150416076183,0.0010000000000000002,17,sched_step_warm,Step decay + warm-up,schedule,42,v1,False
5700,0.002860237378627062,0.0010000000000000002,17,sched_step_warm,Step decay + warm-up,schedule,42,v1,False
5720,0.002693026326596737,0.0010000000000000002,17,sched_step_warm,Step decay + warm-up,schedule,42,v1,False
5740,0.0015159397153183818,0.0010000000000000002,17,sched_step_warm,Step decay + warm-up,schedule,42,v1,False
5760,0.0029441399965435266,0.0010000000000000002,17,sched_step_warm,Step decay + warm-up,schedule,42,v1,False
5780,0.002275839913636446,0.0010000000000000002,17,sched_step_warm,Step decay + warm-up,schedule,42,v1,False
5800,0.004334436263889074,0.0010000000000000002,17,sched_step_warm,Step decay + warm-up,schedule,42,v1,False
5820,0.0015069545479491353,0.0010000000000000002,17,sched_step_warm,Step decay + warm-up,schedule,42,v1,False
5840,0.0016321635339409113,0.0010000000000000002,17,sched_step_warm,Step decay + warm-up,schedule,42,v1,False
5860,0.0028365924954414368,0.0010000000000000002,17,sched_step_warm,Step decay + warm-up,schedule,42,v1,False
5880,0.003207149915397167,0.0010000000000000002,17,sched_step_warm,Step decay + warm-up,schedule,42,v1,False
5900,0.0023057563230395317,0.0010000000000000002,17,sched_step_warm,Step decay + warm-up,schedule,42,v1,False
5920,0.003495539538562298,0.0010000000000000002,17,sched_step_warm,Step decay + warm-up,schedule,42,v1,False
5940,0.0017590370262041688,0.0010000000000000002,17,sched_step_warm,Step decay + warm-up,schedule,42,v1,False
5960,0.0010351028759032488,0.0010000000000000002,17,sched_step_warm,Step decay + warm-up,schedule,42,v1,False
5980,0.002430580323562026,0.0010000000000000002,17,sched_step_warm,Step decay + warm-up,schedule,42,v1,False
6000,0.003497133729979396,0.0010000000000000002,18,sched_step_warm,Step decay + warm-up,schedule,42,v1,False
6020,0.0014129966730251908,0.0010000000000000002,18,sched_step_warm,Step decay + warm-up,schedule,42,v1,False
6040,0.0011197526473551989,0.0010000000000000002,18,sched_step_warm,Step decay + warm-up,schedule,42,v1,False
6060,0.0010112221352756023,0.0010000000000000002,18,sched_step_warm,Step decay + warm-up,schedule,42,v1,False
6080,0.0028399431612342596,0.0010000000000000002,18,sched_step_warm,Step decay + warm-up,schedule,42,v1,False
6100,0.005573350936174393,0.0010000000000000002,18,sched_step_warm,Step decay + warm-up,schedule,42,v1,False
6120,0.0030864879954606295,0.0010000000000000002,18,sched_step_warm,Step decay + warm-up,schedule,42,v1,False
6140,0.004170333035290241,0.0010000000000000002,18,sched_step_warm,Step decay + warm-up,schedule,42,v1,False
6160,0.0013403005432337523,0.0010000000000000002,18,sched_step_warm,Step decay + warm-up,schedule,42,v1,False
6180,0.0008196714916266501,0.0010000000000000002,18,sched_step_warm,Step decay + warm-up,schedule,42,v1,False
6200,0.001252682413905859,0.0010000000000000002,18,sched_step_warm,Step decay + warm-up,schedule,42,v1,False
6220,0.0013166915159672499,0.0010000000000000002,18,sched_step_warm,Step decay + warm-up,schedule,42,v1,False
6240,0.003011740278452635,0.0010000000000000002,18,sched_step_warm,Step decay + warm-up,schedule,42,v1,False
6260,0.0009278983343392611,0.0010000000000000002,18,sched_step_warm,Step decay + warm-up,schedule,42,v1,False
6280,0.0013262684224173427,0.0010000000000000002,18,sched_step_warm,Step decay + warm-up,schedule,42,v1,False
6300,0.0031393300741910934,0.0010000000000000002,18,sched_step_warm,Step decay + warm-up,schedule,42,v1,False
6320,0.0011996057583019137,0.0010000000000000002,18,sched_step_warm,Step decay + warm-up,schedule,42,v1,False
6340,0.0011714480351656675,0.0010000000000000002,19,sched_step_warm,Step decay + warm-up,schedule,42,v1,False
6360,0.001341492054052651,0.0010000000000000002,19,sched_step_warm,Step decay + warm-up,schedule,42,v1,False
6380,0.0017541861161589622,0.0010000000000000002,19,sched_step_warm,Step decay + warm-up,schedule,42,v1,False
6400,0.002310829469934106,0.0010000000000000002,19,sched_step_warm,Step decay + warm-up,schedule,42,v1,False
6420,0.0025724507868289948,0.0010000000000000002,19,sched_step_warm,Step decay + warm-up,schedule,42,v1,False
6440,0.0034693782217800617,0.0010000000000000002,19,sched_step_warm,Step decay + warm-up,schedule,42,v1,False
6460,0.0021502238232642412,0.0010000000000000002,19,sched_step_warm,Step decay + warm-up,schedule,42,v1,False
6480,0.0015579069731757045,0.0010000000000000002,19,sched_step_warm,Step decay + warm-up,schedule,42,v1,False
6500,0.0016522553050890565,0.0010000000000000002,19,sched_step_warm,Step decay + warm-up,schedule,42,v1,False
6520,0.0009746424620971084,0.0010000000000000002,19,sched_step_warm,Step decay + warm-up,schedule,42,v1,False
6540,0.0017460801173001528,0.0010000000000000002,19,sched_step_warm,Step decay + warm-up,schedule,42,v1,False
6560,0.0007253892836160958,0.0010000000000000002,19,sched_step_warm,Step decay + warm-up,schedule,42,v1,False
6580,0.0016993510071188211,0.0010000000000000002,19,sched_step_warm,Step decay + warm-up,schedule,42,v1,False
6600,0.0013654343783855438,0.0010000000000000002,19,sched_step_warm,Step decay + warm-up,schedule,42,v1,False
6620,0.0028028208762407303,0.0010000000000000002,19,sched_step_warm,Step decay + warm-up,schedule,42,v1,False
6640,0.0018454784294590354,0.0010000000000000002,19,sched_step_warm,Step decay + warm-up,schedule,42,v1,False
6660,0.0012779115932062268,0.0010000000000000002,19,sched_step_warm,Step decay + warm-up,schedule,42,v1,False
6680,0.0018369590397924185,0.0010000000000000002,19,sched_step_warm,Step decay + warm-up,schedule,42,v1,False
6700,0.0011418513022363186,0.0010000000000000002,20,sched_step_warm,Step decay + warm-up,schedule,42,v1,False
6720,0.002023224951699376,0.0010000000000000002,20,sched_step_warm,Step decay + warm-up,schedule,42,v1,False
6740,0.003850117325782776,0.0010000000000000002,20,sched_step_warm,Step decay + warm-up,schedule,42,v1,False
6760,0.004786104429513216,0.0010000000000000002,20,sched_step_warm,Step decay + warm-up,schedule,42,v1,False
6780,0.004197943024337292,0.0010000000000000002,20,sched_step_warm,Step decay + warm-up,schedule,42,v1,False
6800,0.002034223172813654,0.0010000000000000002,20,sched_step_warm,Step decay + warm-up,schedule,42,v1,False
6820,0.004017831292003393,0.0010000000000000002,20,sched_step_warm,Step decay + warm-up,schedule,42,v1,False
6840,0.0012220375938341022,0.0010000000000000002,20,sched_step_warm,Step decay + warm-up,schedule,42,v1,False
6860,0.001587539678439498,0.0010000000000000002,20,sched_step_warm,Step decay + warm-up,schedule,42,v1,False
6880,0.0021656067110598087,0.0010000000000000002,20,sched_step_warm,Step decay + warm-up,schedule,42,v1,False
6900,0.0029439672362059355,0.0010000000000000002,20,sched_step_warm,Step decay + warm-up,schedule,42,v1,False
6920,0.0011770622804760933,0.0010000000000000002,20,sched_step_warm,Step decay + warm-up,schedule,42,v1,False
6940,0.010971206240355968,0.0010000000000000002,20,sched_step_warm,Step decay + warm-up,schedule,42,v1,False
6960,0.002353758318349719,0.0010000000000000002,20,sched_step_warm,Step decay + warm-up,schedule,42,v1,False
6980,0.0015015217941254377,0.0010000000000000002,20,sched_step_warm,Step decay + warm-up,schedule,42,v1,False
7000,0.0029897885397076607,0.0010000000000000002,20,sched_step_warm,Step decay + warm-up,schedule,42,v1,False
7020,0.003249038476496935,0.0010000000000000002,20,sched_step_warm,Step decay + warm-up,schedule,42,v1,False
0,2.3491640090942383,0.05,1,sched_step_warm,Step decay + warm-up,schedule,2026,v1,False
20,3.2737808227539062,0.05,1,sched_step_warm,Step decay + warm-up,schedule,2026,v1,False
40,2.669992446899414,0.05,1,sched_step_warm,Step decay + warm-up,schedule,2026,v1,False
60,1.927481770515442,0.05,1,sched_step_warm,Step decay + warm-up,schedule,2026,v1,False
80,1.8914738893508911,0.05,1,sched_step_warm,Step decay + warm-up,schedule,2026,v1,False
100,1.7887645959854126,0.05,1,sched_step_warm,Step decay + warm-up,schedule,2026,v1,False
120,1.5667251348495483,0.05,1,sched_step_warm,Step decay + warm-up,schedule,2026,v1,False
140,1.6863396167755127,0.05,1,sched_step_warm,Step decay + warm-up,schedule,2026,v1,False
160,1.643492579460144,0.05,1,sched_step_warm,Step decay + warm-up,schedule,2026,v1,False
180,1.604325771331787,0.05,1,sched_step_warm,Step decay + warm-up,schedule,2026,v1,False
200,1.3110517263412476,0.05,1,sched_step_warm,Step decay + warm-up,schedule,2026,v1,False
220,1.333315134048462,0.05,1,sched_step_warm,Step decay + warm-up,schedule,2026,v1,False
240,1.3624780178070068,0.05,1,sched_step_warm,Step decay + warm-up,schedule,2026,v1,False
260,1.4346287250518799,0.05,1,sched_step_warm,Step decay + warm-up,schedule,2026,v1,False
280,1.3118942975997925,0.05,1,sched_step_warm,Step decay + warm-up,schedule,2026,v1,False
300,1.4650917053222656,0.05,1,sched_step_warm,Step decay + warm-up,schedule,2026,v1,False
320,1.429757833480835,0.05,1,sched_step_warm,Step decay + warm-up,schedule,2026,v1,False
340,1.1987063884735107,0.05,1,sched_step_warm,Step decay + warm-up,schedule,2026,v1,False
360,1.1030762195587158,0.1,2,sched_step_warm,Step decay + warm-up,schedule,2026,v1,False
380,1.3861382007598877,0.1,2,sched_step_warm,Step decay + warm-up,schedule,2026,v1,False
400,1.271222472190857,0.1,2,sched_step_warm,Step decay + warm-up,schedule,2026,v1,False
420,1.3923474550247192,0.1,2,sched_step_warm,Step decay + warm-up,schedule,2026,v1,False
440,1.209039568901062,0.1,2,sched_step_warm,Step decay + warm-up,schedule,2026,v1,False
460,1.271014928817749,0.1,2,sched_step_warm,Step decay + warm-up,schedule,2026,v1,False
480,1.011938214302063,0.1,2,sched_step_warm,Step decay + warm-up,schedule,2026,v1,False
500,1.1013665199279785,0.1,2,sched_step_warm,Step decay + warm-up,schedule,2026,v1,False
520,1.0192679166793823,0.1,2,sched_step_warm,Step decay + warm-up,schedule,2026,v1,False
540,1.2090914249420166,0.1,2,sched_step_warm,Step decay + warm-up,schedule,2026,v1,False
560,1.1549057960510254,0.1,2,sched_step_warm,Step decay + warm-up,schedule,2026,v1,False
580,0.8986612558364868,0.1,2,sched_step_warm,Step decay + warm-up,schedule,2026,v1,False
600,0.8791440725326538,0.1,2,sched_step_warm,Step decay + warm-up,schedule,2026,v1,False
620,0.888076663017273,0.1,2,sched_step_warm,Step decay + warm-up,schedule,2026,v1,False
640,0.8801265954971313,0.1,2,sched_step_warm,Step decay + warm-up,schedule,2026,v1,False
660,0.8274436593055725,0.1,2,sched_step_warm,Step decay + warm-up,schedule,2026,v1,False
680,0.7033907771110535,0.1,2,sched_step_warm,Step decay + warm-up,schedule,2026,v1,False
700,0.8175462484359741,0.1,2,sched_step_warm,Step decay + warm-up,schedule,2026,v1,False
720,0.6910606622695923,0.1,3,sched_step_warm,Step decay + warm-up,schedule,2026,v1,False
740,0.5844569802284241,0.1,3,sched_step_warm,Step decay + warm-up,schedule,2026,v1,False
760,0.6186854839324951,0.1,3,sched_step_warm,Step decay + warm-up,schedule,2026,v1,False
780,0.7710070610046387,0.1,3,sched_step_warm,Step decay + warm-up,schedule,2026,v1,False
800,0.7472026348114014,0.1,3,sched_step_warm,Step decay + warm-up,schedule,2026,v1,False
820,0.9118098020553589,0.1,3,sched_step_warm,Step decay + warm-up,schedule,2026,v1,False
840,0.8134219646453857,0.1,3,sched_step_warm,Step decay + warm-up,schedule,2026,v1,False
860,0.7352293729782104,0.1,3,sched_step_warm,Step decay + warm-up,schedule,2026,v1,False
880,0.7982176542282104,0.1,3,sched_step_warm,Step decay + warm-up,schedule,2026,v1,False
900,0.7181295156478882,0.1,3,sched_step_warm,Step decay + warm-up,schedule,2026,v1,False
920,0.6313714981079102,0.1,3,sched_step_warm,Step decay + warm-up,schedule,2026,v1,False
940,0.8336124420166016,0.1,3,sched_step_warm,Step decay + warm-up,schedule,2026,v1,False
960,0.6204476356506348,0.1,3,sched_step_warm,Step decay + warm-up,schedule,2026,v1,False
980,0.7652619481086731,0.1,3,sched_step_warm,Step decay + warm-up,schedule,2026,v1,False
1000,0.7741042375564575,0.1,3,sched_step_warm,Step decay + warm-up,schedule,2026,v1,False
1020,0.6088578701019287,0.1,3,sched_step_warm,Step decay + warm-up,schedule,2026,v1,False
1040,0.609778642654419,0.1,3,sched_step_warm,Step decay + warm-up,schedule,2026,v1,False
1060,0.39045941829681396,0.1,4,sched_step_warm,Step decay + warm-up,schedule,2026,v1,False
1080,0.43342822790145874,0.1,4,sched_step_warm,Step decay + warm-up,schedule,2026,v1,False
1100,0.7030884027481079,0.1,4,sched_step_warm,Step decay + warm-up,schedule,2026,v1,False
1120,0.5999683737754822,0.1,4,sched_step_warm,Step decay + warm-up,schedule,2026,v1,False
1140,0.47336119413375854,0.1,4,sched_step_warm,Step decay + warm-up,schedule,2026,v1,False
1160,0.6156699061393738,0.1,4,sched_step_warm,Step decay + warm-up,schedule,2026,v1,False
1180,0.7719972133636475,0.1,4,sched_step_warm,Step decay + warm-up,schedule,2026,v1,False
1200,0.6143423318862915,0.1,4,sched_step_warm,Step decay + warm-up,schedule,2026,v1,False
1220,0.7884541749954224,0.1,4,sched_step_warm,Step decay + warm-up,schedule,2026,v1,False
1240,0.6500390768051147,0.1,4,sched_step_warm,Step decay + warm-up,schedule,2026,v1,False
1260,0.5071918964385986,0.1,4,sched_step_warm,Step decay + warm-up,schedule,2026,v1,False
1280,0.46367672085762024,0.1,4,sched_step_warm,Step decay + warm-up,schedule,2026,v1,False
1300,0.6764979958534241,0.1,4,sched_step_warm,Step decay + warm-up,schedule,2026,v1,False
1320,0.5639036893844604,0.1,4,sched_step_warm,Step decay + warm-up,schedule,2026,v1,False
1340,0.5380573272705078,0.1,4,sched_step_warm,Step decay + warm-up,schedule,2026,v1,False
1360,0.5305375456809998,0.1,4,sched_step_warm,Step decay + warm-up,schedule,2026,v1,False
1380,0.5506028532981873,0.1,4,sched_step_warm,Step decay + warm-up,schedule,2026,v1,False
1400,0.5683114528656006,0.1,4,sched_step_warm,Step decay + warm-up,schedule,2026,v1,False
1420,0.47613173723220825,0.1,5,sched_step_warm,Step decay + warm-up,schedule,2026,v1,False
1440,0.5302262306213379,0.1,5,sched_step_warm,Step decay + warm-up,schedule,2026,v1,False
1460,0.41329425573349,0.1,5,sched_step_warm,Step decay + warm-up,schedule,2026,v1,False
1480,0.518489420413971,0.1,5,sched_step_warm,Step decay + warm-up,schedule,2026,v1,False
1500,0.5965659618377686,0.1,5,sched_step_warm,Step decay + warm-up,schedule,2026,v1,False
1520,0.44590485095977783,0.1,5,sched_step_warm,Step decay + warm-up,schedule,2026,v1,False
1540,0.46495482325553894,0.1,5,sched_step_warm,Step decay + warm-up,schedule,2026,v1,False
1560,0.6843596696853638,0.1,5,sched_step_warm,Step decay + warm-up,schedule,2026,v1,False
1580,0.4720672369003296,0.1,5,sched_step_warm,Step decay + warm-up,schedule,2026,v1,False
1600,0.35498329997062683,0.1,5,sched_step_warm,Step decay + warm-up,schedule,2026,v1,False
1620,0.431008905172348,0.1,5,sched_step_warm,Step decay + warm-up,schedule,2026,v1,False
1640,0.46520674228668213,0.1,5,sched_step_warm,Step decay + warm-up,schedule,2026,v1,False
1660,0.4343133866786957,0.1,5,sched_step_warm,Step decay + warm-up,schedule,2026,v1,False
1680,0.485888808965683,0.1,5,sched_step_warm,Step decay + warm-up,schedule,2026,v1,False
1700,0.4895458519458771,0.1,5,sched_step_warm,Step decay + warm-up,schedule,2026,v1,False
1720,0.5182070732116699,0.1,5,sched_step_warm,Step decay + warm-up,schedule,2026,v1,False
1740,0.7111462950706482,0.1,5,sched_step_warm,Step decay + warm-up,schedule,2026,v1,False
1760,0.5125573873519897,0.1,6,sched_step_warm,Step decay + warm-up,schedule,2026,v1,False
1780,0.31474190950393677,0.1,6,sched_step_warm,Step decay + warm-up,schedule,2026,v1,False
1800,0.42596200108528137,0.1,6,sched_step_warm,Step decay + warm-up,schedule,2026,v1,False
1820,0.3728214502334595,0.1,6,sched_step_warm,Step decay + warm-up,schedule,2026,v1,False
1840,0.45895037055015564,0.1,6,sched_step_warm,Step decay + warm-up,schedule,2026,v1,False
1860,0.49653518199920654,0.1,6,sched_step_warm,Step decay + warm-up,schedule,2026,v1,False
1880,0.3623965382575989,0.1,6,sched_step_warm,Step decay + warm-up,schedule,2026,v1,False
1900,0.44355547428131104,0.1,6,sched_step_warm,Step decay + warm-up,schedule,2026,v1,False
1920,0.4163997173309326,0.1,6,sched_step_warm,Step decay + warm-up,schedule,2026,v1,False
1940,0.47198888659477234,0.1,6,sched_step_warm,Step decay + warm-up,schedule,2026,v1,False
1960,0.4398650825023651,0.1,6,sched_step_warm,Step decay + warm-up,schedule,2026,v1,False
1980,0.34871673583984375,0.1,6,sched_step_warm,Step decay + warm-up,schedule,2026,v1,False
2000,0.3764989674091339,0.1,6,sched_step_warm,Step decay + warm-up,schedule,2026,v1,False
2020,0.39803770184516907,0.1,6,sched_step_warm,Step decay + warm-up,schedule,2026,v1,False
2040,0.46071669459342957,0.1,6,sched_step_warm,Step decay + warm-up,schedule,2026,v1,False
2060,0.43362152576446533,0.1,6,sched_step_warm,Step decay + warm-up,schedule,2026,v1,False
2080,0.3624589443206787,0.1,6,sched_step_warm,Step decay + warm-up,schedule,2026,v1,False
2100,0.3712553381919861,0.1,6,sched_step_warm,Step decay + warm-up,schedule,2026,v1,False
2120,0.36376962065696716,0.1,7,sched_step_warm,Step decay + warm-up,schedule,2026,v1,False
2140,0.3370552361011505,0.1,7,sched_step_warm,Step decay + warm-up,schedule,2026,v1,False
2160,0.2948872447013855,0.1,7,sched_step_warm,Step decay + warm-up,schedule,2026,v1,False
2180,0.4416865110397339,0.1,7,sched_step_warm,Step decay + warm-up,schedule,2026,v1,False
2200,0.47975319623947144,0.1,7,sched_step_warm,Step decay + warm-up,schedule,2026,v1,False
2220,0.4387415945529938,0.1,7,sched_step_warm,Step decay + warm-up,schedule,2026,v1,False
2240,0.43669456243515015,0.1,7,sched_step_warm,Step decay + warm-up,schedule,2026,v1,False
2260,0.48587989807128906,0.1,7,sched_step_warm,Step decay + warm-up,schedule,2026,v1,False
2280,0.3081623911857605,0.1,7,sched_step_warm,Step decay + warm-up,schedule,2026,v1,False
2300,0.3494161069393158,0.1,7,sched_step_warm,Step decay + warm-up,schedule,2026,v1,False
2320,0.43356025218963623,0.1,7,sched_step_warm,Step decay + warm-up,schedule,2026,v1,False
2340,0.3668438196182251,0.1,7,sched_step_warm,Step decay + warm-up,schedule,2026,v1,False
2360,0.46626657247543335,0.1,7,sched_step_warm,Step decay + warm-up,schedule,2026,v1,False
2380,0.3187204599380493,0.1,7,sched_step_warm,Step decay + warm-up,schedule,2026,v1,False
2400,0.3401367664337158,0.1,7,sched_step_warm,Step decay + warm-up,schedule,2026,v1,False
2420,0.4207909107208252,0.1,7,sched_step_warm,Step decay + warm-up,schedule,2026,v1,False
2440,0.5439780950546265,0.1,7,sched_step_warm,Step decay + warm-up,schedule,2026,v1,False
2460,0.4261394143104553,0.1,7,sched_step_warm,Step decay + warm-up,schedule,2026,v1,False
2480,0.30796247720718384,0.1,8,sched_step_warm,Step decay + warm-up,schedule,2026,v1,False
2500,0.31606629490852356,0.1,8,sched_step_warm,Step decay + warm-up,schedule,2026,v1,False
2520,0.251613974571228,0.1,8,sched_step_warm,Step decay + warm-up,schedule,2026,v1,False
2540,0.35620516538619995,0.1,8,sched_step_warm,Step decay + warm-up,schedule,2026,v1,False
2560,0.2237389087677002,0.1,8,sched_step_warm,Step decay + warm-up,schedule,2026,v1,False
2580,0.4183550179004669,0.1,8,sched_step_warm,Step decay + warm-up,schedule,2026,v1,False
2600,0.18172530829906464,0.1,8,sched_step_warm,Step decay + warm-up,schedule,2026,v1,False
2620,0.2916727066040039,0.1,8,sched_step_warm,Step decay + warm-up,schedule,2026,v1,False
2640,0.36064374446868896,0.1,8,sched_step_warm,Step decay + warm-up,schedule,2026,v1,False
2660,0.3413483500480652,0.1,8,sched_step_warm,Step decay + warm-up,schedule,2026,v1,False
2680,0.20623651146888733,0.1,8,sched_step_warm,Step decay + warm-up,schedule,2026,v1,False
2700,0.2466038167476654,0.1,8,sched_step_warm,Step decay + warm-up,schedule,2026,v1,False
2720,0.426730751991272,0.1,8,sched_step_warm,Step decay + warm-up,schedule,2026,v1,False
2740,0.35624492168426514,0.1,8,sched_step_warm,Step decay + warm-up,schedule,2026,v1,False
2760,0.395632266998291,0.1,8,sched_step_warm,Step decay + warm-up,schedule,2026,v1,False
2780,0.45075348019599915,0.1,8,sched_step_warm,Step decay + warm-up,schedule,2026,v1,False
2800,0.5156129002571106,0.1,8,sched_step_warm,Step decay + warm-up,schedule,2026,v1,False
2820,0.2310090959072113,0.1,9,sched_step_warm,Step decay + warm-up,schedule,2026,v1,False
2840,0.25267893075942993,0.1,9,sched_step_warm,Step decay + warm-up,schedule,2026,v1,False
2860,0.2976137101650238,0.1,9,sched_step_warm,Step decay + warm-up,schedule,2026,v1,False
2880,0.2873750329017639,0.1,9,sched_step_warm,Step decay + warm-up,schedule,2026,v1,False
2900,0.2743724584579468,0.1,9,sched_step_warm,Step decay + warm-up,schedule,2026,v1,False
2920,0.2722955048084259,0.1,9,sched_step_warm,Step decay + warm-up,schedule,2026,v1,False
2940,0.35030972957611084,0.1,9,sched_step_warm,Step decay + warm-up,schedule,2026,v1,False
2960,0.3027181625366211,0.1,9,sched_step_warm,Step decay + warm-up,schedule,2026,v1,False
2980,0.36520493030548096,0.1,9,sched_step_warm,Step decay + warm-up,schedule,2026,v1,False
3000,0.4360663592815399,0.1,9,sched_step_warm,Step decay + warm-up,schedule,2026,v1,False
3020,0.32029277086257935,0.1,9,sched_step_warm,Step decay + warm-up,schedule,2026,v1,False
3040,0.3719649612903595,0.1,9,sched_step_warm,Step decay + warm-up,schedule,2026,v1,False
3060,0.4225355386734009,0.1,9,sched_step_warm,Step decay + warm-up,schedule,2026,v1,False
3080,0.2802325487136841,0.1,9,sched_step_warm,Step decay + warm-up,schedule,2026,v1,False
3100,0.29148775339126587,0.1,9,sched_step_warm,Step decay + warm-up,schedule,2026,v1,False
3120,0.4638712406158447,0.1,9,sched_step_warm,Step decay + warm-up,schedule,2026,v1,False
3140,0.2162601202726364,0.1,9,sched_step_warm,Step decay + warm-up,schedule,2026,v1,False
3160,0.4174175262451172,0.1,9,sched_step_warm,Step decay + warm-up,schedule,2026,v1,False
3180,0.15128003060817719,0.010000000000000002,10,sched_step_warm,Step decay + warm-up,schedule,2026,v1,False
3200,0.13999785482883453,0.010000000000000002,10,sched_step_warm,Step decay + warm-up,schedule,2026,v1,False
3220,0.2276291847229004,0.010000000000000002,10,sched_step_warm,Step decay + warm-up,schedule,2026,v1,False
3240,0.05020898953080177,0.010000000000000002,10,sched_step_warm,Step decay + warm-up,schedule,2026,v1,False
3260,0.1610625982284546,0.010000000000000002,10,sched_step_warm,Step decay + warm-up,schedule,2026,v1,False
3280,0.08856293559074402,0.010000000000000002,10,sched_step_warm,Step decay + warm-up,schedule,2026,v1,False
3300,0.07981683313846588,0.010000000000000002,10,sched_step_warm,Step decay + warm-up,schedule,2026,v1,False
3320,0.10846102237701416,0.010000000000000002,10,sched_step_warm,Step decay + warm-up,schedule,2026,v1,False
3340,0.07720312476158142,0.010000000000000002,10,sched_step_warm,Step decay + warm-up,schedule,2026,v1,False
3360,0.06857143342494965,0.010000000000000002,10,sched_step_warm,Step decay + warm-up,schedule,2026,v1,False
3380,0.07566985487937927,0.010000000000000002,10,sched_step_warm,Step decay + warm-up,schedule,2026,v1,False
3400,0.11510837078094482,0.010000000000000002,10,sched_step_warm,Step decay + warm-up,schedule,2026,v1,False
3420,0.07746527343988419,0.010000000000000002,10,sched_step_warm,Step decay + warm-up,schedule,2026,v1,False
3440,0.041860438883304596,0.010000000000000002,10,sched_step_warm,Step decay + warm-up,schedule,2026,v1,False
3460,0.07358565926551819,0.010000000000000002,10,sched_step_warm,Step decay + warm-up,schedule,2026,v1,False
3480,0.11132695525884628,0.010000000000000002,10,sched_step_warm,Step decay + warm-up,schedule,2026,v1,False
3500,0.03907686844468117,0.010000000000000002,10,sched_step_warm,Step decay + warm-up,schedule,2026,v1,False
3520,0.020696250721812248,0.010000000000000002,11,sched_step_warm,Step decay + warm-up,schedule,2026,v1,False
3540,0.028695663437247276,0.010000000000000002,11,sched_step_warm,Step decay + warm-up,schedule,2026,v1,False
3560,0.02479105070233345,0.010000000000000002,11,sched_step_warm,Step decay + warm-up,schedule,2026,v1,False
3580,0.07834699749946594,0.010000000000000002,11,sched_step_warm,Step decay + warm-up,schedule,2026,v1,False
3600,0.009639227762818336,0.010000000000000002,11,sched_step_warm,Step decay + warm-up,schedule,2026,v1,False
3620,0.047231342643499374,0.010000000000000002,11,sched_step_warm,Step decay + warm-up,schedule,2026,v1,False
3640,0.010942352004349232,0.010000000000000002,11,sched_step_warm,Step decay + warm-up,schedule,2026,v1,False
3660,0.0578780435025692,0.010000000000000002,11,sched_step_warm,Step decay + warm-up,schedule,2026,v1,False
3680,0.056243546307086945,0.010000000000000002,11,sched_step_warm,Step decay + warm-up,schedule,2026,v1,False
3700,0.05792541056871414,0.010000000000000002,11,sched_step_warm,Step decay + warm-up,schedule,2026,v1,False
3720,0.019002186134457588,0.010000000000000002,11,sched_step_warm,Step decay + warm-up,schedule,2026,v1,False
3740,0.05742594227194786,0.010000000000000002,11,sched_step_warm,Step decay + warm-up,schedule,2026,v1,False
3760,0.018507394939661026,0.010000000000000002,11,sched_step_warm,Step decay + warm-up,schedule,2026,v1,False
3780,0.02827482484281063,0.010000000000000002,11,sched_step_warm,Step decay + warm-up,schedule,2026,v1,False
3800,0.04047826677560806,0.010000000000000002,11,sched_step_warm,Step decay + warm-up,schedule,2026,v1,False
3820,0.03984934464097023,0.010000000000000002,11,sched_step_warm,Step decay + warm-up,schedule,2026,v1,False
3840,0.03643447905778885,0.010000000000000002,11,sched_step_warm,Step decay + warm-up,schedule,2026,v1,False
3860,0.05702048912644386,0.010000000000000002,11,sched_step_warm,Step decay + warm-up,schedule,2026,v1,False
3880,0.02142808400094509,0.010000000000000002,12,sched_step_warm,Step decay + warm-up,schedule,2026,v1,False
3900,0.015654182061553,0.010000000000000002,12,sched_step_warm,Step decay + warm-up,schedule,2026,v1,False
3920,0.04391223564743996,0.010000000000000002,12,sched_step_warm,Step decay + warm-up,schedule,2026,v1,False
3940,0.008660858497023582,0.010000000000000002,12,sched_step_warm,Step decay + warm-up,schedule,2026,v1,False
3960,0.013672126457095146,0.010000000000000002,12,sched_step_warm,Step decay + warm-up,schedule,2026,v1,False
3980,0.03681090474128723,0.010000000000000002,12,sched_step_warm,Step decay + warm-up,schedule,2026,v1,False
4000,0.007858207449316978,0.010000000000000002,12,sched_step_warm,Step decay + warm-up,schedule,2026,v1,False
4020,0.012505896389484406,0.010000000000000002,12,sched_step_warm,Step decay + warm-up,schedule,2026,v1,False
4040,0.012493964284658432,0.010000000000000002,12,sched_step_warm,Step decay + warm-up,schedule,2026,v1,False
4060,0.010521329939365387,0.010000000000000002,12,sched_step_warm,Step decay + warm-up,schedule,2026,v1,False
4080,0.008883061818778515,0.010000000000000002,12,sched_step_warm,Step decay + warm-up,schedule,2026,v1,False
4100,0.01187283918261528,0.010000000000000002,12,sched_step_warm,Step decay + warm-up,schedule,2026,v1,False
4120,0.012316285632550716,0.010000000000000002,12,sched_step_warm,Step decay + warm-up,schedule,2026,v1,False
4140,0.026003122329711914,0.010000000000000002,12,sched_step_warm,Step decay + warm-up,schedule,2026,v1,False
4160,0.031676460057497025,0.010000000000000002,12,sched_step_warm,Step decay + warm-up,schedule,2026,v1,False
4180,0.018033556640148163,0.010000000000000002,12,sched_step_warm,Step decay + warm-up,schedule,2026,v1,False
4200,0.016484081745147705,0.010000000000000002,12,sched_step_warm,Step decay + warm-up,schedule,2026,v1,False
4220,0.006169869564473629,0.010000000000000002,12,sched_step_warm,Step decay + warm-up,schedule,2026,v1,False
4240,0.005009675398468971,0.010000000000000002,13,sched_step_warm,Step decay + warm-up,schedule,2026,v1,False
4260,0.006224233657121658,0.010000000000000002,13,sched_step_warm,Step decay + warm-up,schedule,2026,v1,False
4280,0.007154805585741997,0.010000000000000002,13,sched_step_warm,Step decay + warm-up,schedule,2026,v1,False
4300,0.008032338693737984,0.010000000000000002,13,sched_step_warm,Step decay + warm-up,schedule,2026,v1,False
4320,0.00694171991199255,0.010000000000000002,13,sched_step_warm,Step decay + warm-up,schedule,2026,v1,False
4340,0.006421044003218412,0.010000000000000002,13,sched_step_warm,Step decay + warm-up,schedule,2026,v1,False
4360,0.007004468701779842,0.010000000000000002,13,sched_step_warm,Step decay + warm-up,schedule,2026,v1,False
4380,0.016222096979618073,0.010000000000000002,13,sched_step_warm,Step decay + warm-up,schedule,2026,v1,False
4400,0.008289828896522522,0.010000000000000002,13,sched_step_warm,Step decay + warm-up,schedule,2026,v1,False
4420,0.011675250716507435,0.010000000000000002,13,sched_step_warm,Step decay + warm-up,schedule,2026,v1,False
4440,0.007326211780309677,0.010000000000000002,13,sched_step_warm,Step decay + warm-up,schedule,2026,v1,False
4460,0.009891567751765251,0.010000000000000002,13,sched_step_warm,Step decay + warm-up,schedule,2026,v1,False
4480,0.0050958022475242615,0.010000000000000002,13,sched_step_warm,Step decay + warm-up,schedule,2026,v1,False
4500,0.007444402202963829,0.010000000000000002,13,sched_step_warm,Step decay + warm-up,schedule,2026,v1,False
4520,0.00527510279789567,0.010000000000000002,13,sched_step_warm,Step decay + warm-up,schedule,2026,v1,False
4540,0.006057284772396088,0.010000000000000002,13,sched_step_warm,Step decay + warm-up,schedule,2026,v1,False
4560,0.0055266497656702995,0.010000000000000002,13,sched_step_warm,Step decay + warm-up,schedule,2026,v1,False
4580,0.008614854887127876,0.010000000000000002,14,sched_step_warm,Step decay + warm-up,schedule,2026,v1,False
4600,0.004263410344719887,0.010000000000000002,14,sched_step_warm,Step decay + warm-up,schedule,2026,v1,False
4620,0.00908591691404581,0.010000000000000002,14,sched_step_warm,Step decay + warm-up,schedule,2026,v1,False
4640,0.004418485797941685,0.010000000000000002,14,sched_step_warm,Step decay + warm-up,schedule,2026,v1,False
4660,0.0033179607708007097,0.010000000000000002,14,sched_step_warm,Step decay + warm-up,schedule,2026,v1,False
4680,0.0025807612109929323,0.010000000000000002,14,sched_step_warm,Step decay + warm-up,schedule,2026,v1,False
4700,0.006895799655467272,0.010000000000000002,14,sched_step_warm,Step decay + warm-up,schedule,2026,v1,False
4720,0.009937007911503315,0.010000000000000002,14,sched_step_warm,Step decay + warm-up,schedule,2026,v1,False
4740,0.005828814581036568,0.010000000000000002,14,sched_step_warm,Step decay + warm-up,schedule,2026,v1,False
4760,0.0030205154325813055,0.010000000000000002,14,sched_step_warm,Step decay + warm-up,schedule,2026,v1,False
4780,0.0018778215162456036,0.010000000000000002,14,sched_step_warm,Step decay + warm-up,schedule,2026,v1,False
4800,0.0026458026841282845,0.010000000000000002,14,sched_step_warm,Step decay + warm-up,schedule,2026,v1,False
4820,0.009160388261079788,0.010000000000000002,14,sched_step_warm,Step decay + warm-up,schedule,2026,v1,False
4840,0.0037947301752865314,0.010000000000000002,14,sched_step_warm,Step decay + warm-up,schedule,2026,v1,False
4860,0.003303689416497946,0.010000000000000002,14,sched_step_warm,Step decay + warm-up,schedule,2026,v1,False
4880,0.003895008470863104,0.010000000000000002,14,sched_step_warm,Step decay + warm-up,schedule,2026,v1,False
4900,0.0019369990332052112,0.010000000000000002,14,sched_step_warm,Step decay + warm-up,schedule,2026,v1,False
4920,0.001760350540280342,0.010000000000000002,14,sched_step_warm,Step decay + warm-up,schedule,2026,v1,False
4940,0.0024493008386343718,0.010000000000000002,15,sched_step_warm,Step decay + warm-up,schedule,2026,v1,False
4960,0.003426909213885665,0.010000000000000002,15,sched_step_warm,Step decay + warm-up,schedule,2026,v1,False
4980,0.0015052816597744823,0.010000000000000002,15,sched_step_warm,Step decay + warm-up,schedule,2026,v1,False
5000,0.0030699921771883965,0.010000000000000002,15,sched_step_warm,Step decay + warm-up,schedule,2026,v1,False
5020,0.0029685015324503183,0.010000000000000002,15,sched_step_warm,Step decay + warm-up,schedule,2026,v1,False
5040,0.012300883419811726,0.010000000000000002,15,sched_step_warm,Step decay + warm-up,schedule,2026,v1,False
5060,0.001107170945033431,0.010000000000000002,15,sched_step_warm,Step decay + warm-up,schedule,2026,v1,False
5080,0.005205403082072735,0.010000000000000002,15,sched_step_warm,Step decay + warm-up,schedule,2026,v1,False
5100,0.0028575644828379154,0.010000000000000002,15,sched_step_warm,Step decay + warm-up,schedule,2026,v1,False
5120,0.0020503962878137827,0.010000000000000002,15,sched_step_warm,Step decay + warm-up,schedule,2026,v1,False
5140,0.001304212724789977,0.010000000000000002,15,sched_step_warm,Step decay + warm-up,schedule,2026,v1,False
5160,0.004648691043257713,0.010000000000000002,15,sched_step_warm,Step decay + warm-up,schedule,2026,v1,False
5180,0.005967430770397186,0.010000000000000002,15,sched_step_warm,Step decay + warm-up,schedule,2026,v1,False
5200,0.0018175619188696146,0.010000000000000002,15,sched_step_warm,Step decay + warm-up,schedule,2026,v1,False
5220,0.004812348634004593,0.010000000000000002,15,sched_step_warm,Step decay + warm-up,schedule,2026,v1,False
5240,0.004438669886440039,0.010000000000000002,15,sched_step_warm,Step decay + warm-up,schedule,2026,v1,False
5260,0.008099100552499294,0.010000000000000002,15,sched_step_warm,Step decay + warm-up,schedule,2026,v1,False
5280,0.0017260814784094691,0.010000000000000002,16,sched_step_warm,Step decay + warm-up,schedule,2026,v1,False
5300,0.001476915436796844,0.010000000000000002,16,sched_step_warm,Step decay + warm-up,schedule,2026,v1,False
5320,0.0017654317198321223,0.010000000000000002,16,sched_step_warm,Step decay + warm-up,schedule,2026,v1,False
5340,0.002266666851937771,0.010000000000000002,16,sched_step_warm,Step decay + warm-up,schedule,2026,v1,False
5360,0.010715737007558346,0.010000000000000002,16,sched_step_warm,Step decay + warm-up,schedule,2026,v1,False
5380,0.0017125534359365702,0.010000000000000002,16,sched_step_warm,Step decay + warm-up,schedule,2026,v1,False
5400,0.0010167906293645501,0.010000000000000002,16,sched_step_warm,Step decay + warm-up,schedule,2026,v1,False
5420,0.002206665463745594,0.010000000000000002,16,sched_step_warm,Step decay + warm-up,schedule,2026,v1,False
5440,0.004249196965247393,0.010000000000000002,16,sched_step_warm,Step decay + warm-up,schedule,2026,v1,False
5460,0.002491783583536744,0.010000000000000002,16,sched_step_warm,Step decay + warm-up,schedule,2026,v1,False
5480,0.0015795009676367044,0.010000000000000002,16,sched_step_warm,Step decay + warm-up,schedule,2026,v1,False
5500,0.0013517134357243776,0.010000000000000002,16,sched_step_warm,Step decay + warm-up,schedule,2026,v1,False
5520,0.0021923179738223553,0.010000000000000002,16,sched_step_warm,Step decay + warm-up,schedule,2026,v1,False
5540,0.0014769171830266714,0.010000000000000002,16,sched_step_warm,Step decay + warm-up,schedule,2026,v1,False
5560,0.002588782925158739,0.010000000000000002,16,sched_step_warm,Step decay + warm-up,schedule,2026,v1,False
5580,0.0036278478801250458,0.010000000000000002,16,sched_step_warm,Step decay + warm-up,schedule,2026,v1,False
5600,0.005310396663844585,0.010000000000000002,16,sched_step_warm,Step decay + warm-up,schedule,2026,v1,False
5620,0.0015289121074602008,0.010000000000000002,16,sched_step_warm,Step decay + warm-up,schedule,2026,v1,False
5640,0.002088341396301985,0.0010000000000000002,17,sched_step_warm,Step decay + warm-up,schedule,2026,v1,False
5660,0.0020766430534422398,0.0010000000000000002,17,sched_step_warm,Step decay + warm-up,schedule,2026,v1,False
5680,0.0019104043021798134,0.0010000000000000002,17,sched_step_warm,Step decay + warm-up,schedule,2026,v1,False
5700,0.0025540548376739025,0.0010000000000000002,17,sched_step_warm,Step decay + warm-up,schedule,2026,v1,False
5720,0.001557986019179225,0.0010000000000000002,17,sched_step_warm,Step decay + warm-up,schedule,2026,v1,False
5740,0.0009290252346545458,0.0010000000000000002,17,sched_step_warm,Step decay + warm-up,schedule,2026,v1,False
5760,0.0017164112068712711,0.0010000000000000002,17,sched_step_warm,Step decay + warm-up,schedule,2026,v1,False
5780,0.003288805019110441,0.0010000000000000002,17,sched_step_warm,Step decay + warm-up,schedule,2026,v1,False
5800,0.0013858894817531109,0.0010000000000000002,17,sched_step_warm,Step decay + warm-up,schedule,2026,v1,False
5820,0.004597674123942852,0.0010000000000000002,17,sched_step_warm,Step decay + warm-up,schedule,2026,v1,False
5840,0.004778639413416386,0.0010000000000000002,17,sched_step_warm,Step decay + warm-up,schedule,2026,v1,False
5860,0.002962377155199647,0.0010000000000000002,17,sched_step_warm,Step decay + warm-up,schedule,2026,v1,False
5880,0.001148706884123385,0.0010000000000000002,17,sched_step_warm,Step decay + warm-up,schedule,2026,v1,False
5900,0.0024329889565706253,0.0010000000000000002,17,sched_step_warm,Step decay + warm-up,schedule,2026,v1,False
5920,0.001303292578086257,0.0010000000000000002,17,sched_step_warm,Step decay + warm-up,schedule,2026,v1,False
5940,0.0009804409928619862,0.0010000000000000002,17,sched_step_warm,Step decay + warm-up,schedule,2026,v1,False
5960,0.004595211241394281,0.0010000000000000002,17,sched_step_warm,Step decay + warm-up,schedule,2026,v1,False
5980,0.002110992558300495,0.0010000000000000002,17,sched_step_warm,Step decay + warm-up,schedule,2026,v1,False
6000,0.001021391130052507,0.0010000000000000002,18,sched_step_warm,Step decay + warm-up,schedule,2026,v1,False
6020,0.007265327963978052,0.0010000000000000002,18,sched_step_warm,Step decay + warm-up,schedule,2026,v1,False
6040,0.001714498270303011,0.0010000000000000002,18,sched_step_warm,Step decay + warm-up,schedule,2026,v1,False
6060,0.0006787284510210156,0.0010000000000000002,18,sched_step_warm,Step decay + warm-up,schedule,2026,v1,False
6080,0.0010409890674054623,0.0010000000000000002,18,sched_step_warm,Step decay + warm-up,schedule,2026,v1,False
6100,0.0010020156623795629,0.0010000000000000002,18,sched_step_warm,Step decay + warm-up,schedule,2026,v1,False
6120,0.002067767083644867,0.0010000000000000002,18,sched_step_warm,Step decay + warm-up,schedule,2026,v1,False
6140,0.0012383601861074567,0.0010000000000000002,18,sched_step_warm,Step decay + warm-up,schedule,2026,v1,False
6160,0.001295418944209814,0.0010000000000000002,18,sched_step_warm,Step decay + warm-up,schedule,2026,v1,False
6180,0.00144132727291435,0.0010000000000000002,18,sched_step_warm,Step decay + warm-up,schedule,2026,v1,False
6200,0.0011139200069010258,0.0010000000000000002,18,sched_step_warm,Step decay + warm-up,schedule,2026,v1,False
6220,0.0007647963357158005,0.0010000000000000002,18,sched_step_warm,Step decay + warm-up,schedule,2026,v1,False
6240,0.0012867723125964403,0.0010000000000000002,18,sched_step_warm,Step decay + warm-up,schedule,2026,v1,False
6260,0.0010546657722443342,0.0010000000000000002,18,sched_step_warm,Step decay + warm-up,schedule,2026,v1,False
6280,0.0020409657154232264,0.0010000000000000002,18,sched_step_warm,Step decay + warm-up,schedule,2026,v1,False
6300,0.0016868896782398224,0.0010000000000000002,18,sched_step_warm,Step decay + warm-up,schedule,2026,v1,False
6320,0.0014085823204368353,0.0010000000000000002,18,sched_step_warm,Step decay + warm-up,schedule,2026,v1,False
6340,0.0016268064500764012,0.0010000000000000002,19,sched_step_warm,Step decay + warm-up,schedule,2026,v1,False
6360,0.001164240762591362,0.0010000000000000002,19,sched_step_warm,Step decay + warm-up,schedule,2026,v1,False
6380,0.0005884204292669892,0.0010000000000000002,19,sched_step_warm,Step decay + warm-up,schedule,2026,v1,False
6400,0.0009655411122366786,0.0010000000000000002,19,sched_step_warm,Step decay + warm-up,schedule,2026,v1,False
6420,0.0027244226075708866,0.0010000000000000002,19,sched_step_warm,Step decay + warm-up,schedule,2026,v1,False
6440,0.0008666132343932986,0.0010000000000000002,19,sched_step_warm,Step decay + warm-up,schedule,2026,v1,False
6460,0.002418867079541087,0.0010000000000000002,19,sched_step_warm,Step decay + warm-up,schedule,2026,v1,False
6480,0.0011185836046934128,0.0010000000000000002,19,sched_step_warm,Step decay + warm-up,schedule,2026,v1,False
6500,0.00138017104472965,0.0010000000000000002,19,sched_step_warm,Step decay + warm-up,schedule,2026,v1,False
6520,0.0014533419162034988,0.0010000000000000002,19,sched_step_warm,Step decay + warm-up,schedule,2026,v1,False
6540,0.0012106526410207152,0.0010000000000000002,19,sched_step_warm,Step decay + warm-up,schedule,2026,v1,False
6560,0.002802541945129633,0.0010000000000000002,19,sched_step_warm,Step decay + warm-up,schedule,2026,v1,False
6580,0.0022249878384172916,0.0010000000000000002,19,sched_step_warm,Step decay + warm-up,schedule,2026,v1,False
6600,0.0021089883521199226,0.0010000000000000002,19,sched_step_warm,Step decay + warm-up,schedule,2026,v1,False
6620,0.001483314554207027,0.0010000000000000002,19,sched_step_warm,Step decay + warm-up,schedule,2026,v1,False
6640,0.0015403169672936201,0.0010000000000000002,19,sched_step_warm,Step decay + warm-up,schedule,2026,v1,False
6660,0.002363612176850438,0.0010000000000000002,19,sched_step_warm,Step decay + warm-up,schedule,2026,v1,False
6680,0.002650241134688258,0.0010000000000000002,19,sched_step_warm,Step decay + warm-up,schedule,2026,v1,False
6700,0.0027108073700219393,0.0010000000000000002,20,sched_step_warm,Step decay + warm-up,schedule,2026,v1,False
6720,0.0010838686721399426,0.0010000000000000002,20,sched_step_warm,Step decay + warm-up,schedule,2026,v1,False
6740,0.002931519877165556,0.0010000000000000002,20,sched_step_warm,Step decay + warm-up,schedule,2026,v1,False
6760,0.0007001051562838256,0.0010000000000000002,20,sched_step_warm,Step decay + warm-up,schedule,2026,v1,False
6780,0.0007193495985120535,0.0010000000000000002,20,sched_step_warm,Step decay + warm-up,schedule,2026,v1,False
6800,0.003510529175400734,0.0010000000000000002,20,sched_step_warm,Step decay + warm-up,schedule,2026,v1,False
6820,0.001674198778346181,0.0010000000000000002,20,sched_step_warm,Step decay + warm-up,schedule,2026,v1,False
6840,0.004321104381233454,0.0010000000000000002,20,sched_step_warm,Step decay + warm-up,schedule,2026,v1,False
6860,0.0015911677619442344,0.0010000000000000002,20,sched_step_warm,Step decay + warm-up,schedule,2026,v1,False
6880,0.0016021759947761893,0.0010000000000000002,20,sched_step_warm,Step decay + warm-up,schedule,2026,v1,False
6900,0.003131125122308731,0.0010000000000000002,20,sched_step_warm,Step decay + warm-up,schedule,2026,v1,False
6920,0.0013105743564665318,0.0010000000000000002,20,sched_step_warm,Step decay + warm-up,schedule,2026,v1,False
6940,0.0015484463656321168,0.0010000000000000002,20,sched_step_warm,Step decay + warm-up,schedule,2026,v1,False
6960,0.0020182037260383368,0.0010000000000000002,20,sched_step_warm,Step decay + warm-up,schedule,2026,v1,False
6980,0.014791814610362053,0.0010000000000000002,20,sched_step_warm,Step decay + warm-up,schedule,2026,v1,False
7000,0.0027187790255993605,0.0010000000000000002,20,sched_step_warm,Step decay + warm-up,schedule,2026,v1,False
7020,0.0031016692519187927,0.0010000000000000002,20,sched_step_warm,Step decay + warm-up,schedule,2026,v1,False
0,2.5689821243286133,0.1,1,sched_cosine,Cosine,schedule,42,v1,False
20,2.8817431926727295,0.1,1,sched_cosine,Cosine,schedule,42,v1,False
40,2.301480293273926,0.1,1,sched_cosine,Cosine,schedule,42,v1,False
60,2.2704925537109375,0.1,1,sched_cosine,Cosine,schedule,42,v1,False
80,2.303213596343994,0.1,1,sched_cosine,Cosine,schedule,42,v1,False
100,2.222050428390503,0.1,1,sched_cosine,Cosine,schedule,42,v1,False
120,2.143954038619995,0.1,1,sched_cosine,Cosine,schedule,42,v1,False
140,2.0665793418884277,0.1,1,sched_cosine,Cosine,schedule,42,v1,False
160,2.110252857208252,0.1,1,sched_cosine,Cosine,schedule,42,v1,False
180,2.0664618015289307,0.1,1,sched_cosine,Cosine,schedule,42,v1,False
200,2.0413620471954346,0.1,1,sched_cosine,Cosine,schedule,42,v1,False
220,1.865044355392456,0.1,1,sched_cosine,Cosine,schedule,42,v1,False
240,2.1041674613952637,0.1,1,sched_cosine,Cosine,schedule,42,v1,False
260,1.9174671173095703,0.1,1,sched_cosine,Cosine,schedule,42,v1,False
280,1.881312608718872,0.1,1,sched_cosine,Cosine,schedule,42,v1,False
300,1.8486716747283936,0.1,1,sched_cosine,Cosine,schedule,42,v1,False
320,1.8144898414611816,0.1,1,sched_cosine,Cosine,schedule,42,v1,False
340,1.6966763734817505,0.1,1,sched_cosine,Cosine,schedule,42,v1,False
360,1.7462904453277588,0.09931813336361911,2,sched_cosine,Cosine,schedule,42,v1,False
380,1.936883807182312,0.09931813336361911,2,sched_cosine,Cosine,schedule,42,v1,False
400,1.4962199926376343,0.09931813336361911,2,sched_cosine,Cosine,schedule,42,v1,False
420,1.650415062904358,0.09931813336361911,2,sched_cosine,Cosine,schedule,42,v1,False
440,1.630467414855957,0.09931813336361911,2,sched_cosine,Cosine,schedule,42,v1,False
460,1.6171209812164307,0.09931813336361911,2,sched_cosine,Cosine,schedule,42,v1,False
480,1.5945934057235718,0.09931813336361911,2,sched_cosine,Cosine,schedule,42,v1,False
500,1.4408448934555054,0.09931813336361911,2,sched_cosine,Cosine,schedule,42,v1,False
520,1.431694507598877,0.09931813336361911,2,sched_cosine,Cosine,schedule,42,v1,False
540,1.7074978351593018,0.09931813336361911,2,sched_cosine,Cosine,schedule,42,v1,False
560,1.5640925168991089,0.09931813336361911,2,sched_cosine,Cosine,schedule,42,v1,False
580,1.441777229309082,0.09931813336361911,2,sched_cosine,Cosine,schedule,42,v1,False
600,1.5139338970184326,0.09931813336361911,2,sched_cosine,Cosine,schedule,42,v1,False
620,1.3251936435699463,0.09931813336361911,2,sched_cosine,Cosine,schedule,42,v1,False
640,1.3789854049682617,0.09931813336361911,2,sched_cosine,Cosine,schedule,42,v1,False
660,1.2361087799072266,0.09931813336361911,2,sched_cosine,Cosine,schedule,42,v1,False
680,1.5192400217056274,0.09931813336361911,2,sched_cosine,Cosine,schedule,42,v1,False
700,1.2975637912750244,0.09931813336361911,2,sched_cosine,Cosine,schedule,42,v1,False
720,1.2780994176864624,0.09729113299882323,3,sched_cosine,Cosine,schedule,42,v1,False
740,1.5109399557113647,0.09729113299882323,3,sched_cosine,Cosine,schedule,42,v1,False
760,1.3172600269317627,0.09729113299882323,3,sched_cosine,Cosine,schedule,42,v1,False
780,1.2783021926879883,0.09729113299882323,3,sched_cosine,Cosine,schedule,42,v1,False
800,1.2925597429275513,0.09729113299882323,3,sched_cosine,Cosine,schedule,42,v1,False
820,1.2610037326812744,0.09729113299882323,3,sched_cosine,Cosine,schedule,42,v1,False
840,1.3524389266967773,0.09729113299882323,3,sched_cosine,Cosine,schedule,42,v1,False
860,1.3270251750946045,0.09729113299882323,3,sched_cosine,Cosine,schedule,42,v1,False
880,1.3037536144256592,0.09729113299882323,3,sched_cosine,Cosine,schedule,42,v1,False
900,1.4522271156311035,0.09729113299882323,3,sched_cosine,Cosine,schedule,42,v1,False
920,1.0872693061828613,0.09729113299882323,3,sched_cosine,Cosine,schedule,42,v1,False
940,1.40061616897583,0.09729113299882323,3,sched_cosine,Cosine,schedule,42,v1,False
960,1.2015135288238525,0.09729113299882323,3,sched_cosine,Cosine,schedule,42,v1,False
980,1.150037407875061,0.09729113299882323,3,sched_cosine,Cosine,schedule,42,v1,False
1000,1.042035460472107,0.09729113299882323,3,sched_cosine,Cosine,schedule,42,v1,False
1020,1.1490169763565063,0.09729113299882323,3,sched_cosine,Cosine,schedule,42,v1,False
1040,1.2202439308166504,0.09729113299882323,3,sched_cosine,Cosine,schedule,42,v1,False
1060,1.0773530006408691,0.09397429019156842,4,sched_cosine,Cosine,schedule,42,v1,False
1080,1.1135849952697754,0.09397429019156842,4,sched_cosine,Cosine,schedule,42,v1,False
1100,1.4387025833129883,0.09397429019156842,4,sched_cosine,Cosine,schedule,42,v1,False
1120,1.1263530254364014,0.09397429019156842,4,sched_cosine,Cosine,schedule,42,v1,False
1140,1.0399373769760132,0.09397429019156842,4,sched_cosine,Cosine,schedule,42,v1,False
1160,0.9988060593605042,0.09397429019156842,4,sched_cosine,Cosine,schedule,42,v1,False
1180,0.9368404746055603,0.09397429019156842,4,sched_cosine,Cosine,schedule,42,v1,False
1200,1.0575429201126099,0.09397429019156842,4,sched_cosine,Cosine,schedule,42,v1,False
1220,1.0017497539520264,0.09397429019156842,4,sched_cosine,Cosine,schedule,42,v1,False
1240,0.7447504997253418,0.09397429019156842,4,sched_cosine,Cosine,schedule,42,v1,False
1260,0.9082814455032349,0.09397429019156842,4,sched_cosine,Cosine,schedule,42,v1,False
1280,1.0170756578445435,0.09397429019156842,4,sched_cosine,Cosine,schedule,42,v1,False
1300,0.9699149131774902,0.09397429019156842,4,sched_cosine,Cosine,schedule,42,v1,False
1320,0.8808975219726562,0.09397429019156842,4,sched_cosine,Cosine,schedule,42,v1,False
1340,0.7238631248474121,0.09397429019156842,4,sched_cosine,Cosine,schedule,42,v1,False
1360,0.9312232732772827,0.09397429019156842,4,sched_cosine,Cosine,schedule,42,v1,False
1380,1.0120670795440674,0.09397429019156842,4,sched_cosine,Cosine,schedule,42,v1,False
1400,0.9606302976608276,0.09397429019156842,4,sched_cosine,Cosine,schedule,42,v1,False
1420,1.0421602725982666,0.08945807976727271,5,sched_cosine,Cosine,schedule,42,v1,False
1440,0.8379336595535278,0.08945807976727271,5,sched_cosine,Cosine,schedule,42,v1,False
1460,0.9438529014587402,0.08945807976727271,5,sched_cosine,Cosine,schedule,42,v1,False
1480,0.8841873407363892,0.08945807976727271,5,sched_cosine,Cosine,schedule,42,v1,False
1500,0.7761625051498413,0.08945807976727271,5,sched_cosine,Cosine,schedule,42,v1,False
1520,0.6863205432891846,0.08945807976727271,5,sched_cosine,Cosine,schedule,42,v1,False
1540,0.8349118828773499,0.08945807976727271,5,sched_cosine,Cosine,schedule,42,v1,False
1560,0.8434581160545349,0.08945807976727271,5,sched_cosine,Cosine,schedule,42,v1,False
1580,0.8487821817398071,0.08945807976727271,5,sched_cosine,Cosine,schedule,42,v1,False
1600,0.7939080595970154,0.08945807976727271,5,sched_cosine,Cosine,schedule,42,v1,False
1620,1.084154725074768,0.08945807976727271,5,sched_cosine,Cosine,schedule,42,v1,False
1640,0.64959716796875,0.08945807976727271,5,sched_cosine,Cosine,schedule,42,v1,False
1660,0.9014534950256348,0.08945807976727271,5,sched_cosine,Cosine,schedule,42,v1,False
1680,0.976331353187561,0.08945807976727271,5,sched_cosine,Cosine,schedule,42,v1,False
1700,0.9773116707801819,0.08945807976727271,5,sched_cosine,Cosine,schedule,42,v1,False
1720,0.666833221912384,0.08945807976727271,5,sched_cosine,Cosine,schedule,42,v1,False
1740,1.075197696685791,0.08945807976727271,5,sched_cosine,Cosine,schedule,42,v1,False
1760,0.6981854438781738,0.08386569217342893,6,sched_cosine,Cosine,schedule,42,v1,False
1780,0.681722104549408,0.08386569217342893,6,sched_cosine,Cosine,schedule,42,v1,False
1800,0.8840779066085815,0.08386569217342893,6,sched_cosine,Cosine,schedule,42,v1,False
1820,0.7993369102478027,0.08386569217342893,6,sched_cosine,Cosine,schedule,42,v1,False
1840,0.6336522102355957,0.08386569217342893,6,sched_cosine,Cosine,schedule,42,v1,False
1860,0.7449889183044434,0.08386569217342893,6,sched_cosine,Cosine,schedule,42,v1,False
1880,0.8536968231201172,0.08386569217342893,6,sched_cosine,Cosine,schedule,42,v1,False
1900,0.7546234130859375,0.08386569217342893,6,sched_cosine,Cosine,schedule,42,v1,False
1920,0.8521679639816284,0.08386569217342893,6,sched_cosine,Cosine,schedule,42,v1,False
1940,0.7546705007553101,0.08386569217342893,6,sched_cosine,Cosine,schedule,42,v1,False
1960,0.6349816918373108,0.08386569217342893,6,sched_cosine,Cosine,schedule,42,v1,False
1980,0.6165551543235779,0.08386569217342893,6,sched_cosine,Cosine,schedule,42,v1,False
2000,0.8455535769462585,0.08386569217342893,6,sched_cosine,Cosine,schedule,42,v1,False
2020,0.785674512386322,0.08386569217342893,6,sched_cosine,Cosine,schedule,42,v1,False
2040,0.7651983499526978,0.08386569217342893,6,sched_cosine,Cosine,schedule,42,v1,False
2060,0.7492128014564514,0.08386569217342893,6,sched_cosine,Cosine,schedule,42,v1,False
2080,0.7328019142150879,0.08386569217342893,6,sched_cosine,Cosine,schedule,42,v1,False
2100,0.7029861211776733,0.08386569217342893,6,sched_cosine,Cosine,schedule,42,v1,False
2120,0.6225320100784302,0.07734967316533074,7,sched_cosine,Cosine,schedule,42,v1,False
2140,0.5769996643066406,0.07734967316533074,7,sched_cosine,Cosine,schedule,42,v1,False
2160,0.4815491735935211,0.07734967316533074,7,sched_cosine,Cosine,schedule,42,v1,False
2180,0.69864821434021,0.07734967316533074,7,sched_cosine,Cosine,schedule,42,v1,False
2200,0.5112951397895813,0.07734967316533074,7,sched_cosine,Cosine,schedule,42,v1,False
2220,0.61800217628479,0.07734967316533074,7,sched_cosine,Cosine,schedule,42,v1,False
2240,0.6601507067680359,0.07734967316533074,7,sched_cosine,Cosine,schedule,42,v1,False
2260,0.6360691785812378,0.07734967316533074,7,sched_cosine,Cosine,schedule,42,v1,False
2280,0.7691203355789185,0.07734967316533074,7,sched_cosine,Cosine,schedule,42,v1,False
2300,0.6950329542160034,0.07734967316533074,7,sched_cosine,Cosine,schedule,42,v1,False
2320,0.5256323218345642,0.07734967316533074,7,sched_cosine,Cosine,schedule,42,v1,False
2340,0.563567578792572,0.07734967316533074,7,sched_cosine,Cosine,schedule,42,v1,False
2360,0.33585160970687866,0.07734967316533074,7,sched_cosine,Cosine,schedule,42,v1,False
2380,0.6104046106338501,0.07734967316533074,7,sched_cosine,Cosine,schedule,42,v1,False
2400,0.6051783561706543,0.07734967316533074,7,sched_cosine,Cosine,schedule,42,v1,False
2420,0.6699175834655762,0.07734967316533074,7,sched_cosine,Cosine,schedule,42,v1,False
2440,0.5925241112709045,0.07734967316533074,7,sched_cosine,Cosine,schedule,42,v1,False
2460,0.6936792135238647,0.07734967316533074,7,sched_cosine,Cosine,schedule,42,v1,False
2480,0.4019477367401123,0.07008776275552522,8,sched_cosine,Cosine,schedule,42,v1,False
2500,0.44819220900535583,0.07008776275552522,8,sched_cosine,Cosine,schedule,42,v1,False
2520,0.429725706577301,0.07008776275552522,8,sched_cosine,Cosine,schedule,42,v1,False
2540,0.3742038607597351,0.07008776275552522,8,sched_cosine,Cosine,schedule,42,v1,False
2560,0.4080573320388794,0.07008776275552522,8,sched_cosine,Cosine,schedule,42,v1,False
2580,0.4628119468688965,0.07008776275552522,8,sched_cosine,Cosine,schedule,42,v1,False
2600,0.43087688088417053,0.07008776275552522,8,sched_cosine,Cosine,schedule,42,v1,False
2620,0.36868715286254883,0.07008776275552522,8,sched_cosine,Cosine,schedule,42,v1,False
2640,0.46170854568481445,0.07008776275552522,8,sched_cosine,Cosine,schedule,42,v1,False
2660,0.569450855255127,0.07008776275552522,8,sched_cosine,Cosine,schedule,42,v1,False
2680,0.4192790389060974,0.07008776275552522,8,sched_cosine,Cosine,schedule,42,v1,False
2700,0.5434566736221313,0.07008776275552522,8,sched_cosine,Cosine,schedule,42,v1,False
2720,0.3125312924385071,0.07008776275552522,8,sched_cosine,Cosine,schedule,42,v1,False
2740,0.4599045515060425,0.07008776275552522,8,sched_cosine,Cosine,schedule,42,v1,False
2760,0.5066737532615662,0.07008776275552522,8,sched_cosine,Cosine,schedule,42,v1,False
2780,0.39700847864151,0.07008776275552522,8,sched_cosine,Cosine,schedule,42,v1,False
2800,0.3502363860607147,0.07008776275552522,8,sched_cosine,Cosine,schedule,42,v1,False
2820,0.42361825704574585,0.062278046929604265,9,sched_cosine,Cosine,schedule,42,v1,False
2840,0.4390868842601776,0.062278046929604265,9,sched_cosine,Cosine,schedule,42,v1,False
2860,0.28921782970428467,0.062278046929604265,9,sched_cosine,Cosine,schedule,42,v1,False
2880,0.3321206271648407,0.062278046929604265,9,sched_cosine,Cosine,schedule,42,v1,False
2900,0.3377789258956909,0.062278046929604265,9,sched_cosine,Cosine,schedule,42,v1,False
2920,0.35633671283721924,0.062278046929604265,9,sched_cosine,Cosine,schedule,42,v1,False
2940,0.2935228943824768,0.062278046929604265,9,sched_cosine,Cosine,schedule,42,v1,False
2960,0.2944801151752472,0.062278046929604265,9,sched_cosine,Cosine,schedule,42,v1,False
2980,0.45132604241371155,0.062278046929604265,9,sched_cosine,Cosine,schedule,42,v1,False
3000,0.4149129390716553,0.062278046929604265,9,sched_cosine,Cosine,schedule,42,v1,False
3020,0.440310537815094,0.062278046929604265,9,sched_cosine,Cosine,schedule,42,v1,False
3040,0.4114704132080078,0.062278046929604265,9,sched_cosine,Cosine,schedule,42,v1,False
3060,0.4566248655319214,0.062278046929604265,9,sched_cosine,Cosine,schedule,42,v1,False
3080,0.2834617495536804,0.062278046929604265,9,sched_cosine,Cosine,schedule,42,v1,False
3100,0.4141109883785248,0.062278046929604265,9,sched_cosine,Cosine,schedule,42,v1,False
3120,0.4266398847103119,0.062278046929604265,9,sched_cosine,Cosine,schedule,42,v1,False
3140,0.40195775032043457,0.062278046929604265,9,sched_cosine,Cosine,schedule,42,v1,False
3160,0.3268696069717407,0.062278046929604265,9,sched_cosine,Cosine,schedule,42,v1,False
3180,0.20403900742530823,0.05413355437688927,10,sched_cosine,Cosine,schedule,42,v1,False
3200,0.10544034838676453,0.05413355437688927,10,sched_cosine,Cosine,schedule,42,v1,False
3220,0.2460482269525528,0.05413355437688927,10,sched_cosine,Cosine,schedule,42,v1,False
3240,0.16743648052215576,0.05413355437688927,10,sched_cosine,Cosine,schedule,42,v1,False
3260,0.2265402227640152,0.05413355437688927,10,sched_cosine,Cosine,schedule,42,v1,False
3280,0.20488065481185913,0.05413355437688927,10,sched_cosine,Cosine,schedule,42,v1,False
3300,0.20225994288921356,0.05413355437688927,10,sched_cosine,Cosine,schedule,42,v1,False
3320,0.23256731033325195,0.05413355437688927,10,sched_cosine,Cosine,schedule,42,v1,False
3340,0.2730192542076111,0.05413355437688927,10,sched_cosine,Cosine,schedule,42,v1,False
3360,0.27068132162094116,0.05413355437688927,10,sched_cosine,Cosine,schedule,42,v1,False
3380,0.32849985361099243,0.05413355437688927,10,sched_cosine,Cosine,schedule,42,v1,False
3400,0.30866992473602295,0.05413355437688927,10,sched_cosine,Cosine,schedule,42,v1,False
3420,0.3584967851638794,0.05413355437688927,10,sched_cosine,Cosine,schedule,42,v1,False
3440,0.25196295976638794,0.05413355437688927,10,sched_cosine,Cosine,schedule,42,v1,False
3460,0.43847864866256714,0.05413355437688927,10,sched_cosine,Cosine,schedule,42,v1,False
3480,0.2700933814048767,0.05413355437688927,10,sched_cosine,Cosine,schedule,42,v1,False
3500,0.22233060002326965,0.05413355437688927,10,sched_cosine,Cosine,schedule,42,v1,False
3520,0.2514623701572418,0.04587644562311076,11,sched_cosine,Cosine,schedule,42,v1,False
3540,0.13976098597049713,0.04587644562311076,11,sched_cosine,Cosine,schedule,42,v1,False
3560,0.1345057189464569,0.04587644562311076,11,sched_cosine,Cosine,schedule,42,v1,False
3580,0.1250334531068802,0.04587644562311076,11,sched_cosine,Cosine,schedule,42,v1,False
3600,0.12546655535697937,0.04587644562311076,11,sched_cosine,Cosine,schedule,42,v1,False
3620,0.13517610728740692,0.04587644562311076,11,sched_cosine,Cosine,schedule,42,v1,False
3640,0.18897542357444763,0.04587644562311076,11,sched_cosine,Cosine,schedule,42,v1,False
3660,0.12637293338775635,0.04587644562311076,11,sched_cosine,Cosine,schedule,42,v1,False
3680,0.25685209035873413,0.04587644562311076,11,sched_cosine,Cosine,schedule,42,v1,False
3700,0.13752278685569763,0.04587644562311076,11,sched_cosine,Cosine,schedule,42,v1,False
3720,0.18964621424674988,0.04587644562311076,11,sched_cosine,Cosine,schedule,42,v1,False
3740,0.12919579446315765,0.04587644562311076,11,sched_cosine,Cosine,schedule,42,v1,False
3760,0.20681041479110718,0.04587644562311076,11,sched_cosine,Cosine,schedule,42,v1,False
3780,0.17925278842449188,0.04587644562311076,11,sched_cosine,Cosine,schedule,42,v1,False
3800,0.1306259036064148,0.04587644562311076,11,sched_cosine,Cosine,schedule,42,v1,False
3820,0.22514531016349792,0.04587644562311076,11,sched_cosine,Cosine,schedule,42,v1,False
3840,0.2167394459247589,0.04587644562311076,11,sched_cosine,Cosine,schedule,42,v1,False
3860,0.1190071627497673,0.04587644562311076,11,sched_cosine,Cosine,schedule,42,v1,False
3880,0.14867308735847473,0.03773195307039576,12,sched_cosine,Cosine,schedule,42,v1,False
3900,0.11370083689689636,0.03773195307039576,12,sched_cosine,Cosine,schedule,42,v1,False
3920,0.08342735469341278,0.03773195307039576,12,sched_cosine,Cosine,schedule,42,v1,False
3940,0.10207956284284592,0.03773195307039576,12,sched_cosine,Cosine,schedule,42,v1,False
3960,0.1338578760623932,0.03773195307039576,12,sched_cosine,Cosine,schedule,42,v1,False
3980,0.061097245663404465,0.03773195307039576,12,sched_cosine,Cosine,schedule,42,v1,False
4000,0.09230463951826096,0.03773195307039576,12,sched_cosine,Cosine,schedule,42,v1,False
4020,0.09264087677001953,0.03773195307039576,12,sched_cosine,Cosine,schedule,42,v1,False
4040,0.09950778633356094,0.03773195307039576,12,sched_cosine,Cosine,schedule,42,v1,False
4060,0.13519762456417084,0.03773195307039576,12,sched_cosine,Cosine,schedule,42,v1,False
4080,0.08069208264350891,0.03773195307039576,12,sched_cosine,Cosine,schedule,42,v1,False
4100,0.07960797101259232,0.03773195307039576,12,sched_cosine,Cosine,schedule,42,v1,False
4120,0.12865878641605377,0.03773195307039576,12,sched_cosine,Cosine,schedule,42,v1,False
4140,0.08861740678548813,0.03773195307039576,12,sched_cosine,Cosine,schedule,42,v1,False
4160,0.1304798275232315,0.03773195307039576,12,sched_cosine,Cosine,schedule,42,v1,False
4180,0.16562822461128235,0.03773195307039576,12,sched_cosine,Cosine,schedule,42,v1,False
4200,0.1547406017780304,0.03773195307039576,12,sched_cosine,Cosine,schedule,42,v1,False
4220,0.05724623054265976,0.03773195307039576,12,sched_cosine,Cosine,schedule,42,v1,False
4240,0.055429644882678986,0.029922237244474806,13,sched_cosine,Cosine,schedule,42,v1,False
4260,0.06227564066648483,0.029922237244474806,13,sched_cosine,Cosine,schedule,42,v1,False
4280,0.015086615458130836,0.029922237244474806,13,sched_cosine,Cosine,schedule,42,v1,False
4300,0.06051705777645111,0.029922237244474806,13,sched_cosine,Cosine,schedule,42,v1,False
4320,0.026953060179948807,0.029922237244474806,13,sched_cosine,Cosine,schedule,42,v1,False
4340,0.05997775122523308,0.029922237244474806,13,sched_cosine,Cosine,schedule,42,v1,False
4360,0.036799319088459015,0.029922237244474806,13,sched_cosine,Cosine,schedule,42,v1,False
4380,0.04427311569452286,0.029922237244474806,13,sched_cosine,Cosine,schedule,42,v1,False
4400,0.03343716263771057,0.029922237244474806,13,sched_cosine,Cosine,schedule,42,v1,False
4420,0.06357383728027344,0.029922237244474806,13,sched_cosine,Cosine,schedule,42,v1,False
4440,0.020946498960256577,0.029922237244474806,13,sched_cosine,Cosine,schedule,42,v1,False
4460,0.04891088604927063,0.029922237244474806,13,sched_cosine,Cosine,schedule,42,v1,False
4480,0.06589794158935547,0.029922237244474806,13,sched_cosine,Cosine,schedule,42,v1,False
4500,0.06682205945253372,0.029922237244474806,13,sched_cosine,Cosine,schedule,42,v1,False
4520,0.04308921471238136,0.029922237244474806,13,sched_cosine,Cosine,schedule,42,v1,False
4540,0.028889890760183334,0.029922237244474806,13,sched_cosine,Cosine,schedule,42,v1,False
4560,0.03501773625612259,0.029922237244474806,13,sched_cosine,Cosine,schedule,42,v1,False
4580,0.0200275257229805,0.02266032683466928,14,sched_cosine,Cosine,schedule,42,v1,False
4600,0.017022401094436646,0.02266032683466928,14,sched_cosine,Cosine,schedule,42,v1,False
4620,0.01026923954486847,0.02266032683466928,14,sched_cosine,Cosine,schedule,42,v1,False
4640,0.009264210239052773,0.02266032683466928,14,sched_cosine,Cosine,schedule,42,v1,False
4660,0.011281264945864677,0.02266032683466928,14,sched_cosine,Cosine,schedule,42,v1,False
4680,0.019474714994430542,0.02266032683466928,14,sched_cosine,Cosine,schedule,42,v1,False
4700,0.011402014642953873,0.02266032683466928,14,sched_cosine,Cosine,schedule,42,v1,False
4720,0.007324552163481712,0.02266032683466928,14,sched_cosine,Cosine,schedule,42,v1,False
4740,0.028515856713056564,0.02266032683466928,14,sched_cosine,Cosine,schedule,42,v1,False
4760,0.009491021744906902,0.02266032683466928,14,sched_cosine,Cosine,schedule,42,v1,False
4780,0.01199384406208992,0.02266032683466928,14,sched_cosine,Cosine,schedule,42,v1,False
4800,0.003062531817704439,0.02266032683466928,14,sched_cosine,Cosine,schedule,42,v1,False
4820,0.01805000938475132,0.02266032683466928,14,sched_cosine,Cosine,schedule,42,v1,False
4840,0.016909275203943253,0.02266032683466928,14,sched_cosine,Cosine,schedule,42,v1,False
4860,0.007935892790555954,0.02266032683466928,14,sched_cosine,Cosine,schedule,42,v1,False
4880,0.011427082121372223,0.02266032683466928,14,sched_cosine,Cosine,schedule,42,v1,False
4900,0.008196786046028137,0.02266032683466928,14,sched_cosine,Cosine,schedule,42,v1,False
4920,0.010943222790956497,0.02266032683466928,14,sched_cosine,Cosine,schedule,42,v1,False
4940,0.003065964672714472,0.016144307826571086,15,sched_cosine,Cosine,schedule,42,v1,False
4960,0.010172173380851746,0.016144307826571086,15,sched_cosine,Cosine,schedule,42,v1,False
4980,0.0032049608416855335,0.016144307826571086,15,sched_cosine,Cosine,schedule,42,v1,False
5000,0.005270141176879406,0.016144307826571086,15,sched_cosine,Cosine,schedule,42,v1,False
5020,0.004507445730268955,0.016144307826571086,15,sched_cosine,Cosine,schedule,42,v1,False
5040,0.004340460058301687,0.016144307826571086,15,sched_cosine,Cosine,schedule,42,v1,False
5060,0.0017694224370643497,0.016144307826571086,15,sched_cosine,Cosine,schedule,42,v1,False
5080,0.007541984785348177,0.016144307826571086,15,sched_cosine,Cosine,schedule,42,v1,False
5100,0.002419433556497097,0.016144307826571086,15,sched_cosine,Cosine,schedule,42,v1,False
5120,0.0021302015520632267,0.016144307826571086,15,sched_cosine,Cosine,schedule,42,v1,False
5140,0.008178751915693283,0.016144307826571086,15,sched_cosine,Cosine,schedule,42,v1,False
5160,0.006574667990207672,0.016144307826571086,15,sched_cosine,Cosine,schedule,42,v1,False
5180,0.007501000072807074,0.016144307826571086,15,sched_cosine,Cosine,schedule,42,v1,False
5200,0.00493011437356472,0.016144307826571086,15,sched_cosine,Cosine,schedule,42,v1,False
5220,0.004898185841739178,0.016144307826571086,15,sched_cosine,Cosine,schedule,42,v1,False
5240,0.004526028409600258,0.016144307826571086,15,sched_cosine,Cosine,schedule,42,v1,False
5260,0.0034069593530148268,0.016144307826571086,15,sched_cosine,Cosine,schedule,42,v1,False
5280,0.0010400228202342987,0.010551920232727309,16,sched_cosine,Cosine,schedule,42,v1,False
5300,0.0019253114005550742,0.010551920232727309,16,sched_cosine,Cosine,schedule,42,v1,False
5320,0.0009522114996798337,0.010551920232727309,16,sched_cosine,Cosine,schedule,42,v1,False
5340,0.0024414206854999065,0.010551920232727309,16,sched_cosine,Cosine,schedule,42,v1,False
5360,0.001507674576714635,0.010551920232727309,16,sched_cosine,Cosine,schedule,42,v1,False
5380,0.0014340875204652548,0.010551920232727309,16,sched_cosine,Cosine,schedule,42,v1,False
5400,0.0020292620174586773,0.010551920232727309,16,sched_cosine,Cosine,schedule,42,v1,False
5420,0.004322247114032507,0.010551920232727309,16,sched_cosine,Cosine,schedule,42,v1,False
5440,0.0011370285646989942,0.010551920232727309,16,sched_cosine,Cosine,schedule,42,v1,False
5460,0.0014166567707434297,0.010551920232727309,16,sched_cosine,Cosine,schedule,42,v1,False
5480,0.004107231739908457,0.010551920232727309,16,sched_cosine,Cosine,schedule,42,v1,False
5500,0.004245768766850233,0.010551920232727309,16,sched_cosine,Cosine,schedule,42,v1,False
5520,0.0016302620060741901,0.010551920232727309,16,sched_cosine,Cosine,schedule,42,v1,False
5540,0.001886411220766604,0.010551920232727309,16,sched_cosine,Cosine,schedule,42,v1,False
5560,0.0016040100017562509,0.010551920232727309,16,sched_cosine,Cosine,schedule,42,v1,False
5580,0.0019109017448499799,0.010551920232727309,16,sched_cosine,Cosine,schedule,42,v1,False
5600,0.0010806283680722117,0.010551920232727309,16,sched_cosine,Cosine,schedule,42,v1,False
5620,0.0020082718692719936,0.010551920232727309,16,sched_cosine,Cosine,schedule,42,v1,False
5640,0.0010295477695763111,0.006035709808431584,17,sched_cosine,Cosine,schedule,42,v1,False
5660,0.0016136968042701483,0.006035709808431584,17,sched_cosine,Cosine,schedule,42,v1,False
5680,0.0019653886556625366,0.006035709808431584,17,sched_cosine,Cosine,schedule,42,v1,False
5700,0.000938733050134033,0.006035709808431584,17,sched_cosine,Cosine,schedule,42,v1,False
5720,0.0012847640318796039,0.006035709808431584,17,sched_cosine,Cosine,schedule,42,v1,False
5740,0.0009010072681121528,0.006035709808431584,17,sched_cosine,Cosine,schedule,42,v1,False
5760,0.0021735145710408688,0.006035709808431584,17,sched_cosine,Cosine,schedule,42,v1,False
5780,0.0011508752359077334,0.006035709808431584,17,sched_cosine,Cosine,schedule,42,v1,False
5800,0.0014412461314350367,0.006035709808431584,17,sched_cosine,Cosine,schedule,42,v1,False
5820,0.0008818095084279776,0.006035709808431584,17,sched_cosine,Cosine,schedule,42,v1,False
5840,0.0008421015227213502,0.006035709808431584,17,sched_cosine,Cosine,schedule,42,v1,False
5860,0.0015736380591988564,0.006035709808431584,17,sched_cosine,Cosine,schedule,42,v1,False
5880,0.0010691634379327297,0.006035709808431584,17,sched_cosine,Cosine,schedule,42,v1,False
5900,0.0013801673194393516,0.006035709808431584,17,sched_cosine,Cosine,schedule,42,v1,False
5920,0.002687722910195589,0.006035709808431584,17,sched_cosine,Cosine,schedule,42,v1,False
5940,0.0009540480095893145,0.006035709808431584,17,sched_cosine,Cosine,schedule,42,v1,False
5960,0.0008320051711052656,0.006035709808431584,17,sched_cosine,Cosine,schedule,42,v1,False
5980,0.0009516645222902298,0.006035709808431584,17,sched_cosine,Cosine,schedule,42,v1,False
6000,0.0010921057546511292,0.0027188670011767716,18,sched_cosine,Cosine,schedule,42,v1,False
6020,0.0007774077821522951,0.0027188670011767716,18,sched_cosine,Cosine,schedule,42,v1,False
6040,0.0005607415223494172,0.0027188670011767716,18,sched_cosine,Cosine,schedule,42,v1,False
6060,0.0004741171433124691,0.0027188670011767716,18,sched_cosine,Cosine,schedule,42,v1,False
6080,0.0008894906495697796,0.0027188670011767716,18,sched_cosine,Cosine,schedule,42,v1,False
6100,0.0015635041054338217,0.0027188670011767716,18,sched_cosine,Cosine,schedule,42,v1,False
6120,0.001402963767759502,0.0027188670011767716,18,sched_cosine,Cosine,schedule,42,v1,False
6140,0.0024963845498859882,0.0027188670011767716,18,sched_cosine,Cosine,schedule,42,v1,False
6160,0.0011068998137488961,0.0027188670011767716,18,sched_cosine,Cosine,schedule,42,v1,False
6180,0.0007214073557406664,0.0027188670011767716,18,sched_cosine,Cosine,schedule,42,v1,False
6200,0.0006412477232515812,0.0027188670011767716,18,sched_cosine,Cosine,schedule,42,v1,False
6220,0.0009338426170870662,0.0027188670011767716,18,sched_cosine,Cosine,schedule,42,v1,False
6240,0.0012296298518776894,0.0027188670011767716,18,sched_cosine,Cosine,schedule,42,v1,False
6260,0.0005325817037373781,0.0027188670011767716,18,sched_cosine,Cosine,schedule,42,v1,False
6280,0.0009669836144894361,0.0027188670011767716,18,sched_cosine,Cosine,schedule,42,v1,False
6300,0.0015904756728559732,0.0027188670011767716,18,sched_cosine,Cosine,schedule,42,v1,False
6320,0.0009654766763560474,0.0027188670011767716,18,sched_cosine,Cosine,schedule,42,v1,False
6340,0.0006531485705636442,0.0006918666363808976,19,sched_cosine,Cosine,schedule,42,v1,False
6360,0.0007023371290415525,0.0006918666363808976,19,sched_cosine,Cosine,schedule,42,v1,False
6380,0.0016839192248880863,0.0006918666363808976,19,sched_cosine,Cosine,schedule,42,v1,False
6400,0.001748600392602384,0.0006918666363808976,19,sched_cosine,Cosine,schedule,42,v1,False
6420,0.0007945944089442492,0.0006918666363808976,19,sched_cosine,Cosine,schedule,42,v1,False
6440,0.0008776916074566543,0.0006918666363808976,19,sched_cosine,Cosine,schedule,42,v1,False
6460,0.0010817146394401789,0.0006918666363808976,19,sched_cosine,Cosine,schedule,42,v1,False
6480,0.0008295241859741509,0.0006918666363808976,19,sched_cosine,Cosine,schedule,42,v1,False
6500,0.0009311619214713573,0.0006918666363808976,19,sched_cosine,Cosine,schedule,42,v1,False
6520,0.00085828872397542,0.0006918666363808976,19,sched_cosine,Cosine,schedule,42,v1,False
6540,0.0006468635983765125,0.0006918666363808976,19,sched_cosine,Cosine,schedule,42,v1,False
6560,0.000654855277389288,0.0006918666363808976,19,sched_cosine,Cosine,schedule,42,v1,False
6580,0.0015391026390716434,0.0006918666363808976,19,sched_cosine,Cosine,schedule,42,v1,False
6600,0.0006593621801584959,0.0006918666363808976,19,sched_cosine,Cosine,schedule,42,v1,False
6620,0.0008034008205868304,0.0006918666363808976,19,sched_cosine,Cosine,schedule,42,v1,False
6640,0.0012590490514412522,0.0006918666363808976,19,sched_cosine,Cosine,schedule,42,v1,False
6660,0.0006187506951391697,0.0006918666363808976,19,sched_cosine,Cosine,schedule,42,v1,False
6680,0.0008169192587956786,0.0006918666363808976,19,sched_cosine,Cosine,schedule,42,v1,False
6700,0.0006530320970341563,1e-05,20,sched_cosine,Cosine,schedule,42,v1,False
6720,0.000804067705757916,1e-05,20,sched_cosine,Cosine,schedule,42,v1,False
6740,0.0010807071812450886,1e-05,20,sched_cosine,Cosine,schedule,42,v1,False
6760,0.001359777175821364,1e-05,20,sched_cosine,Cosine,schedule,42,v1,False
6780,0.0013534051831811666,1e-05,20,sched_cosine,Cosine,schedule,42,v1,False
6800,0.0010322731686756015,1e-05,20,sched_cosine,Cosine,schedule,42,v1,False
6820,0.0015138562303036451,1e-05,20,sched_cosine,Cosine,schedule,42,v1,False
6840,0.0015753438929095864,1e-05,20,sched_cosine,Cosine,schedule,42,v1,False
6860,0.0008038034429773688,1e-05,20,sched_cosine,Cosine,schedule,42,v1,False
6880,0.0008599741267971694,1e-05,20,sched_cosine,Cosine,schedule,42,v1,False
6900,0.0008816610788926482,1e-05,20,sched_cosine,Cosine,schedule,42,v1,False
6920,0.0010619382373988628,1e-05,20,sched_cosine,Cosine,schedule,42,v1,False
6940,0.0037495288997888565,1e-05,20,sched_cosine,Cosine,schedule,42,v1,False
6960,0.0019818581640720367,1e-05,20,sched_cosine,Cosine,schedule,42,v1,False
6980,0.0008980139391496778,1e-05,20,sched_cosine,Cosine,schedule,42,v1,False
7000,0.0015802220441401005,1e-05,20,sched_cosine,Cosine,schedule,42,v1,False
7020,0.0023491005413234234,1e-05,20,sched_cosine,Cosine,schedule,42,v1,False
0,2.3491640090942383,0.1,1,sched_cosine,Cosine,schedule,2026,v1,False
20,3.0500476360321045,0.1,1,sched_cosine,Cosine,schedule,2026,v1,False
40,2.208000659942627,0.1,1,sched_cosine,Cosine,schedule,2026,v1,False
60,2.056607961654663,0.1,1,sched_cosine,Cosine,schedule,2026,v1,False
80,2.0820398330688477,0.1,1,sched_cosine,Cosine,schedule,2026,v1,False
100,1.931166172027588,0.1,1,sched_cosine,Cosine,schedule,2026,v1,False
120,1.9298667907714844,0.1,1,sched_cosine,Cosine,schedule,2026,v1,False
140,1.9131799936294556,0.1,1,sched_cosine,Cosine,schedule,2026,v1,False
160,1.8447065353393555,0.1,1,sched_cosine,Cosine,schedule,2026,v1,False
180,1.9793553352355957,0.1,1,sched_cosine,Cosine,schedule,2026,v1,False
200,1.5889816284179688,0.1,1,sched_cosine,Cosine,schedule,2026,v1,False
220,1.5795130729675293,0.1,1,sched_cosine,Cosine,schedule,2026,v1,False
240,1.6293766498565674,0.1,1,sched_cosine,Cosine,schedule,2026,v1,False
260,1.685664415359497,0.1,1,sched_cosine,Cosine,schedule,2026,v1,False
280,1.568291425704956,0.1,1,sched_cosine,Cosine,schedule,2026,v1,False
300,1.6723722219467163,0.1,1,sched_cosine,Cosine,schedule,2026,v1,False
320,1.4728829860687256,0.1,1,sched_cosine,Cosine,schedule,2026,v1,False
340,1.502057671546936,0.1,1,sched_cosine,Cosine,schedule,2026,v1,False
360,1.3169941902160645,0.09931813336361911,2,sched_cosine,Cosine,schedule,2026,v1,False
380,1.558985710144043,0.09931813336361911,2,sched_cosine,Cosine,schedule,2026,v1,False
400,1.589508295059204,0.09931813336361911,2,sched_cosine,Cosine,schedule,2026,v1,False
420,1.5277721881866455,0.09931813336361911,2,sched_cosine,Cosine,schedule,2026,v1,False
440,1.4078307151794434,0.09931813336361911,2,sched_cosine,Cosine,schedule,2026,v1,False
460,1.491252064704895,0.09931813336361911,2,sched_cosine,Cosine,schedule,2026,v1,False
480,1.3378121852874756,0.09931813336361911,2,sched_cosine,Cosine,schedule,2026,v1,False
500,1.3400402069091797,0.09931813336361911,2,sched_cosine,Cosine,schedule,2026,v1,False
520,1.3904173374176025,0.09931813336361911,2,sched_cosine,Cosine,schedule,2026,v1,False
540,1.5845422744750977,0.09931813336361911,2,sched_cosine,Cosine,schedule,2026,v1,False
560,1.3745951652526855,0.09931813336361911,2,sched_cosine,Cosine,schedule,2026,v1,False
580,1.2912274599075317,0.09931813336361911,2,sched_cosine,Cosine,schedule,2026,v1,False
600,1.2346093654632568,0.09931813336361911,2,sched_cosine,Cosine,schedule,2026,v1,False
620,1.2411490678787231,0.09931813336361911,2,sched_cosine,Cosine,schedule,2026,v1,False
640,1.2002418041229248,0.09931813336361911,2,sched_cosine,Cosine,schedule,2026,v1,False
660,1.184315800666809,0.09931813336361911,2,sched_cosine,Cosine,schedule,2026,v1,False
680,0.9255005121231079,0.09931813336361911,2,sched_cosine,Cosine,schedule,2026,v1,False
700,1.209435224533081,0.09931813336361911,2,sched_cosine,Cosine,schedule,2026,v1,False
720,1.0945091247558594,0.09729113299882323,3,sched_cosine,Cosine,schedule,2026,v1,False
740,1.05943763256073,0.09729113299882323,3,sched_cosine,Cosine,schedule,2026,v1,False
760,1.2621452808380127,0.09729113299882323,3,sched_cosine,Cosine,schedule,2026,v1,False
780,1.241581678390503,0.09729113299882323,3,sched_cosine,Cosine,schedule,2026,v1,False
800,1.1404165029525757,0.09729113299882323,3,sched_cosine,Cosine,schedule,2026,v1,False
820,1.2489748001098633,0.09729113299882323,3,sched_cosine,Cosine,schedule,2026,v1,False
840,1.2477917671203613,0.09729113299882323,3,sched_cosine,Cosine,schedule,2026,v1,False
860,1.0639584064483643,0.09729113299882323,3,sched_cosine,Cosine,schedule,2026,v1,False
880,1.084169626235962,0.09729113299882323,3,sched_cosine,Cosine,schedule,2026,v1,False
900,1.110024094581604,0.09729113299882323,3,sched_cosine,Cosine,schedule,2026,v1,False
920,1.0212295055389404,0.09729113299882323,3,sched_cosine,Cosine,schedule,2026,v1,False
940,0.962579071521759,0.09729113299882323,3,sched_cosine,Cosine,schedule,2026,v1,False
960,1.0871137380599976,0.09729113299882323,3,sched_cosine,Cosine,schedule,2026,v1,False
980,1.1315240859985352,0.09729113299882323,3,sched_cosine,Cosine,schedule,2026,v1,False
1000,0.9929620623588562,0.09729113299882323,3,sched_cosine,Cosine,schedule,2026,v1,False
1020,1.0478386878967285,0.09729113299882323,3,sched_cosine,Cosine,schedule,2026,v1,False
1040,0.7756732106208801,0.09729113299882323,3,sched_cosine,Cosine,schedule,2026,v1,False
1060,0.6922683715820312,0.09397429019156842,4,sched_cosine,Cosine,schedule,2026,v1,False
1080,0.6729718446731567,0.09397429019156842,4,sched_cosine,Cosine,schedule,2026,v1,False
1100,0.9598503112792969,0.09397429019156842,4,sched_cosine,Cosine,schedule,2026,v1,False
1120,0.809831976890564,0.09397429019156842,4,sched_cosine,Cosine,schedule,2026,v1,False
1140,0.7298142313957214,0.09397429019156842,4,sched_cosine,Cosine,schedule,2026,v1,False
1160,0.7625508308410645,0.09397429019156842,4,sched_cosine,Cosine,schedule,2026,v1,False
1180,0.9593213200569153,0.09397429019156842,4,sched_cosine,Cosine,schedule,2026,v1,False
1200,0.8995822668075562,0.09397429019156842,4,sched_cosine,Cosine,schedule,2026,v1,False
1220,1.051255702972412,0.09397429019156842,4,sched_cosine,Cosine,schedule,2026,v1,False
1240,1.0143392086029053,0.09397429019156842,4,sched_cosine,Cosine,schedule,2026,v1,False
1260,0.8914918899536133,0.09397429019156842,4,sched_cosine,Cosine,schedule,2026,v1,False
1280,0.7263485193252563,0.09397429019156842,4,sched_cosine,Cosine,schedule,2026,v1,False
1300,0.7286984324455261,0.09397429019156842,4,sched_cosine,Cosine,schedule,2026,v1,False
1320,0.7630029320716858,0.09397429019156842,4,sched_cosine,Cosine,schedule,2026,v1,False
1340,0.8326054811477661,0.09397429019156842,4,sched_cosine,Cosine,schedule,2026,v1,False
1360,0.8715164661407471,0.09397429019156842,4,sched_cosine,Cosine,schedule,2026,v1,False
1380,0.6373046636581421,0.09397429019156842,4,sched_cosine,Cosine,schedule,2026,v1,False
1400,0.9641442894935608,0.09397429019156842,4,sched_cosine,Cosine,schedule,2026,v1,False
1420,0.6827235221862793,0.08945807976727271,5,sched_cosine,Cosine,schedule,2026,v1,False
1440,0.6667426824569702,0.08945807976727271,5,sched_cosine,Cosine,schedule,2026,v1,False
1460,0.6211100816726685,0.08945807976727271,5,sched_cosine,Cosine,schedule,2026,v1,False
1480,0.6457604169845581,0.08945807976727271,5,sched_cosine,Cosine,schedule,2026,v1,False
1500,0.6078150272369385,0.08945807976727271,5,sched_cosine,Cosine,schedule,2026,v1,False
1520,0.6458258628845215,0.08945807976727271,5,sched_cosine,Cosine,schedule,2026,v1,False
1540,0.5382018089294434,0.08945807976727271,5,sched_cosine,Cosine,schedule,2026,v1,False
1560,0.7282731533050537,0.08945807976727271,5,sched_cosine,Cosine,schedule,2026,v1,False
1580,0.4871957302093506,0.08945807976727271,5,sched_cosine,Cosine,schedule,2026,v1,False
1600,0.4799879789352417,0.08945807976727271,5,sched_cosine,Cosine,schedule,2026,v1,False
1620,0.6238367557525635,0.08945807976727271,5,sched_cosine,Cosine,schedule,2026,v1,False
1640,0.6542146801948547,0.08945807976727271,5,sched_cosine,Cosine,schedule,2026,v1,False
1660,0.6563484072685242,0.08945807976727271,5,sched_cosine,Cosine,schedule,2026,v1,False
1680,0.6771163940429688,0.08945807976727271,5,sched_cosine,Cosine,schedule,2026,v1,False
1700,0.6691104173660278,0.08945807976727271,5,sched_cosine,Cosine,schedule,2026,v1,False
1720,0.6525428891181946,0.08945807976727271,5,sched_cosine,Cosine,schedule,2026,v1,False
1740,0.7639621496200562,0.08945807976727271,5,sched_cosine,Cosine,schedule,2026,v1,False
1760,0.6085034608840942,0.08386569217342893,6,sched_cosine,Cosine,schedule,2026,v1,False
1780,0.5023046135902405,0.08386569217342893,6,sched_cosine,Cosine,schedule,2026,v1,False
1800,0.49293386936187744,0.08386569217342893,6,sched_cosine,Cosine,schedule,2026,v1,False
1820,0.39302703738212585,0.08386569217342893,6,sched_cosine,Cosine,schedule,2026,v1,False
1840,0.4884874224662781,0.08386569217342893,6,sched_cosine,Cosine,schedule,2026,v1,False
1860,0.5098370313644409,0.08386569217342893,6,sched_cosine,Cosine,schedule,2026,v1,False
1880,0.5483464002609253,0.08386569217342893,6,sched_cosine,Cosine,schedule,2026,v1,False
1900,0.5205501317977905,0.08386569217342893,6,sched_cosine,Cosine,schedule,2026,v1,False
1920,0.4398610591888428,0.08386569217342893,6,sched_cosine,Cosine,schedule,2026,v1,False
1940,0.5304077863693237,0.08386569217342893,6,sched_cosine,Cosine,schedule,2026,v1,False
1960,0.6344428062438965,0.08386569217342893,6,sched_cosine,Cosine,schedule,2026,v1,False
1980,0.5448545217514038,0.08386569217342893,6,sched_cosine,Cosine,schedule,2026,v1,False
2000,0.5203454494476318,0.08386569217342893,6,sched_cosine,Cosine,schedule,2026,v1,False
2020,0.4592454135417938,0.08386569217342893,6,sched_cosine,Cosine,schedule,2026,v1,False
2040,0.545495867729187,0.08386569217342893,6,sched_cosine,Cosine,schedule,2026,v1,False
2060,0.4784553349018097,0.08386569217342893,6,sched_cosine,Cosine,schedule,2026,v1,False
2080,0.42533835768699646,0.08386569217342893,6,sched_cosine,Cosine,schedule,2026,v1,False
2100,0.4973187744617462,0.08386569217342893,6,sched_cosine,Cosine,schedule,2026,v1,False
2120,0.48502063751220703,0.07734967316533074,7,sched_cosine,Cosine,schedule,2026,v1,False
2140,0.36622756719589233,0.07734967316533074,7,sched_cosine,Cosine,schedule,2026,v1,False
2160,0.3797716498374939,0.07734967316533074,7,sched_cosine,Cosine,schedule,2026,v1,False
2180,0.4155369997024536,0.07734967316533074,7,sched_cosine,Cosine,schedule,2026,v1,False
2200,0.36053135991096497,0.07734967316533074,7,sched_cosine,Cosine,schedule,2026,v1,False
2220,0.5023193955421448,0.07734967316533074,7,sched_cosine,Cosine,schedule,2026,v1,False
2240,0.5554242134094238,0.07734967316533074,7,sched_cosine,Cosine,schedule,2026,v1,False
2260,0.42374375462532043,0.07734967316533074,7,sched_cosine,Cosine,schedule,2026,v1,False
2280,0.24194850027561188,0.07734967316533074,7,sched_cosine,Cosine,schedule,2026,v1,False
2300,0.41518133878707886,0.07734967316533074,7,sched_cosine,Cosine,schedule,2026,v1,False
2320,0.48565053939819336,0.07734967316533074,7,sched_cosine,Cosine,schedule,2026,v1,False
2340,0.38670969009399414,0.07734967316533074,7,sched_cosine,Cosine,schedule,2026,v1,False
2360,0.49183839559555054,0.07734967316533074,7,sched_cosine,Cosine,schedule,2026,v1,False
2380,0.3351610004901886,0.07734967316533074,7,sched_cosine,Cosine,schedule,2026,v1,False
2400,0.42797642946243286,0.07734967316533074,7,sched_cosine,Cosine,schedule,2026,v1,False
2420,0.43009287118911743,0.07734967316533074,7,sched_cosine,Cosine,schedule,2026,v1,False
2440,0.6025248765945435,0.07734967316533074,7,sched_cosine,Cosine,schedule,2026,v1,False
2460,0.41417935490608215,0.07734967316533074,7,sched_cosine,Cosine,schedule,2026,v1,False
2480,0.2546524703502655,0.07008776275552522,8,sched_cosine,Cosine,schedule,2026,v1,False
2500,0.43433189392089844,0.07008776275552522,8,sched_cosine,Cosine,schedule,2026,v1,False
2520,0.19788794219493866,0.07008776275552522,8,sched_cosine,Cosine,schedule,2026,v1,False
2540,0.3714192509651184,0.07008776275552522,8,sched_cosine,Cosine,schedule,2026,v1,False
2560,0.28708553314208984,0.07008776275552522,8,sched_cosine,Cosine,schedule,2026,v1,False
2580,0.3337811231613159,0.07008776275552522,8,sched_cosine,Cosine,schedule,2026,v1,False
2600,0.34760087728500366,0.07008776275552522,8,sched_cosine,Cosine,schedule,2026,v1,False
2620,0.35082775354385376,0.07008776275552522,8,sched_cosine,Cosine,schedule,2026,v1,False
2640,0.28783106803894043,0.07008776275552522,8,sched_cosine,Cosine,schedule,2026,v1,False
2660,0.3037606179714203,0.07008776275552522,8,sched_cosine,Cosine,schedule,2026,v1,False
2680,0.28592801094055176,0.07008776275552522,8,sched_cosine,Cosine,schedule,2026,v1,False
2700,0.3278474807739258,0.07008776275552522,8,sched_cosine,Cosine,schedule,2026,v1,False
2720,0.4920382499694824,0.07008776275552522,8,sched_cosine,Cosine,schedule,2026,v1,False
2740,0.4339229464530945,0.07008776275552522,8,sched_cosine,Cosine,schedule,2026,v1,False
2760,0.380278080701828,0.07008776275552522,8,sched_cosine,Cosine,schedule,2026,v1,False
2780,0.560589075088501,0.07008776275552522,8,sched_cosine,Cosine,schedule,2026,v1,False
2800,0.3338950276374817,0.07008776275552522,8,sched_cosine,Cosine,schedule,2026,v1,False
2820,0.3124297857284546,0.062278046929604265,9,sched_cosine,Cosine,schedule,2026,v1,False
2840,0.1885162889957428,0.062278046929604265,9,sched_cosine,Cosine,schedule,2026,v1,False
2860,0.21758410334587097,0.062278046929604265,9,sched_cosine,Cosine,schedule,2026,v1,False
2880,0.20467296242713928,0.062278046929604265,9,sched_cosine,Cosine,schedule,2026,v1,False
2900,0.17937758564949036,0.062278046929604265,9,sched_cosine,Cosine,schedule,2026,v1,False
2920,0.1914902776479721,0.062278046929604265,9,sched_cosine,Cosine,schedule,2026,v1,False
2940,0.22931499779224396,0.062278046929604265,9,sched_cosine,Cosine,schedule,2026,v1,False
2960,0.29441386461257935,0.062278046929604265,9,sched_cosine,Cosine,schedule,2026,v1,False
2980,0.3075070083141327,0.062278046929604265,9,sched_cosine,Cosine,schedule,2026,v1,False
3000,0.24871854484081268,0.062278046929604265,9,sched_cosine,Cosine,schedule,2026,v1,False
3020,0.349601149559021,0.062278046929604265,9,sched_cosine,Cosine,schedule,2026,v1,False
3040,0.2932630777359009,0.062278046929604265,9,sched_cosine,Cosine,schedule,2026,v1,False
3060,0.33291691541671753,0.062278046929604265,9,sched_cosine,Cosine,schedule,2026,v1,False
3080,0.2913587689399719,0.062278046929604265,9,sched_cosine,Cosine,schedule,2026,v1,False
3100,0.28661030530929565,0.062278046929604265,9,sched_cosine,Cosine,schedule,2026,v1,False
3120,0.4406279921531677,0.062278046929604265,9,sched_cosine,Cosine,schedule,2026,v1,False
3140,0.18937407433986664,0.062278046929604265,9,sched_cosine,Cosine,schedule,2026,v1,False
3160,0.37672245502471924,0.062278046929604265,9,sched_cosine,Cosine,schedule,2026,v1,False
3180,0.09308362007141113,0.05413355437688927,10,sched_cosine,Cosine,schedule,2026,v1,False
3200,0.10573774576187134,0.05413355437688927,10,sched_cosine,Cosine,schedule,2026,v1,False
3220,0.23064656555652618,0.05413355437688927,10,sched_cosine,Cosine,schedule,2026,v1,False
3240,0.10533269494771957,0.05413355437688927,10,sched_cosine,Cosine,schedule,2026,v1,False
3260,0.17099371552467346,0.05413355437688927,10,sched_cosine,Cosine,schedule,2026,v1,False
3280,0.12571462988853455,0.05413355437688927,10,sched_cosine,Cosine,schedule,2026,v1,False
3300,0.12758800387382507,0.05413355437688927,10,sched_cosine,Cosine,schedule,2026,v1,False
3320,0.15468430519104004,0.05413355437688927,10,sched_cosine,Cosine,schedule,2026,v1,False
3340,0.16461652517318726,0.05413355437688927,10,sched_cosine,Cosine,schedule,2026,v1,False
3360,0.19659149646759033,0.05413355437688927,10,sched_cosine,Cosine,schedule,2026,v1,False
3380,0.14655406773090363,0.05413355437688927,10,sched_cosine,Cosine,schedule,2026,v1,False
3400,0.17908447980880737,0.05413355437688927,10,sched_cosine,Cosine,schedule,2026,v1,False
3420,0.13616734743118286,0.05413355437688927,10,sched_cosine,Cosine,schedule,2026,v1,False
3440,0.10787387192249298,0.05413355437688927,10,sched_cosine,Cosine,schedule,2026,v1,False
3460,0.33140993118286133,0.05413355437688927,10,sched_cosine,Cosine,schedule,2026,v1,False
3480,0.2084364891052246,0.05413355437688927,10,sched_cosine,Cosine,schedule,2026,v1,False
3500,0.18711018562316895,0.05413355437688927,10,sched_cosine,Cosine,schedule,2026,v1,False
3520,0.14864274859428406,0.04587644562311076,11,sched_cosine,Cosine,schedule,2026,v1,False
3540,0.09378932416439056,0.04587644562311076,11,sched_cosine,Cosine,schedule,2026,v1,False
3560,0.17016303539276123,0.04587644562311076,11,sched_cosine,Cosine,schedule,2026,v1,False
3580,0.13488847017288208,0.04587644562311076,11,sched_cosine,Cosine,schedule,2026,v1,False
3600,0.049441590905189514,0.04587644562311076,11,sched_cosine,Cosine,schedule,2026,v1,False
3620,0.08103562146425247,0.04587644562311076,11,sched_cosine,Cosine,schedule,2026,v1,False
3640,0.031153617426753044,0.04587644562311076,11,sched_cosine,Cosine,schedule,2026,v1,False
3660,0.10702966153621674,0.04587644562311076,11,sched_cosine,Cosine,schedule,2026,v1,False
3680,0.10565312951803207,0.04587644562311076,11,sched_cosine,Cosine,schedule,2026,v1,False
3700,0.10406043380498886,0.04587644562311076,11,sched_cosine,Cosine,schedule,2026,v1,False
3720,0.0615520104765892,0.04587644562311076,11,sched_cosine,Cosine,schedule,2026,v1,False
3740,0.1463029533624649,0.04587644562311076,11,sched_cosine,Cosine,schedule,2026,v1,False
3760,0.11817200481891632,0.04587644562311076,11,sched_cosine,Cosine,schedule,2026,v1,False
3780,0.08602238446474075,0.04587644562311076,11,sched_cosine,Cosine,schedule,2026,v1,False
3800,0.1306542307138443,0.04587644562311076,11,sched_cosine,Cosine,schedule,2026,v1,False
3820,0.19531479477882385,0.04587644562311076,11,sched_cosine,Cosine,schedule,2026,v1,False
3840,0.13349023461341858,0.04587644562311076,11,sched_cosine,Cosine,schedule,2026,v1,False
3860,0.14066503942012787,0.04587644562311076,11,sched_cosine,Cosine,schedule,2026,v1,False
3880,0.13315251469612122,0.03773195307039576,12,sched_cosine,Cosine,schedule,2026,v1,False
3900,0.12167957425117493,0.03773195307039576,12,sched_cosine,Cosine,schedule,2026,v1,False
3920,0.05786023288965225,0.03773195307039576,12,sched_cosine,Cosine,schedule,2026,v1,False
3940,0.054936833679676056,0.03773195307039576,12,sched_cosine,Cosine,schedule,2026,v1,False
3960,0.05982605367898941,0.03773195307039576,12,sched_cosine,Cosine,schedule,2026,v1,False
3980,0.035469621419906616,0.03773195307039576,12,sched_cosine,Cosine,schedule,2026,v1,False
4000,0.03617391735315323,0.03773195307039576,12,sched_cosine,Cosine,schedule,2026,v1,False
4020,0.03994225338101387,0.03773195307039576,12,sched_cosine,Cosine,schedule,2026,v1,False
4040,0.060370638966560364,0.03773195307039576,12,sched_cosine,Cosine,schedule,2026,v1,False
4060,0.046518269926309586,0.03773195307039576,12,sched_cosine,Cosine,schedule,2026,v1,False
4080,0.04236988723278046,0.03773195307039576,12,sched_cosine,Cosine,schedule,2026,v1,False
4100,0.062050629407167435,0.03773195307039576,12,sched_cosine,Cosine,schedule,2026,v1,False
4120,0.04363163560628891,0.03773195307039576,12,sched_cosine,Cosine,schedule,2026,v1,False
4140,0.04571683332324028,0.03773195307039576,12,sched_cosine,Cosine,schedule,2026,v1,False
4160,0.10690820217132568,0.03773195307039576,12,sched_cosine,Cosine,schedule,2026,v1,False
4180,0.07660630345344543,0.03773195307039576,12,sched_cosine,Cosine,schedule,2026,v1,False
4200,0.10911355912685394,0.03773195307039576,12,sched_cosine,Cosine,schedule,2026,v1,False
4220,0.08169566094875336,0.03773195307039576,12,sched_cosine,Cosine,schedule,2026,v1,False
4240,0.0692160427570343,0.029922237244474806,13,sched_cosine,Cosine,schedule,2026,v1,False
4260,0.030743151903152466,0.029922237244474806,13,sched_cosine,Cosine,schedule,2026,v1,False
4280,0.007228279020637274,0.029922237244474806,13,sched_cosine,Cosine,schedule,2026,v1,False
4300,0.01339200884103775,0.029922237244474806,13,sched_cosine,Cosine,schedule,2026,v1,False
4320,0.01728554628789425,0.029922237244474806,13,sched_cosine,Cosine,schedule,2026,v1,False
4340,0.01279306598007679,0.029922237244474806,13,sched_cosine,Cosine,schedule,2026,v1,False
4360,0.03176042065024376,0.029922237244474806,13,sched_cosine,Cosine,schedule,2026,v1,False
4380,0.03599655255675316,0.029922237244474806,13,sched_cosine,Cosine,schedule,2026,v1,False
4400,0.01091754250228405,0.029922237244474806,13,sched_cosine,Cosine,schedule,2026,v1,False
4420,0.017154280096292496,0.029922237244474806,13,sched_cosine,Cosine,schedule,2026,v1,False
4440,0.020009610801935196,0.029922237244474806,13,sched_cosine,Cosine,schedule,2026,v1,False
4460,0.023784063756465912,0.029922237244474806,13,sched_cosine,Cosine,schedule,2026,v1,False
4480,0.02315107360482216,0.029922237244474806,13,sched_cosine,Cosine,schedule,2026,v1,False
4500,0.0539565235376358,0.029922237244474806,13,sched_cosine,Cosine,schedule,2026,v1,False
4520,0.021968524903059006,0.029922237244474806,13,sched_cosine,Cosine,schedule,2026,v1,False
4540,0.017331328243017197,0.029922237244474806,13,sched_cosine,Cosine,schedule,2026,v1,False
4560,0.01254180446267128,0.029922237244474806,13,sched_cosine,Cosine,schedule,2026,v1,False
4580,0.018010299652814865,0.02266032683466928,14,sched_cosine,Cosine,schedule,2026,v1,False
4600,0.004396245814859867,0.02266032683466928,14,sched_cosine,Cosine,schedule,2026,v1,False
4620,0.01662304438650608,0.02266032683466928,14,sched_cosine,Cosine,schedule,2026,v1,False
4640,0.023096419870853424,0.02266032683466928,14,sched_cosine,Cosine,schedule,2026,v1,False
4660,0.011537822894752026,0.02266032683466928,14,sched_cosine,Cosine,schedule,2026,v1,False
4680,0.0062290383502841,0.02266032683466928,14,sched_cosine,Cosine,schedule,2026,v1,False
4700,0.008717631921172142,0.02266032683466928,14,sched_cosine,Cosine,schedule,2026,v1,False
4720,0.015023769810795784,0.02266032683466928,14,sched_cosine,Cosine,schedule,2026,v1,False
4740,0.006084080319851637,0.02266032683466928,14,sched_cosine,Cosine,schedule,2026,v1,False
4760,0.004493588116019964,0.02266032683466928,14,sched_cosine,Cosine,schedule,2026,v1,False
4780,0.0028348236810415983,0.02266032683466928,14,sched_cosine,Cosine,schedule,2026,v1,False
4800,0.0024776048958301544,0.02266032683466928,14,sched_cosine,Cosine,schedule,2026,v1,False
4820,0.014986368827521801,0.02266032683466928,14,sched_cosine,Cosine,schedule,2026,v1,False
4840,0.006398559547960758,0.02266032683466928,14,sched_cosine,Cosine,schedule,2026,v1,False
4860,0.001663892762735486,0.02266032683466928,14,sched_cosine,Cosine,schedule,2026,v1,False
4880,0.00816288311034441,0.02266032683466928,14,sched_cosine,Cosine,schedule,2026,v1,False
4900,0.005739891901612282,0.02266032683466928,14,sched_cosine,Cosine,schedule,2026,v1,False
4920,0.0013511970173567533,0.02266032683466928,14,sched_cosine,Cosine,schedule,2026,v1,False
4940,0.0012754567433148623,0.016144307826571086,15,sched_cosine,Cosine,schedule,2026,v1,False
4960,0.0015662743244320154,0.016144307826571086,15,sched_cosine,Cosine,schedule,2026,v1,False
4980,0.0025610558222979307,0.016144307826571086,15,sched_cosine,Cosine,schedule,2026,v1,False
5000,0.0013848007656633854,0.016144307826571086,15,sched_cosine,Cosine,schedule,2026,v1,False
5020,0.0014976467937231064,0.016144307826571086,15,sched_cosine,Cosine,schedule,2026,v1,False
5040,0.004359155427664518,0.016144307826571086,15,sched_cosine,Cosine,schedule,2026,v1,False
5060,0.0012397724203765392,0.016144307826571086,15,sched_cosine,Cosine,schedule,2026,v1,False
5080,0.0021763783879578114,0.016144307826571086,15,sched_cosine,Cosine,schedule,2026,v1,False
5100,0.006464171223342419,0.016144307826571086,15,sched_cosine,Cosine,schedule,2026,v1,False
5120,0.002181378658860922,0.016144307826571086,15,sched_cosine,Cosine,schedule,2026,v1,False
5140,0.0015165406512096524,0.016144307826571086,15,sched_cosine,Cosine,schedule,2026,v1,False
5160,0.0010734907118603587,0.016144307826571086,15,sched_cosine,Cosine,schedule,2026,v1,False
5180,0.00314157223328948,0.016144307826571086,15,sched_cosine,Cosine,schedule,2026,v1,False
5200,0.0005008838488720357,0.016144307826571086,15,sched_cosine,Cosine,schedule,2026,v1,False
5220,0.0025283172726631165,0.016144307826571086,15,sched_cosine,Cosine,schedule,2026,v1,False
5240,0.007369734812527895,0.016144307826571086,15,sched_cosine,Cosine,schedule,2026,v1,False
5260,0.0023762742057442665,0.016144307826571086,15,sched_cosine,Cosine,schedule,2026,v1,False
5280,0.0014647607458755374,0.010551920232727309,16,sched_cosine,Cosine,schedule,2026,v1,False
5300,0.0008817220805212855,0.010551920232727309,16,sched_cosine,Cosine,schedule,2026,v1,False
5320,0.0005992455407977104,0.010551920232727309,16,sched_cosine,Cosine,schedule,2026,v1,False
5340,0.0008484603022225201,0.010551920232727309,16,sched_cosine,Cosine,schedule,2026,v1,False
5360,0.02447527088224888,0.010551920232727309,16,sched_cosine,Cosine,schedule,2026,v1,False
5380,0.0007922181393951178,0.010551920232727309,16,sched_cosine,Cosine,schedule,2026,v1,False
5400,0.0008655752753838897,0.010551920232727309,16,sched_cosine,Cosine,schedule,2026,v1,False
5420,0.002206742297858,0.010551920232727309,16,sched_cosine,Cosine,schedule,2026,v1,False
5440,0.0016457207966595888,0.010551920232727309,16,sched_cosine,Cosine,schedule,2026,v1,False
5460,0.001193708973005414,0.010551920232727309,16,sched_cosine,Cosine,schedule,2026,v1,False
5480,0.0005315276212058961,0.010551920232727309,16,sched_cosine,Cosine,schedule,2026,v1,False
5500,0.000660234596580267,0.010551920232727309,16,sched_cosine,Cosine,schedule,2026,v1,False
5520,0.0014857873320579529,0.010551920232727309,16,sched_cosine,Cosine,schedule,2026,v1,False
5540,0.0004696002579294145,0.010551920232727309,16,sched_cosine,Cosine,schedule,2026,v1,False
5560,0.0008904443820938468,0.010551920232727309,16,sched_cosine,Cosine,schedule,2026,v1,False
5580,0.0009981498587876558,0.010551920232727309,16,sched_cosine,Cosine,schedule,2026,v1,False
5600,0.0014816640177741647,0.010551920232727309,16,sched_cosine,Cosine,schedule,2026,v1,False
5620,0.000597678474150598,0.010551920232727309,16,sched_cosine,Cosine,schedule,2026,v1,False
5640,0.0004779009323101491,0.006035709808431584,17,sched_cosine,Cosine,schedule,2026,v1,False
5660,0.000800875190179795,0.006035709808431584,17,sched_cosine,Cosine,schedule,2026,v1,False
5680,0.0009687370620667934,0.006035709808431584,17,sched_cosine,Cosine,schedule,2026,v1,False
5700,0.0010143367107957602,0.006035709808431584,17,sched_cosine,Cosine,schedule,2026,v1,False
5720,0.0006299111992120743,0.006035709808431584,17,sched_cosine,Cosine,schedule,2026,v1,False
5740,0.0005693422281183302,0.006035709808431584,17,sched_cosine,Cosine,schedule,2026,v1,False
5760,0.0013590098824352026,0.006035709808431584,17,sched_cosine,Cosine,schedule,2026,v1,False
5780,0.0012215010356158018,0.006035709808431584,17,sched_cosine,Cosine,schedule,2026,v1,False
5800,0.0005763076478615403,0.006035709808431584,17,sched_cosine,Cosine,schedule,2026,v1,False
5820,0.0009968661470338702,0.006035709808431584,17,sched_cosine,Cosine,schedule,2026,v1,False
5840,0.0013083398807793856,0.006035709808431584,17,sched_cosine,Cosine,schedule,2026,v1,False
5860,0.001791410963051021,0.006035709808431584,17,sched_cosine,Cosine,schedule,2026,v1,False
5880,0.0007989219157025218,0.006035709808431584,17,sched_cosine,Cosine,schedule,2026,v1,False
5900,0.0009859055280685425,0.006035709808431584,17,sched_cosine,Cosine,schedule,2026,v1,False
5920,0.0007549630245193839,0.006035709808431584,17,sched_cosine,Cosine,schedule,2026,v1,False
5940,0.000520125322509557,0.006035709808431584,17,sched_cosine,Cosine,schedule,2026,v1,False
5960,0.0007702470757067204,0.006035709808431584,17,sched_cosine,Cosine,schedule,2026,v1,False
5980,0.0011567478068172932,0.006035709808431584,17,sched_cosine,Cosine,schedule,2026,v1,False
6000,0.0006819992559030652,0.0027188670011767716,18,sched_cosine,Cosine,schedule,2026,v1,False
6020,0.0014865318080410361,0.0027188670011767716,18,sched_cosine,Cosine,schedule,2026,v1,False
6040,0.0009843679144978523,0.0027188670011767716,18,sched_cosine,Cosine,schedule,2026,v1,False
6060,0.0004378032754175365,0.0027188670011767716,18,sched_cosine,Cosine,schedule,2026,v1,False
6080,0.0004822248301934451,0.0027188670011767716,18,sched_cosine,Cosine,schedule,2026,v1,False
6100,0.0007971853483468294,0.0027188670011767716,18,sched_cosine,Cosine,schedule,2026,v1,False
6120,0.0007324784528464079,0.0027188670011767716,18,sched_cosine,Cosine,schedule,2026,v1,False
6140,0.0009422213770449162,0.0027188670011767716,18,sched_cosine,Cosine,schedule,2026,v1,False
6160,0.0008289316901937127,0.0027188670011767716,18,sched_cosine,Cosine,schedule,2026,v1,False
6180,0.0010580604430288076,0.0027188670011767716,18,sched_cosine,Cosine,schedule,2026,v1,False
6200,0.00048581903683952987,0.0027188670011767716,18,sched_cosine,Cosine,schedule,2026,v1,False
6220,0.0002891601179726422,0.0027188670011767716,18,sched_cosine,Cosine,schedule,2026,v1,False
6240,0.0004980838857591152,0.0027188670011767716,18,sched_cosine,Cosine,schedule,2026,v1,False
6260,0.0007310285000130534,0.0027188670011767716,18,sched_cosine,Cosine,schedule,2026,v1,False
6280,0.001151627628132701,0.0027188670011767716,18,sched_cosine,Cosine,schedule,2026,v1,False
6300,0.0005256081349216402,0.0027188670011767716,18,sched_cosine,Cosine,schedule,2026,v1,False
6320,0.0006556621519848704,0.0027188670011767716,18,sched_cosine,Cosine,schedule,2026,v1,False
6340,0.0006260922527872026,0.0006918666363808976,19,sched_cosine,Cosine,schedule,2026,v1,False
6360,0.0007803957560099661,0.0006918666363808976,19,sched_cosine,Cosine,schedule,2026,v1,False
6380,0.00042408768786117435,0.0006918666363808976,19,sched_cosine,Cosine,schedule,2026,v1,False
6400,0.00045177829451859,0.0006918666363808976,19,sched_cosine,Cosine,schedule,2026,v1,False
6420,0.0006129129906184971,0.0006918666363808976,19,sched_cosine,Cosine,schedule,2026,v1,False
6440,0.00031269746250472963,0.0006918666363808976,19,sched_cosine,Cosine,schedule,2026,v1,False
6460,0.001129667041823268,0.0006918666363808976,19,sched_cosine,Cosine,schedule,2026,v1,False
6480,0.00032078998629003763,0.0006918666363808976,19,sched_cosine,Cosine,schedule,2026,v1,False
6500,0.0003300000389572233,0.0006918666363808976,19,sched_cosine,Cosine,schedule,2026,v1,False
6520,0.00042328814743086696,0.0006918666363808976,19,sched_cosine,Cosine,schedule,2026,v1,False
6540,0.00041974152554757893,0.0006918666363808976,19,sched_cosine,Cosine,schedule,2026,v1,False
6560,0.0004754496330861002,0.0006918666363808976,19,sched_cosine,Cosine,schedule,2026,v1,False
6580,0.001927391393110156,0.0006918666363808976,19,sched_cosine,Cosine,schedule,2026,v1,False
6600,0.0006088990485295653,0.0006918666363808976,19,sched_cosine,Cosine,schedule,2026,v1,False
6620,0.0007693873485550284,0.0006918666363808976,19,sched_cosine,Cosine,schedule,2026,v1,False
6640,0.001072995481081307,0.0006918666363808976,19,sched_cosine,Cosine,schedule,2026,v1,False
6660,0.000944433850236237,0.0006918666363808976,19,sched_cosine,Cosine,schedule,2026,v1,False
6680,0.0009944734629243612,0.0006918666363808976,19,sched_cosine,Cosine,schedule,2026,v1,False
6700,0.0008056120714172721,1e-05,20,sched_cosine,Cosine,schedule,2026,v1,False
6720,0.0006445203325711191,1e-05,20,sched_cosine,Cosine,schedule,2026,v1,False
6740,0.0010731648653745651,1e-05,20,sched_cosine,Cosine,schedule,2026,v1,False
6760,0.00030118628637865186,1e-05,20,sched_cosine,Cosine,schedule,2026,v1,False
6780,0.000505355536006391,1e-05,20,sched_cosine,Cosine,schedule,2026,v1,False
6800,0.0007264601881615818,1e-05,20,sched_cosine,Cosine,schedule,2026,v1,False
6820,0.0006225575343705714,1e-05,20,sched_cosine,Cosine,schedule,2026,v1,False
6840,0.0011321324855089188,1e-05,20,sched_cosine,Cosine,schedule,2026,v1,False
6860,0.0006609243573620915,1e-05,20,sched_cosine,Cosine,schedule,2026,v1,False
6880,0.0005656540160998702,1e-05,20,sched_cosine,Cosine,schedule,2026,v1,False
6900,0.0012148723471909761,1e-05,20,sched_cosine,Cosine,schedule,2026,v1,False
6920,0.0006144308717921376,1e-05,20,sched_cosine,Cosine,schedule,2026,v1,False
6940,0.0024212924763560295,1e-05,20,sched_cosine,Cosine,schedule,2026,v1,False
6960,0.0011254422133788466,1e-05,20,sched_cosine,Cosine,schedule,2026,v1,False
6980,0.0027206013910472393,1e-05,20,sched_cosine,Cosine,schedule,2026,v1,False
7000,0.0008430556626990438,1e-05,20,sched_cosine,Cosine,schedule,2026,v1,False
7020,0.000919605023227632,1e-05,20,sched_cosine,Cosine,schedule,2026,v1,False
0,2.5689821243286133,0.05,1,sched_cosine_warm,Cosine + warm-up,schedule,42,v1,False
20,3.966407060623169,0.05,1,sched_cosine_warm,Cosine + warm-up,schedule,42,v1,False
40,2.170210599899292,0.05,1,sched_cosine_warm,Cosine + warm-up,schedule,42,v1,False
60,1.7813026905059814,0.05,1,sched_cosine_warm,Cosine + warm-up,schedule,42,v1,False
80,1.794259786605835,0.05,1,sched_cosine_warm,Cosine + warm-up,schedule,42,v1,False
100,1.6880791187286377,0.05,1,sched_cosine_warm,Cosine + warm-up,schedule,42,v1,False
120,1.5996828079223633,0.05,1,sched_cosine_warm,Cosine + warm-up,schedule,42,v1,False
140,1.5586808919906616,0.05,1,sched_cosine_warm,Cosine + warm-up,schedule,42,v1,False
160,1.6293972730636597,0.05,1,sched_cosine_warm,Cosine + warm-up,schedule,42,v1,False
180,1.5323145389556885,0.05,1,sched_cosine_warm,Cosine + warm-up,schedule,42,v1,False
200,1.6019935607910156,0.05,1,sched_cosine_warm,Cosine + warm-up,schedule,42,v1,False
220,1.31980562210083,0.05,1,sched_cosine_warm,Cosine + warm-up,schedule,42,v1,False
240,1.6097519397735596,0.05,1,sched_cosine_warm,Cosine + warm-up,schedule,42,v1,False
260,1.3845295906066895,0.05,1,sched_cosine_warm,Cosine + warm-up,schedule,42,v1,False
280,1.3147804737091064,0.05,1,sched_cosine_warm,Cosine + warm-up,schedule,42,v1,False
300,1.2605968713760376,0.05,1,sched_cosine_warm,Cosine + warm-up,schedule,42,v1,False
320,1.4166009426116943,0.05,1,sched_cosine_warm,Cosine + warm-up,schedule,42,v1,False
340,1.2255797386169434,0.05,1,sched_cosine_warm,Cosine + warm-up,schedule,42,v1,False
360,1.2983475923538208,0.1,2,sched_cosine_warm,Cosine + warm-up,schedule,42,v1,False
380,1.6300777196884155,0.1,2,sched_cosine_warm,Cosine + warm-up,schedule,42,v1,False
400,1.3426792621612549,0.1,2,sched_cosine_warm,Cosine + warm-up,schedule,42,v1,False
420,1.294431209564209,0.1,2,sched_cosine_warm,Cosine + warm-up,schedule,42,v1,False
440,1.1672508716583252,0.1,2,sched_cosine_warm,Cosine + warm-up,schedule,42,v1,False
460,1.3969874382019043,0.1,2,sched_cosine_warm,Cosine + warm-up,schedule,42,v1,False
480,1.3609116077423096,0.1,2,sched_cosine_warm,Cosine + warm-up,schedule,42,v1,False
500,1.0814294815063477,0.1,2,sched_cosine_warm,Cosine + warm-up,schedule,42,v1,False
520,0.9617689847946167,0.1,2,sched_cosine_warm,Cosine + warm-up,schedule,42,v1,False
540,1.0841727256774902,0.1,2,sched_cosine_warm,Cosine + warm-up,schedule,42,v1,False
560,1.168529987335205,0.1,2,sched_cosine_warm,Cosine + warm-up,schedule,42,v1,False
580,1.0730093717575073,0.1,2,sched_cosine_warm,Cosine + warm-up,schedule,42,v1,False
600,1.10543954372406,0.1,2,sched_cosine_warm,Cosine + warm-up,schedule,42,v1,False
620,1.0083435773849487,0.1,2,sched_cosine_warm,Cosine + warm-up,schedule,42,v1,False
640,1.0541574954986572,0.1,2,sched_cosine_warm,Cosine + warm-up,schedule,42,v1,False
660,0.7910283207893372,0.1,2,sched_cosine_warm,Cosine + warm-up,schedule,42,v1,False
680,1.0251551866531372,0.1,2,sched_cosine_warm,Cosine + warm-up,schedule,42,v1,False
700,0.8888291120529175,0.1,2,sched_cosine_warm,Cosine + warm-up,schedule,42,v1,False
720,0.7407667636871338,0.1,3,sched_cosine_warm,Cosine + warm-up,schedule,42,v1,False
740,0.7484244108200073,0.1,3,sched_cosine_warm,Cosine + warm-up,schedule,42,v1,False
760,1.0514299869537354,0.1,3,sched_cosine_warm,Cosine + warm-up,schedule,42,v1,False
780,0.9339579343795776,0.1,3,sched_cosine_warm,Cosine + warm-up,schedule,42,v1,False
800,0.9041482210159302,0.1,3,sched_cosine_warm,Cosine + warm-up,schedule,42,v1,False
820,0.8127169609069824,0.1,3,sched_cosine_warm,Cosine + warm-up,schedule,42,v1,False
840,0.8975592255592346,0.1,3,sched_cosine_warm,Cosine + warm-up,schedule,42,v1,False
860,0.6885427832603455,0.1,3,sched_cosine_warm,Cosine + warm-up,schedule,42,v1,False
880,0.9904323816299438,0.1,3,sched_cosine_warm,Cosine + warm-up,schedule,42,v1,False
900,0.9387401342391968,0.1,3,sched_cosine_warm,Cosine + warm-up,schedule,42,v1,False
920,0.708511233329773,0.1,3,sched_cosine_warm,Cosine + warm-up,schedule,42,v1,False
940,0.843923807144165,0.1,3,sched_cosine_warm,Cosine + warm-up,schedule,42,v1,False
960,0.81830233335495,0.1,3,sched_cosine_warm,Cosine + warm-up,schedule,42,v1,False
980,0.6087753772735596,0.1,3,sched_cosine_warm,Cosine + warm-up,schedule,42,v1,False
1000,0.7135320901870728,0.1,3,sched_cosine_warm,Cosine + warm-up,schedule,42,v1,False
1020,0.6649137735366821,0.1,3,sched_cosine_warm,Cosine + warm-up,schedule,42,v1,False
1040,0.6692633628845215,0.1,3,sched_cosine_warm,Cosine + warm-up,schedule,42,v1,False
1060,0.5571705102920532,0.09914874011869668,4,sched_cosine_warm,Cosine + warm-up,schedule,42,v1,False
1080,0.5141872763633728,0.09914874011869668,4,sched_cosine_warm,Cosine + warm-up,schedule,42,v1,False
1100,0.729233980178833,0.09914874011869668,4,sched_cosine_warm,Cosine + warm-up,schedule,42,v1,False
1120,0.7941969633102417,0.09914874011869668,4,sched_cosine_warm,Cosine + warm-up,schedule,42,v1,False
1140,0.6456645131111145,0.09914874011869668,4,sched_cosine_warm,Cosine + warm-up,schedule,42,v1,False
1160,0.5694176554679871,0.09914874011869668,4,sched_cosine_warm,Cosine + warm-up,schedule,42,v1,False
1180,0.622255802154541,0.09914874011869668,4,sched_cosine_warm,Cosine + warm-up,schedule,42,v1,False
1200,0.5534431338310242,0.09914874011869668,4,sched_cosine_warm,Cosine + warm-up,schedule,42,v1,False
1220,0.4518798589706421,0.09914874011869668,4,sched_cosine_warm,Cosine + warm-up,schedule,42,v1,False
1240,0.446224570274353,0.09914874011869668,4,sched_cosine_warm,Cosine + warm-up,schedule,42,v1,False
1260,0.6277153491973877,0.09914874011869668,4,sched_cosine_warm,Cosine + warm-up,schedule,42,v1,False
1280,0.7045222520828247,0.09914874011869668,4,sched_cosine_warm,Cosine + warm-up,schedule,42,v1,False
1300,0.6205856800079346,0.09914874011869668,4,sched_cosine_warm,Cosine + warm-up,schedule,42,v1,False
1320,0.5130795240402222,0.09914874011869668,4,sched_cosine_warm,Cosine + warm-up,schedule,42,v1,False
1340,0.6387104988098145,0.09914874011869668,4,sched_cosine_warm,Cosine + warm-up,schedule,42,v1,False
1360,0.5107020139694214,0.09914874011869668,4,sched_cosine_warm,Cosine + warm-up,schedule,42,v1,False
1380,0.5341344475746155,0.09914874011869668,4,sched_cosine_warm,Cosine + warm-up,schedule,42,v1,False
1400,0.6737361550331116,0.09914874011869668,4,sched_cosine_warm,Cosine + warm-up,schedule,42,v1,False
1420,0.5594118237495422,0.09662394910907077,5,sched_cosine_warm,Cosine + warm-up,schedule,42,v1,False
1440,0.5048636198043823,0.09662394910907077,5,sched_cosine_warm,Cosine + warm-up,schedule,42,v1,False
1460,0.4961834251880646,0.09662394910907077,5,sched_cosine_warm,Cosine + warm-up,schedule,42,v1,False
1480,0.5045796036720276,0.09662394910907077,5,sched_cosine_warm,Cosine + warm-up,schedule,42,v1,False
1500,0.4693225622177124,0.09662394910907077,5,sched_cosine_warm,Cosine + warm-up,schedule,42,v1,False
1520,0.3163808584213257,0.09662394910907077,5,sched_cosine_warm,Cosine + warm-up,schedule,42,v1,False
1540,0.49555081129074097,0.09662394910907077,5,sched_cosine_warm,Cosine + warm-up,schedule,42,v1,False
1560,0.5285537838935852,0.09662394910907077,5,sched_cosine_warm,Cosine + warm-up,schedule,42,v1,False
1580,0.5811775326728821,0.09662394910907077,5,sched_cosine_warm,Cosine + warm-up,schedule,42,v1,False
1600,0.5245028734207153,0.09662394910907077,5,sched_cosine_warm,Cosine + warm-up,schedule,42,v1,False
1620,0.4403671622276306,0.09662394910907077,5,sched_cosine_warm,Cosine + warm-up,schedule,42,v1,False
1640,0.4091110825538635,0.09662394910907077,5,sched_cosine_warm,Cosine + warm-up,schedule,42,v1,False
1660,0.5434272289276123,0.09662394910907077,5,sched_cosine_warm,Cosine + warm-up,schedule,42,v1,False
1680,0.5226600170135498,0.09662394910907077,5,sched_cosine_warm,Cosine + warm-up,schedule,42,v1,False
1700,0.5924808979034424,0.09662394910907077,5,sched_cosine_warm,Cosine + warm-up,schedule,42,v1,False
1720,0.4088399112224579,0.09662394910907077,5,sched_cosine_warm,Cosine + warm-up,schedule,42,v1,False
1740,0.6424914002418518,0.09662394910907077,5,sched_cosine_warm,Cosine + warm-up,schedule,42,v1,False
1760,0.4245554208755493,0.09251160570080207,6,sched_cosine_warm,Cosine + warm-up,schedule,42,v1,False
1780,0.5411211252212524,0.09251160570080207,6,sched_cosine_warm,Cosine + warm-up,schedule,42,v1,False
1800,0.47554320096969604,0.09251160570080207,6,sched_cosine_warm,Cosine + warm-up,schedule,42,v1,False
1820,0.48455822467803955,0.09251160570080207,6,sched_cosine_warm,Cosine + warm-up,schedule,42,v1,False
1840,0.47311097383499146,0.09251160570080207,6,sched_cosine_warm,Cosine + warm-up,schedule,42,v1,False
1860,0.49063754081726074,0.09251160570080207,6,sched_cosine_warm,Cosine + warm-up,schedule,42,v1,False
1880,0.45098912715911865,0.09251160570080207,6,sched_cosine_warm,Cosine + warm-up,schedule,42,v1,False
1900,0.5609051585197449,0.09251160570080207,6,sched_cosine_warm,Cosine + warm-up,schedule,42,v1,False
1920,0.6343156099319458,0.09251160570080207,6,sched_cosine_warm,Cosine + warm-up,schedule,42,v1,False
1940,0.44459646940231323,0.09251160570080207,6,sched_cosine_warm,Cosine + warm-up,schedule,42,v1,False
1960,0.3703949451446533,0.09251160570080207,6,sched_cosine_warm,Cosine + warm-up,schedule,42,v1,False
1980,0.452894926071167,0.09251160570080207,6,sched_cosine_warm,Cosine + warm-up,schedule,42,v1,False
2000,0.5213680267333984,0.09251160570080207,6,sched_cosine_warm,Cosine + warm-up,schedule,42,v1,False
2020,0.47238144278526306,0.09251160570080207,6,sched_cosine_warm,Cosine + warm-up,schedule,42,v1,False
2040,0.4732310175895691,0.09251160570080207,6,sched_cosine_warm,Cosine + warm-up,schedule,42,v1,False
2060,0.5255364179611206,0.09251160570080207,6,sched_cosine_warm,Cosine + warm-up,schedule,42,v1,False
2080,0.49534696340560913,0.09251160570080207,6,sched_cosine_warm,Cosine + warm-up,schedule,42,v1,False
2100,0.4477393627166748,0.09251160570080207,6,sched_cosine_warm,Cosine + warm-up,schedule,42,v1,False
2120,0.34146493673324585,0.08695175081644685,7,sched_cosine_warm,Cosine + warm-up,schedule,42,v1,False
2140,0.25401803851127625,0.08695175081644685,7,sched_cosine_warm,Cosine + warm-up,schedule,42,v1,False
2160,0.2886430025100708,0.08695175081644685,7,sched_cosine_warm,Cosine + warm-up,schedule,42,v1,False
2180,0.4997226297855377,0.08695175081644685,7,sched_cosine_warm,Cosine + warm-up,schedule,42,v1,False
2200,0.3082836866378784,0.08695175081644685,7,sched_cosine_warm,Cosine + warm-up,schedule,42,v1,False
2220,0.4043412506580353,0.08695175081644685,7,sched_cosine_warm,Cosine + warm-up,schedule,42,v1,False
2240,0.3514677882194519,0.08695175081644685,7,sched_cosine_warm,Cosine + warm-up,schedule,42,v1,False
2260,0.4261050224304199,0.08695175081644685,7,sched_cosine_warm,Cosine + warm-up,schedule,42,v1,False
2280,0.48557421565055847,0.08695175081644685,7,sched_cosine_warm,Cosine + warm-up,schedule,42,v1,False
2300,0.35769474506378174,0.08695175081644685,7,sched_cosine_warm,Cosine + warm-up,schedule,42,v1,False
2320,0.34837663173675537,0.08695175081644685,7,sched_cosine_warm,Cosine + warm-up,schedule,42,v1,False
2340,0.3260294198989868,0.08695175081644685,7,sched_cosine_warm,Cosine + warm-up,schedule,42,v1,False
2360,0.3232871890068054,0.08695175081644685,7,sched_cosine_warm,Cosine + warm-up,schedule,42,v1,False
2380,0.4577948749065399,0.08695175081644685,7,sched_cosine_warm,Cosine + warm-up,schedule,42,v1,False
2400,0.47226253151893616,0.08695175081644685,7,sched_cosine_warm,Cosine + warm-up,schedule,42,v1,False
2420,0.3747059106826782,0.08695175081644685,7,sched_cosine_warm,Cosine + warm-up,schedule,42,v1,False
2440,0.28003984689712524,0.08695175081644685,7,sched_cosine_warm,Cosine + warm-up,schedule,42,v1,False
2460,0.48246413469314575,0.08695175081644685,7,sched_cosine_warm,Cosine + warm-up,schedule,42,v1,False
2480,0.2612045109272003,0.08013371864578094,8,sched_cosine_warm,Cosine + warm-up,schedule,42,v1,False
2500,0.1899051070213318,0.08013371864578094,8,sched_cosine_warm,Cosine + warm-up,schedule,42,v1,False
2520,0.24742358922958374,0.08013371864578094,8,sched_cosine_warm,Cosine + warm-up,schedule,42,v1,False
2540,0.22139492630958557,0.08013371864578094,8,sched_cosine_warm,Cosine + warm-up,schedule,42,v1,False
2560,0.3256259560585022,0.08013371864578094,8,sched_cosine_warm,Cosine + warm-up,schedule,42,v1,False
2580,0.31979647278785706,0.08013371864578094,8,sched_cosine_warm,Cosine + warm-up,schedule,42,v1,False
2600,0.279854953289032,0.08013371864578094,8,sched_cosine_warm,Cosine + warm-up,schedule,42,v1,False
2620,0.3667157292366028,0.08013371864578094,8,sched_cosine_warm,Cosine + warm-up,schedule,42,v1,False
2640,0.29487839341163635,0.08013371864578094,8,sched_cosine_warm,Cosine + warm-up,schedule,42,v1,False
2660,0.32435154914855957,0.08013371864578094,8,sched_cosine_warm,Cosine + warm-up,schedule,42,v1,False
2680,0.16555330157279968,0.08013371864578094,8,sched_cosine_warm,Cosine + warm-up,schedule,42,v1,False
2700,0.32194972038269043,0.08013371864578094,8,sched_cosine_warm,Cosine + warm-up,schedule,42,v1,False
2720,0.24106183648109436,0.08013371864578094,8,sched_cosine_warm,Cosine + warm-up,schedule,42,v1,False
2740,0.18688015639781952,0.08013371864578094,8,sched_cosine_warm,Cosine + warm-up,schedule,42,v1,False
2760,0.3712330460548401,0.08013371864578094,8,sched_cosine_warm,Cosine + warm-up,schedule,42,v1,False
2780,0.21473652124404907,0.08013371864578094,8,sched_cosine_warm,Cosine + warm-up,schedule,42,v1,False
2800,0.21591602265834808,0.08013371864578094,8,sched_cosine_warm,Cosine + warm-up,schedule,42,v1,False
2820,0.32654422521591187,0.07228968909704804,9,sched_cosine_warm,Cosine + warm-up,schedule,42,v1,False
2840,0.24669431149959564,0.07228968909704804,9,sched_cosine_warm,Cosine + warm-up,schedule,42,v1,False
2860,0.24399246275424957,0.07228968909704804,9,sched_cosine_warm,Cosine + warm-up,schedule,42,v1,False
2880,0.17508602142333984,0.07228968909704804,9,sched_cosine_warm,Cosine + warm-up,schedule,42,v1,False
2900,0.20354166626930237,0.07228968909704804,9,sched_cosine_warm,Cosine + warm-up,schedule,42,v1,False
2920,0.2245219647884369,0.07228968909704804,9,sched_cosine_warm,Cosine + warm-up,schedule,42,v1,False
2940,0.20876283943653107,0.07228968909704804,9,sched_cosine_warm,Cosine + warm-up,schedule,42,v1,False
2960,0.1776520311832428,0.07228968909704804,9,sched_cosine_warm,Cosine + warm-up,schedule,42,v1,False
2980,0.23472562432289124,0.07228968909704804,9,sched_cosine_warm,Cosine + warm-up,schedule,42,v1,False
3000,0.2322559505701065,0.07228968909704804,9,sched_cosine_warm,Cosine + warm-up,schedule,42,v1,False
3020,0.24061644077301025,0.07228968909704804,9,sched_cosine_warm,Cosine + warm-up,schedule,42,v1,False
3040,0.24555954337120056,0.07228968909704804,9,sched_cosine_warm,Cosine + warm-up,schedule,42,v1,False
3060,0.2777564823627472,0.07228968909704804,9,sched_cosine_warm,Cosine + warm-up,schedule,42,v1,False
3080,0.2335135042667389,0.07228968909704804,9,sched_cosine_warm,Cosine + warm-up,schedule,42,v1,False
3100,0.28484076261520386,0.07228968909704804,9,sched_cosine_warm,Cosine + warm-up,schedule,42,v1,False
3120,0.37278974056243896,0.07228968909704804,9,sched_cosine_warm,Cosine + warm-up,schedule,42,v1,False
3140,0.30663907527923584,0.07228968909704804,9,sched_cosine_warm,Cosine + warm-up,schedule,42,v1,False
3160,0.25004273653030396,0.07228968909704804,9,sched_cosine_warm,Cosine + warm-up,schedule,42,v1,False
3180,0.16690309345722198,0.0636867811886538,10,sched_cosine_warm,Cosine + warm-up,schedule,42,v1,False
3200,0.12628012895584106,0.0636867811886538,10,sched_cosine_warm,Cosine + warm-up,schedule,42,v1,False
3220,0.2498210221529007,0.0636867811886538,10,sched_cosine_warm,Cosine + warm-up,schedule,42,v1,False
3240,0.10467161238193512,0.0636867811886538,10,sched_cosine_warm,Cosine + warm-up,schedule,42,v1,False
3260,0.2972863018512726,0.0636867811886538,10,sched_cosine_warm,Cosine + warm-up,schedule,42,v1,False
3280,0.15546691417694092,0.0636867811886538,10,sched_cosine_warm,Cosine + warm-up,schedule,42,v1,False
3300,0.10373301804065704,0.0636867811886538,10,sched_cosine_warm,Cosine + warm-up,schedule,42,v1,False
3320,0.16543211042881012,0.0636867811886538,10,sched_cosine_warm,Cosine + warm-up,schedule,42,v1,False
3340,0.2650175094604492,0.0636867811886538,10,sched_cosine_warm,Cosine + warm-up,schedule,42,v1,False
3360,0.14790242910385132,0.0636867811886538,10,sched_cosine_warm,Cosine + warm-up,schedule,42,v1,False
3380,0.23142866790294647,0.0636867811886538,10,sched_cosine_warm,Cosine + warm-up,schedule,42,v1,False
3400,0.15388944745063782,0.0636867811886538,10,sched_cosine_warm,Cosine + warm-up,schedule,42,v1,False
3420,0.2720572054386139,0.0636867811886538,10,sched_cosine_warm,Cosine + warm-up,schedule,42,v1,False
3440,0.16402000188827515,0.0636867811886538,10,sched_cosine_warm,Cosine + warm-up,schedule,42,v1,False
3460,0.2626410126686096,0.0636867811886538,10,sched_cosine_warm,Cosine + warm-up,schedule,42,v1,False
3480,0.19940263032913208,0.0636867811886538,10,sched_cosine_warm,Cosine + warm-up,schedule,42,v1,False
3500,0.21843716502189636,0.0636867811886538,10,sched_cosine_warm,Cosine + warm-up,schedule,42,v1,False
3520,0.1239941194653511,0.054617956631367794,11,sched_cosine_warm,Cosine + warm-up,schedule,42,v1,False
3540,0.13344717025756836,0.054617956631367794,11,sched_cosine_warm,Cosine + warm-up,schedule,42,v1,False
3560,0.11223074793815613,0.054617956631367794,11,sched_cosine_warm,Cosine + warm-up,schedule,42,v1,False
3580,0.037350185215473175,0.054617956631367794,11,sched_cosine_warm,Cosine + warm-up,schedule,42,v1,False
3600,0.05491925776004791,0.054617956631367794,11,sched_cosine_warm,Cosine + warm-up,schedule,42,v1,False
3620,0.0521511472761631,0.054617956631367794,11,sched_cosine_warm,Cosine + warm-up,schedule,42,v1,False
3640,0.06915055215358734,0.054617956631367794,11,sched_cosine_warm,Cosine + warm-up,schedule,42,v1,False
3660,0.14039084315299988,0.054617956631367794,11,sched_cosine_warm,Cosine + warm-up,schedule,42,v1,False
3680,0.0860256478190422,0.054617956631367794,11,sched_cosine_warm,Cosine + warm-up,schedule,42,v1,False
3700,0.1537967473268509,0.054617956631367794,11,sched_cosine_warm,Cosine + warm-up,schedule,42,v1,False
3720,0.14478091895580292,0.054617956631367794,11,sched_cosine_warm,Cosine + warm-up,schedule,42,v1,False
3740,0.09068039059638977,0.054617956631367794,11,sched_cosine_warm,Cosine + warm-up,schedule,42,v1,False
3760,0.17220193147659302,0.054617956631367794,11,sched_cosine_warm,Cosine + warm-up,schedule,42,v1,False
3780,0.14044764637947083,0.054617956631367794,11,sched_cosine_warm,Cosine + warm-up,schedule,42,v1,False
3800,0.17088216543197632,0.054617956631367794,11,sched_cosine_warm,Cosine + warm-up,schedule,42,v1,False
3820,0.14182105660438538,0.054617956631367794,11,sched_cosine_warm,Cosine + warm-up,schedule,42,v1,False
3840,0.1626928150653839,0.054617956631367794,11,sched_cosine_warm,Cosine + warm-up,schedule,42,v1,False
3860,0.1400117129087448,0.054617956631367794,11,sched_cosine_warm,Cosine + warm-up,schedule,42,v1,False
3880,0.061716228723526,0.04539204336863223,12,sched_cosine_warm,Cosine + warm-up,schedule,42,v1,False
3900,0.11719807982444763,0.04539204336863223,12,sched_cosine_warm,Cosine + warm-up,schedule,42,v1,False
3920,0.028380796313285828,0.04539204336863223,12,sched_cosine_warm,Cosine + warm-up,schedule,42,v1,False
3940,0.0486602708697319,0.04539204336863223,12,sched_cosine_warm,Cosine + warm-up,schedule,42,v1,False
3960,0.08555854111909866,0.04539204336863223,12,sched_cosine_warm,Cosine + warm-up,schedule,42,v1,False
3980,0.06533660739660263,0.04539204336863223,12,sched_cosine_warm,Cosine + warm-up,schedule,42,v1,False
4000,0.037641897797584534,0.04539204336863223,12,sched_cosine_warm,Cosine + warm-up,schedule,42,v1,False
4020,0.08229510486125946,0.04539204336863223,12,sched_cosine_warm,Cosine + warm-up,schedule,42,v1,False
4040,0.10695058852434158,0.04539204336863223,12,sched_cosine_warm,Cosine + warm-up,schedule,42,v1,False
4060,0.0703812912106514,0.04539204336863223,12,sched_cosine_warm,Cosine + warm-up,schedule,42,v1,False
4080,0.09106473624706268,0.04539204336863223,12,sched_cosine_warm,Cosine + warm-up,schedule,42,v1,False
4100,0.08221006393432617,0.04539204336863223,12,sched_cosine_warm,Cosine + warm-up,schedule,42,v1,False
4120,0.05502331256866455,0.04539204336863223,12,sched_cosine_warm,Cosine + warm-up,schedule,42,v1,False
4140,0.0301215797662735,0.04539204336863223,12,sched_cosine_warm,Cosine + warm-up,schedule,42,v1,False
4160,0.16294775903224945,0.04539204336863223,12,sched_cosine_warm,Cosine + warm-up,schedule,42,v1,False
4180,0.17555499076843262,0.04539204336863223,12,sched_cosine_warm,Cosine + warm-up,schedule,42,v1,False
4200,0.08538521826267242,0.04539204336863223,12,sched_cosine_warm,Cosine + warm-up,schedule,42,v1,False
4220,0.049719419330358505,0.04539204336863223,12,sched_cosine_warm,Cosine + warm-up,schedule,42,v1,False
4240,0.08194814622402191,0.036323218811346224,13,sched_cosine_warm,Cosine + warm-up,schedule,42,v1,False
4260,0.041136279702186584,0.036323218811346224,13,sched_cosine_warm,Cosine + warm-up,schedule,42,v1,False
4280,0.009057089686393738,0.036323218811346224,13,sched_cosine_warm,Cosine + warm-up,schedule,42,v1,False
4300,0.0395798459649086,0.036323218811346224,13,sched_cosine_warm,Cosine + warm-up,schedule,42,v1,False
4320,0.020812377333641052,0.036323218811346224,13,sched_cosine_warm,Cosine + warm-up,schedule,42,v1,False
4340,0.013590291142463684,0.036323218811346224,13,sched_cosine_warm,Cosine + warm-up,schedule,42,v1,False
4360,0.03890468180179596,0.036323218811346224,13,sched_cosine_warm,Cosine + warm-up,schedule,42,v1,False
4380,0.06410174071788788,0.036323218811346224,13,sched_cosine_warm,Cosine + warm-up,schedule,42,v1,False
4400,0.018527455627918243,0.036323218811346224,13,sched_cosine_warm,Cosine + warm-up,schedule,42,v1,False
4420,0.017802463844418526,0.036323218811346224,13,sched_cosine_warm,Cosine + warm-up,schedule,42,v1,False
4440,0.0282985121011734,0.036323218811346224,13,sched_cosine_warm,Cosine + warm-up,schedule,42,v1,False
4460,0.018718328326940536,0.036323218811346224,13,sched_cosine_warm,Cosine + warm-up,schedule,42,v1,False
4480,0.03700791671872139,0.036323218811346224,13,sched_cosine_warm,Cosine + warm-up,schedule,42,v1,False
4500,0.029560942202806473,0.036323218811346224,13,sched_cosine_warm,Cosine + warm-up,schedule,42,v1,False
4520,0.01353313960134983,0.036323218811346224,13,sched_cosine_warm,Cosine + warm-up,schedule,42,v1,False
4540,0.008727675303816795,0.036323218811346224,13,sched_cosine_warm,Cosine + warm-up,schedule,42,v1,False
4560,0.04297161474823952,0.036323218811346224,13,sched_cosine_warm,Cosine + warm-up,schedule,42,v1,False
4580,0.011331255547702312,0.027720310902951975,14,sched_cosine_warm,Cosine + warm-up,schedule,42,v1,False
4600,0.021362053230404854,0.027720310902951975,14,sched_cosine_warm,Cosine + warm-up,schedule,42,v1,False
4620,0.005074209533631802,0.027720310902951975,14,sched_cosine_warm,Cosine + warm-up,schedule,42,v1,False
4640,0.02967965230345726,0.027720310902951975,14,sched_cosine_warm,Cosine + warm-up,schedule,42,v1,False
4660,0.007635742425918579,0.027720310902951975,14,sched_cosine_warm,Cosine + warm-up,schedule,42,v1,False
4680,0.01713784970343113,0.027720310902951975,14,sched_cosine_warm,Cosine + warm-up,schedule,42,v1,False
4700,0.007062316872179508,0.027720310902951975,14,sched_cosine_warm,Cosine + warm-up,schedule,42,v1,False
4720,0.008311249315738678,0.027720310902951975,14,sched_cosine_warm,Cosine + warm-up,schedule,42,v1,False
4740,0.020335296168923378,0.027720310902951975,14,sched_cosine_warm,Cosine + warm-up,schedule,42,v1,False
4760,0.028057929128408432,0.027720310902951975,14,sched_cosine_warm,Cosine + warm-up,schedule,42,v1,False
4780,0.007082976400852203,0.027720310902951975,14,sched_cosine_warm,Cosine + warm-up,schedule,42,v1,False
4800,0.009324723854660988,0.027720310902951975,14,sched_cosine_warm,Cosine + warm-up,schedule,42,v1,False
4820,0.02219238504767418,0.027720310902951975,14,sched_cosine_warm,Cosine + warm-up,schedule,42,v1,False
4840,0.02449972927570343,0.027720310902951975,14,sched_cosine_warm,Cosine + warm-up,schedule,42,v1,False
4860,0.01871676929295063,0.027720310902951975,14,sched_cosine_warm,Cosine + warm-up,schedule,42,v1,False
4880,0.008567756041884422,0.027720310902951975,14,sched_cosine_warm,Cosine + warm-up,schedule,42,v1,False
4900,0.008156020194292068,0.027720310902951975,14,sched_cosine_warm,Cosine + warm-up,schedule,42,v1,False
4920,0.0068436856381595135,0.027720310902951975,14,sched_cosine_warm,Cosine + warm-up,schedule,42,v1,False
4940,0.00606954051181674,0.019876281354219084,15,sched_cosine_warm,Cosine + warm-up,schedule,42,v1,False
4960,0.004673977382481098,0.019876281354219084,15,sched_cosine_warm,Cosine + warm-up,schedule,42,v1,False
4980,0.0037141190841794014,0.019876281354219084,15,sched_cosine_warm,Cosine + warm-up,schedule,42,v1,False
5000,0.011956833302974701,0.019876281354219084,15,sched_cosine_warm,Cosine + warm-up,schedule,42,v1,False
5020,0.0019483917858451605,0.019876281354219084,15,sched_cosine_warm,Cosine + warm-up,schedule,42,v1,False
5040,0.008202006109058857,0.019876281354219084,15,sched_cosine_warm,Cosine + warm-up,schedule,42,v1,False
5060,0.000560194079298526,0.019876281354219084,15,sched_cosine_warm,Cosine + warm-up,schedule,42,v1,False
5080,0.009683143347501755,0.019876281354219084,15,sched_cosine_warm,Cosine + warm-up,schedule,42,v1,False
5100,0.0014510180335491896,0.019876281354219084,15,sched_cosine_warm,Cosine + warm-up,schedule,42,v1,False
5120,0.001067464123480022,0.019876281354219084,15,sched_cosine_warm,Cosine + warm-up,schedule,42,v1,False
5140,0.00497371656820178,0.019876281354219084,15,sched_cosine_warm,Cosine + warm-up,schedule,42,v1,False
5160,0.0025810771621763706,0.019876281354219084,15,sched_cosine_warm,Cosine + warm-up,schedule,42,v1,False
5180,0.00041960860835388303,0.019876281354219084,15,sched_cosine_warm,Cosine + warm-up,schedule,42,v1,False
5200,0.003983967937529087,0.019876281354219084,15,sched_cosine_warm,Cosine + warm-up,schedule,42,v1,False
5220,0.0021716661285609007,0.019876281354219084,15,sched_cosine_warm,Cosine + warm-up,schedule,42,v1,False
5240,0.0010682945139706135,0.019876281354219084,15,sched_cosine_warm,Cosine + warm-up,schedule,42,v1,False
5260,0.0047680395655334,0.019876281354219084,15,sched_cosine_warm,Cosine + warm-up,schedule,42,v1,False
5280,0.0004067481495440006,0.013058249183553155,16,sched_cosine_warm,Cosine + warm-up,schedule,42,v1,False
5300,0.0019078768091276288,0.013058249183553155,16,sched_cosine_warm,Cosine + warm-up,schedule,42,v1,False
5320,0.0007549410220235586,0.013058249183553155,16,sched_cosine_warm,Cosine + warm-up,schedule,42,v1,False
5340,0.0011845697881653905,0.013058249183553155,16,sched_cosine_warm,Cosine + warm-up,schedule,42,v1,False
5360,0.0008147337939590216,0.013058249183553155,16,sched_cosine_warm,Cosine + warm-up,schedule,42,v1,False
5380,0.0005045878933742642,0.013058249183553155,16,sched_cosine_warm,Cosine + warm-up,schedule,42,v1,False
5400,0.0005560209974646568,0.013058249183553155,16,sched_cosine_warm,Cosine + warm-up,schedule,42,v1,False
5420,0.0009814120130613446,0.013058249183553155,16,sched_cosine_warm,Cosine + warm-up,schedule,42,v1,False
5440,0.0005698684835806489,0.013058249183553155,16,sched_cosine_warm,Cosine + warm-up,schedule,42,v1,False
5460,0.000663174141664058,0.013058249183553155,16,sched_cosine_warm,Cosine + warm-up,schedule,42,v1,False
5480,0.0008006178541108966,0.013058249183553155,16,sched_cosine_warm,Cosine + warm-up,schedule,42,v1,False
5500,0.002497261855751276,0.013058249183553155,16,sched_cosine_warm,Cosine + warm-up,schedule,42,v1,False
5520,0.0009914691327139735,0.013058249183553155,16,sched_cosine_warm,Cosine + warm-up,schedule,42,v1,False
5540,0.0009533936390653253,0.013058249183553155,16,sched_cosine_warm,Cosine + warm-up,schedule,42,v1,False
5560,0.0007215921650640666,0.013058249183553155,16,sched_cosine_warm,Cosine + warm-up,schedule,42,v1,False
5580,0.000955347262788564,0.013058249183553155,16,sched_cosine_warm,Cosine + warm-up,schedule,42,v1,False
5600,0.0016222207341343164,0.013058249183553155,16,sched_cosine_warm,Cosine + warm-up,schedule,42,v1,False
5620,0.0008447312284260988,0.013058249183553155,16,sched_cosine_warm,Cosine + warm-up,schedule,42,v1,False
5640,0.0005198617000132799,0.007498394299197949,17,sched_cosine_warm,Cosine + warm-up,schedule,42,v1,False
5660,0.0006685969419777393,0.007498394299197949,17,sched_cosine_warm,Cosine + warm-up,schedule,42,v1,False
5680,0.0010678370017558336,0.007498394299197949,17,sched_cosine_warm,Cosine + warm-up,schedule,42,v1,False
5700,0.0006018821150064468,0.007498394299197949,17,sched_cosine_warm,Cosine + warm-up,schedule,42,v1,False
5720,0.0006794171640649438,0.007498394299197949,17,sched_cosine_warm,Cosine + warm-up,schedule,42,v1,False
5740,0.0005542762228287756,0.007498394299197949,17,sched_cosine_warm,Cosine + warm-up,schedule,42,v1,False
5760,0.0003507830260787159,0.007498394299197949,17,sched_cosine_warm,Cosine + warm-up,schedule,42,v1,False
5780,0.0006061557796783745,0.007498394299197949,17,sched_cosine_warm,Cosine + warm-up,schedule,42,v1,False
5800,0.0008104953449219465,0.007498394299197949,17,sched_cosine_warm,Cosine + warm-up,schedule,42,v1,False
5820,0.0006796048255637288,0.007498394299197949,17,sched_cosine_warm,Cosine + warm-up,schedule,42,v1,False
5840,0.0011206520721316338,0.007498394299197949,17,sched_cosine_warm,Cosine + warm-up,schedule,42,v1,False
5860,0.0007765169721096754,0.007498394299197949,17,sched_cosine_warm,Cosine + warm-up,schedule,42,v1,False
5880,0.0008610212244093418,0.007498394299197949,17,sched_cosine_warm,Cosine + warm-up,schedule,42,v1,False
5900,0.001153470715507865,0.007498394299197949,17,sched_cosine_warm,Cosine + warm-up,schedule,42,v1,False
5920,0.0007933786255307496,0.007498394299197949,17,sched_cosine_warm,Cosine + warm-up,schedule,42,v1,False
5940,0.00023810229322407395,0.007498394299197949,17,sched_cosine_warm,Cosine + warm-up,schedule,42,v1,False
5960,0.00033561541931703687,0.007498394299197949,17,sched_cosine_warm,Cosine + warm-up,schedule,42,v1,False
5980,0.0005511969211511314,0.007498394299197949,17,sched_cosine_warm,Cosine + warm-up,schedule,42,v1,False
6000,0.0004890819545835257,0.003386050890929237,18,sched_cosine_warm,Cosine + warm-up,schedule,42,v1,False
6020,0.00043134461157023907,0.003386050890929237,18,sched_cosine_warm,Cosine + warm-up,schedule,42,v1,False
6040,0.0003070614184252918,0.003386050890929237,18,sched_cosine_warm,Cosine + warm-up,schedule,42,v1,False
6060,0.0006012142985127866,0.003386050890929237,18,sched_cosine_warm,Cosine + warm-up,schedule,42,v1,False
6080,0.000841451168525964,0.003386050890929237,18,sched_cosine_warm,Cosine + warm-up,schedule,42,v1,False
6100,0.0013395566493272781,0.003386050890929237,18,sched_cosine_warm,Cosine + warm-up,schedule,42,v1,False
6120,0.00050638138782233,0.003386050890929237,18,sched_cosine_warm,Cosine + warm-up,schedule,42,v1,False
6140,0.0009026357438415289,0.003386050890929237,18,sched_cosine_warm,Cosine + warm-up,schedule,42,v1,False
6160,0.0014510125620290637,0.003386050890929237,18,sched_cosine_warm,Cosine + warm-up,schedule,42,v1,False
6180,0.00020263119949959219,0.003386050890929237,18,sched_cosine_warm,Cosine + warm-up,schedule,42,v1,False
6200,0.00034599058562889695,0.003386050890929237,18,sched_cosine_warm,Cosine + warm-up,schedule,42,v1,False
6220,0.00044537914800457656,0.003386050890929237,18,sched_cosine_warm,Cosine + warm-up,schedule,42,v1,False
6240,0.0007291739457286894,0.003386050890929237,18,sched_cosine_warm,Cosine + warm-up,schedule,42,v1,False
6260,0.00040199171053245664,0.003386050890929237,18,sched_cosine_warm,Cosine + warm-up,schedule,42,v1,False
6280,0.0005003403639420867,0.003386050890929237,18,sched_cosine_warm,Cosine + warm-up,schedule,42,v1,False
6300,0.001386052230373025,0.003386050890929237,18,sched_cosine_warm,Cosine + warm-up,schedule,42,v1,False
6320,0.0003489186055958271,0.003386050890929237,18,sched_cosine_warm,Cosine + warm-up,schedule,42,v1,False
6340,0.0002680777688510716,0.0008612598813033303,19,sched_cosine_warm,Cosine + warm-up,schedule,42,v1,False
6360,0.0005512798670679331,0.0008612598813033303,19,sched_cosine_warm,Cosine + warm-up,schedule,42,v1,False
6380,0.000438871793448925,0.0008612598813033303,19,sched_cosine_warm,Cosine + warm-up,schedule,42,v1,False
6400,0.0012816981179639697,0.0008612598813033303,19,sched_cosine_warm,Cosine + warm-up,schedule,42,v1,False
6420,0.0004793766711372882,0.0008612598813033303,19,sched_cosine_warm,Cosine + warm-up,schedule,42,v1,False
6440,0.0007986749988049269,0.0008612598813033303,19,sched_cosine_warm,Cosine + warm-up,schedule,42,v1,False
6460,0.0005136875552125275,0.0008612598813033303,19,sched_cosine_warm,Cosine + warm-up,schedule,42,v1,False
6480,0.0003196443722117692,0.0008612598813033303,19,sched_cosine_warm,Cosine + warm-up,schedule,42,v1,False
6500,0.0004482579533942044,0.0008612598813033303,19,sched_cosine_warm,Cosine + warm-up,schedule,42,v1,False
6520,0.0002686945954337716,0.0008612598813033303,19,sched_cosine_warm,Cosine + warm-up,schedule,42,v1,False
6540,0.00038941524690017104,0.0008612598813033303,19,sched_cosine_warm,Cosine + warm-up,schedule,42,v1,False
6560,0.0005566526087932289,0.0008612598813033303,19,sched_cosine_warm,Cosine + warm-up,schedule,42,v1,False
6580,0.0005655265413224697,0.0008612598813033303,19,sched_cosine_warm,Cosine + warm-up,schedule,42,v1,False
6600,0.0005001280806027353,0.0008612598813033303,19,sched_cosine_warm,Cosine + warm-up,schedule,42,v1,False
6620,0.0004577397194225341,0.0008612598813033303,19,sched_cosine_warm,Cosine + warm-up,schedule,42,v1,False
6640,0.0006485455669462681,0.0008612598813033303,19,sched_cosine_warm,Cosine + warm-up,schedule,42,v1,False
6660,0.00019339245045557618,0.0008612598813033303,19,sched_cosine_warm,Cosine + warm-up,schedule,42,v1,False
6680,0.0005831136950291693,0.0008612598813033303,19,sched_cosine_warm,Cosine + warm-up,schedule,42,v1,False
6700,0.00033134123077616096,1e-05,20,sched_cosine_warm,Cosine + warm-up,schedule,42,v1,False
6720,0.0002763010561466217,1e-05,20,sched_cosine_warm,Cosine + warm-up,schedule,42,v1,False
6740,0.00043751392513513565,1e-05,20,sched_cosine_warm,Cosine + warm-up,schedule,42,v1,False
6760,0.0015791441546753049,1e-05,20,sched_cosine_warm,Cosine + warm-up,schedule,42,v1,False
6780,0.0008939974359236658,1e-05,20,sched_cosine_warm,Cosine + warm-up,schedule,42,v1,False
6800,0.0007089763530530035,1e-05,20,sched_cosine_warm,Cosine + warm-up,schedule,42,v1,False
6820,0.0004453100555110723,1e-05,20,sched_cosine_warm,Cosine + warm-up,schedule,42,v1,False
6840,0.000645247520878911,1e-05,20,sched_cosine_warm,Cosine + warm-up,schedule,42,v1,False
6860,0.0005168339121155441,1e-05,20,sched_cosine_warm,Cosine + warm-up,schedule,42,v1,False
6880,0.0007342227618210018,1e-05,20,sched_cosine_warm,Cosine + warm-up,schedule,42,v1,False
6900,0.000820019980892539,1e-05,20,sched_cosine_warm,Cosine + warm-up,schedule,42,v1,False
6920,0.0006902418681420386,1e-05,20,sched_cosine_warm,Cosine + warm-up,schedule,42,v1,False
6940,0.0026794152799993753,1e-05,20,sched_cosine_warm,Cosine + warm-up,schedule,42,v1,False
6960,0.0013463873183354735,1e-05,20,sched_cosine_warm,Cosine + warm-up,schedule,42,v1,False
6980,0.0004131202003918588,1e-05,20,sched_cosine_warm,Cosine + warm-up,schedule,42,v1,False
7000,0.00079518579877913,1e-05,20,sched_cosine_warm,Cosine + warm-up,schedule,42,v1,False
7020,0.0009025810286402702,1e-05,20,sched_cosine_warm,Cosine + warm-up,schedule,42,v1,False
0,2.3491640090942383,0.05,1,sched_cosine_warm,Cosine + warm-up,schedule,2026,v1,False
20,3.2737808227539062,0.05,1,sched_cosine_warm,Cosine + warm-up,schedule,2026,v1,False
40,2.669992446899414,0.05,1,sched_cosine_warm,Cosine + warm-up,schedule,2026,v1,False
60,1.927481770515442,0.05,1,sched_cosine_warm,Cosine + warm-up,schedule,2026,v1,False
80,1.8914738893508911,0.05,1,sched_cosine_warm,Cosine + warm-up,schedule,2026,v1,False
100,1.7887645959854126,0.05,1,sched_cosine_warm,Cosine + warm-up,schedule,2026,v1,False
120,1.5667251348495483,0.05,1,sched_cosine_warm,Cosine + warm-up,schedule,2026,v1,False
140,1.6863396167755127,0.05,1,sched_cosine_warm,Cosine + warm-up,schedule,2026,v1,False
160,1.643492579460144,0.05,1,sched_cosine_warm,Cosine + warm-up,schedule,2026,v1,False
180,1.604325771331787,0.05,1,sched_cosine_warm,Cosine + warm-up,schedule,2026,v1,False
200,1.3110517263412476,0.05,1,sched_cosine_warm,Cosine + warm-up,schedule,2026,v1,False
220,1.333315134048462,0.05,1,sched_cosine_warm,Cosine + warm-up,schedule,2026,v1,False
240,1.3624780178070068,0.05,1,sched_cosine_warm,Cosine + warm-up,schedule,2026,v1,False
260,1.4346287250518799,0.05,1,sched_cosine_warm,Cosine + warm-up,schedule,2026,v1,False
280,1.3118942975997925,0.05,1,sched_cosine_warm,Cosine + warm-up,schedule,2026,v1,False
300,1.4650917053222656,0.05,1,sched_cosine_warm,Cosine + warm-up,schedule,2026,v1,False
320,1.429757833480835,0.05,1,sched_cosine_warm,Cosine + warm-up,schedule,2026,v1,False
340,1.1987063884735107,0.05,1,sched_cosine_warm,Cosine + warm-up,schedule,2026,v1,False
360,1.1030762195587158,0.1,2,sched_cosine_warm,Cosine + warm-up,schedule,2026,v1,False
380,1.3861382007598877,0.1,2,sched_cosine_warm,Cosine + warm-up,schedule,2026,v1,False
400,1.271222472190857,0.1,2,sched_cosine_warm,Cosine + warm-up,schedule,2026,v1,False
420,1.3923474550247192,0.1,2,sched_cosine_warm,Cosine + warm-up,schedule,2026,v1,False
440,1.209039568901062,0.1,2,sched_cosine_warm,Cosine + warm-up,schedule,2026,v1,False
460,1.271014928817749,0.1,2,sched_cosine_warm,Cosine + warm-up,schedule,2026,v1,False
480,1.011938214302063,0.1,2,sched_cosine_warm,Cosine + warm-up,schedule,2026,v1,False
500,1.1013665199279785,0.1,2,sched_cosine_warm,Cosine + warm-up,schedule,2026,v1,False
520,1.0192679166793823,0.1,2,sched_cosine_warm,Cosine + warm-up,schedule,2026,v1,False
540,1.2090914249420166,0.1,2,sched_cosine_warm,Cosine + warm-up,schedule,2026,v1,False
560,1.1549057960510254,0.1,2,sched_cosine_warm,Cosine + warm-up,schedule,2026,v1,False
580,0.8986612558364868,0.1,2,sched_cosine_warm,Cosine + warm-up,schedule,2026,v1,False
600,0.8791440725326538,0.1,2,sched_cosine_warm,Cosine + warm-up,schedule,2026,v1,False
620,0.888076663017273,0.1,2,sched_cosine_warm,Cosine + warm-up,schedule,2026,v1,False
640,0.8801265954971313,0.1,2,sched_cosine_warm,Cosine + warm-up,schedule,2026,v1,False
660,0.8274436593055725,0.1,2,sched_cosine_warm,Cosine + warm-up,schedule,2026,v1,False
680,0.7033907771110535,0.1,2,sched_cosine_warm,Cosine + warm-up,schedule,2026,v1,False
700,0.8175462484359741,0.1,2,sched_cosine_warm,Cosine + warm-up,schedule,2026,v1,False
720,0.6910606622695923,0.1,3,sched_cosine_warm,Cosine + warm-up,schedule,2026,v1,False
740,0.5844569802284241,0.1,3,sched_cosine_warm,Cosine + warm-up,schedule,2026,v1,False
760,0.6186854839324951,0.1,3,sched_cosine_warm,Cosine + warm-up,schedule,2026,v1,False
780,0.7710070610046387,0.1,3,sched_cosine_warm,Cosine + warm-up,schedule,2026,v1,False
800,0.7472026348114014,0.1,3,sched_cosine_warm,Cosine + warm-up,schedule,2026,v1,False
820,0.9118098020553589,0.1,3,sched_cosine_warm,Cosine + warm-up,schedule,2026,v1,False
840,0.8134219646453857,0.1,3,sched_cosine_warm,Cosine + warm-up,schedule,2026,v1,False
860,0.7352293729782104,0.1,3,sched_cosine_warm,Cosine + warm-up,schedule,2026,v1,False
880,0.7982176542282104,0.1,3,sched_cosine_warm,Cosine + warm-up,schedule,2026,v1,False
900,0.7181295156478882,0.1,3,sched_cosine_warm,Cosine + warm-up,schedule,2026,v1,False
920,0.6313714981079102,0.1,3,sched_cosine_warm,Cosine + warm-up,schedule,2026,v1,False
940,0.8336124420166016,0.1,3,sched_cosine_warm,Cosine + warm-up,schedule,2026,v1,False
960,0.6204476356506348,0.1,3,sched_cosine_warm,Cosine + warm-up,schedule,2026,v1,False
980,0.7652619481086731,0.1,3,sched_cosine_warm,Cosine + warm-up,schedule,2026,v1,False
1000,0.7741042375564575,0.1,3,sched_cosine_warm,Cosine + warm-up,schedule,2026,v1,False
1020,0.6088578701019287,0.1,3,sched_cosine_warm,Cosine + warm-up,schedule,2026,v1,False
1040,0.609778642654419,0.1,3,sched_cosine_warm,Cosine + warm-up,schedule,2026,v1,False
1060,0.3899983763694763,0.09914874011869668,4,sched_cosine_warm,Cosine + warm-up,schedule,2026,v1,False
1080,0.43245986104011536,0.09914874011869668,4,sched_cosine_warm,Cosine + warm-up,schedule,2026,v1,False
1100,0.6968863010406494,0.09914874011869668,4,sched_cosine_warm,Cosine + warm-up,schedule,2026,v1,False
1120,0.5924121141433716,0.09914874011869668,4,sched_cosine_warm,Cosine + warm-up,schedule,2026,v1,False
1140,0.48143595457077026,0.09914874011869668,4,sched_cosine_warm,Cosine + warm-up,schedule,2026,v1,False
1160,0.6088352203369141,0.09914874011869668,4,sched_cosine_warm,Cosine + warm-up,schedule,2026,v1,False
1180,0.7869208455085754,0.09914874011869668,4,sched_cosine_warm,Cosine + warm-up,schedule,2026,v1,False
1200,0.6100335121154785,0.09914874011869668,4,sched_cosine_warm,Cosine + warm-up,schedule,2026,v1,False
1220,0.7744977474212646,0.09914874011869668,4,sched_cosine_warm,Cosine + warm-up,schedule,2026,v1,False
1240,0.6230468153953552,0.09914874011869668,4,sched_cosine_warm,Cosine + warm-up,schedule,2026,v1,False
1260,0.5367394089698792,0.09914874011869668,4,sched_cosine_warm,Cosine + warm-up,schedule,2026,v1,False
1280,0.46832072734832764,0.09914874011869668,4,sched_cosine_warm,Cosine + warm-up,schedule,2026,v1,False
1300,0.6825087070465088,0.09914874011869668,4,sched_cosine_warm,Cosine + warm-up,schedule,2026,v1,False
1320,0.5260111689567566,0.09914874011869668,4,sched_cosine_warm,Cosine + warm-up,schedule,2026,v1,False
1340,0.5534254312515259,0.09914874011869668,4,sched_cosine_warm,Cosine + warm-up,schedule,2026,v1,False
1360,0.5730785131454468,0.09914874011869668,4,sched_cosine_warm,Cosine + warm-up,schedule,2026,v1,False
1380,0.5456368327140808,0.09914874011869668,4,sched_cosine_warm,Cosine + warm-up,schedule,2026,v1,False
1400,0.5745028853416443,0.09914874011869668,4,sched_cosine_warm,Cosine + warm-up,schedule,2026,v1,False
1420,0.4713475704193115,0.09662394910907077,5,sched_cosine_warm,Cosine + warm-up,schedule,2026,v1,False
1440,0.5322374701499939,0.09662394910907077,5,sched_cosine_warm,Cosine + warm-up,schedule,2026,v1,False
1460,0.3883935809135437,0.09662394910907077,5,sched_cosine_warm,Cosine + warm-up,schedule,2026,v1,False
1480,0.4646960496902466,0.09662394910907077,5,sched_cosine_warm,Cosine + warm-up,schedule,2026,v1,False
1500,0.58962082862854,0.09662394910907077,5,sched_cosine_warm,Cosine + warm-up,schedule,2026,v1,False
1520,0.40081191062927246,0.09662394910907077,5,sched_cosine_warm,Cosine + warm-up,schedule,2026,v1,False
1540,0.3953021168708801,0.09662394910907077,5,sched_cosine_warm,Cosine + warm-up,schedule,2026,v1,False
1560,0.6145806312561035,0.09662394910907077,5,sched_cosine_warm,Cosine + warm-up,schedule,2026,v1,False
1580,0.488023042678833,0.09662394910907077,5,sched_cosine_warm,Cosine + warm-up,schedule,2026,v1,False
1600,0.32764142751693726,0.09662394910907077,5,sched_cosine_warm,Cosine + warm-up,schedule,2026,v1,False
1620,0.4856504797935486,0.09662394910907077,5,sched_cosine_warm,Cosine + warm-up,schedule,2026,v1,False
1640,0.502492368221283,0.09662394910907077,5,sched_cosine_warm,Cosine + warm-up,schedule,2026,v1,False
1660,0.4719929099082947,0.09662394910907077,5,sched_cosine_warm,Cosine + warm-up,schedule,2026,v1,False
1680,0.4358178377151489,0.09662394910907077,5,sched_cosine_warm,Cosine + warm-up,schedule,2026,v1,False
1700,0.47615915536880493,0.09662394910907077,5,sched_cosine_warm,Cosine + warm-up,schedule,2026,v1,False
1720,0.5421308279037476,0.09662394910907077,5,sched_cosine_warm,Cosine + warm-up,schedule,2026,v1,False
1740,0.6323752403259277,0.09662394910907077,5,sched_cosine_warm,Cosine + warm-up,schedule,2026,v1,False
1760,0.5276495218276978,0.09251160570080207,6,sched_cosine_warm,Cosine + warm-up,schedule,2026,v1,False
1780,0.3568185567855835,0.09251160570080207,6,sched_cosine_warm,Cosine + warm-up,schedule,2026,v1,False
1800,0.38618311285972595,0.09251160570080207,6,sched_cosine_warm,Cosine + warm-up,schedule,2026,v1,False
1820,0.41335147619247437,0.09251160570080207,6,sched_cosine_warm,Cosine + warm-up,schedule,2026,v1,False
1840,0.3775014281272888,0.09251160570080207,6,sched_cosine_warm,Cosine + warm-up,schedule,2026,v1,False
1860,0.44316476583480835,0.09251160570080207,6,sched_cosine_warm,Cosine + warm-up,schedule,2026,v1,False
1880,0.3490685224533081,0.09251160570080207,6,sched_cosine_warm,Cosine + warm-up,schedule,2026,v1,False
1900,0.3388393223285675,0.09251160570080207,6,sched_cosine_warm,Cosine + warm-up,schedule,2026,v1,False
1920,0.39717838168144226,0.09251160570080207,6,sched_cosine_warm,Cosine + warm-up,schedule,2026,v1,False
1940,0.3955405354499817,0.09251160570080207,6,sched_cosine_warm,Cosine + warm-up,schedule,2026,v1,False
1960,0.38226526975631714,0.09251160570080207,6,sched_cosine_warm,Cosine + warm-up,schedule,2026,v1,False
1980,0.38603106141090393,0.09251160570080207,6,sched_cosine_warm,Cosine + warm-up,schedule,2026,v1,False
2000,0.3440494239330292,0.09251160570080207,6,sched_cosine_warm,Cosine + warm-up,schedule,2026,v1,False
2020,0.3948160409927368,0.09251160570080207,6,sched_cosine_warm,Cosine + warm-up,schedule,2026,v1,False
2040,0.4874098300933838,0.09251160570080207,6,sched_cosine_warm,Cosine + warm-up,schedule,2026,v1,False
2060,0.32233065366744995,0.09251160570080207,6,sched_cosine_warm,Cosine + warm-up,schedule,2026,v1,False
2080,0.4340524673461914,0.09251160570080207,6,sched_cosine_warm,Cosine + warm-up,schedule,2026,v1,False
2100,0.36671704053878784,0.09251160570080207,6,sched_cosine_warm,Cosine + warm-up,schedule,2026,v1,False
2120,0.32404571771621704,0.08695175081644685,7,sched_cosine_warm,Cosine + warm-up,schedule,2026,v1,False
2140,0.2596016526222229,0.08695175081644685,7,sched_cosine_warm,Cosine + warm-up,schedule,2026,v1,False
2160,0.2618241310119629,0.08695175081644685,7,sched_cosine_warm,Cosine + warm-up,schedule,2026,v1,False
2180,0.332605242729187,0.08695175081644685,7,sched_cosine_warm,Cosine + warm-up,schedule,2026,v1,False
2200,0.36488229036331177,0.08695175081644685,7,sched_cosine_warm,Cosine + warm-up,schedule,2026,v1,False
2220,0.4148798882961273,0.08695175081644685,7,sched_cosine_warm,Cosine + warm-up,schedule,2026,v1,False
2240,0.36376020312309265,0.08695175081644685,7,sched_cosine_warm,Cosine + warm-up,schedule,2026,v1,False
2260,0.4546647071838379,0.08695175081644685,7,sched_cosine_warm,Cosine + warm-up,schedule,2026,v1,False
2280,0.24246568977832794,0.08695175081644685,7,sched_cosine_warm,Cosine + warm-up,schedule,2026,v1,False
2300,0.3056403398513794,0.08695175081644685,7,sched_cosine_warm,Cosine + warm-up,schedule,2026,v1,False
2320,0.36930471658706665,0.08695175081644685,7,sched_cosine_warm,Cosine + warm-up,schedule,2026,v1,False
2340,0.4113231599330902,0.08695175081644685,7,sched_cosine_warm,Cosine + warm-up,schedule,2026,v1,False
2360,0.44918984174728394,0.08695175081644685,7,sched_cosine_warm,Cosine + warm-up,schedule,2026,v1,False
2380,0.24704515933990479,0.08695175081644685,7,sched_cosine_warm,Cosine + warm-up,schedule,2026,v1,False
2400,0.31115490198135376,0.08695175081644685,7,sched_cosine_warm,Cosine + warm-up,schedule,2026,v1,False
2420,0.32075193524360657,0.08695175081644685,7,sched_cosine_warm,Cosine + warm-up,schedule,2026,v1,False
2440,0.482187420129776,0.08695175081644685,7,sched_cosine_warm,Cosine + warm-up,schedule,2026,v1,False
2460,0.42382168769836426,0.08695175081644685,7,sched_cosine_warm,Cosine + warm-up,schedule,2026,v1,False
2480,0.19727294147014618,0.08013371864578094,8,sched_cosine_warm,Cosine + warm-up,schedule,2026,v1,False
2500,0.3008831739425659,0.08013371864578094,8,sched_cosine_warm,Cosine + warm-up,schedule,2026,v1,False
2520,0.18140244483947754,0.08013371864578094,8,sched_cosine_warm,Cosine + warm-up,schedule,2026,v1,False
2540,0.28330177068710327,0.08013371864578094,8,sched_cosine_warm,Cosine + warm-up,schedule,2026,v1,False
2560,0.22982805967330933,0.08013371864578094,8,sched_cosine_warm,Cosine + warm-up,schedule,2026,v1,False
2580,0.2867735028266907,0.08013371864578094,8,sched_cosine_warm,Cosine + warm-up,schedule,2026,v1,False
2600,0.20416462421417236,0.08013371864578094,8,sched_cosine_warm,Cosine + warm-up,schedule,2026,v1,False
2620,0.3112941384315491,0.08013371864578094,8,sched_cosine_warm,Cosine + warm-up,schedule,2026,v1,False
2640,0.3461662530899048,0.08013371864578094,8,sched_cosine_warm,Cosine + warm-up,schedule,2026,v1,False
2660,0.31390005350112915,0.08013371864578094,8,sched_cosine_warm,Cosine + warm-up,schedule,2026,v1,False
2680,0.3312901556491852,0.08013371864578094,8,sched_cosine_warm,Cosine + warm-up,schedule,2026,v1,False
2700,0.28940537571907043,0.08013371864578094,8,sched_cosine_warm,Cosine + warm-up,schedule,2026,v1,False
2720,0.3931605815887451,0.08013371864578094,8,sched_cosine_warm,Cosine + warm-up,schedule,2026,v1,False
2740,0.2910337746143341,0.08013371864578094,8,sched_cosine_warm,Cosine + warm-up,schedule,2026,v1,False
2760,0.30159682035446167,0.08013371864578094,8,sched_cosine_warm,Cosine + warm-up,schedule,2026,v1,False
2780,0.42056137323379517,0.08013371864578094,8,sched_cosine_warm,Cosine + warm-up,schedule,2026,v1,False
2800,0.3183467984199524,0.08013371864578094,8,sched_cosine_warm,Cosine + warm-up,schedule,2026,v1,False
2820,0.27630525827407837,0.07228968909704804,9,sched_cosine_warm,Cosine + warm-up,schedule,2026,v1,False
2840,0.149473175406456,0.07228968909704804,9,sched_cosine_warm,Cosine + warm-up,schedule,2026,v1,False
2860,0.19002115726470947,0.07228968909704804,9,sched_cosine_warm,Cosine + warm-up,schedule,2026,v1,False
2880,0.22404593229293823,0.07228968909704804,9,sched_cosine_warm,Cosine + warm-up,schedule,2026,v1,False
2900,0.13452552258968353,0.07228968909704804,9,sched_cosine_warm,Cosine + warm-up,schedule,2026,v1,False
2920,0.2336084246635437,0.07228968909704804,9,sched_cosine_warm,Cosine + warm-up,schedule,2026,v1,False
2940,0.3980574607849121,0.07228968909704804,9,sched_cosine_warm,Cosine + warm-up,schedule,2026,v1,False
2960,0.2558485269546509,0.07228968909704804,9,sched_cosine_warm,Cosine + warm-up,schedule,2026,v1,False
2980,0.23022976517677307,0.07228968909704804,9,sched_cosine_warm,Cosine + warm-up,schedule,2026,v1,False
3000,0.25459024310112,0.07228968909704804,9,sched_cosine_warm,Cosine + warm-up,schedule,2026,v1,False
3020,0.28415289521217346,0.07228968909704804,9,sched_cosine_warm,Cosine + warm-up,schedule,2026,v1,False
3040,0.23729592561721802,0.07228968909704804,9,sched_cosine_warm,Cosine + warm-up,schedule,2026,v1,False
3060,0.2320757508277893,0.07228968909704804,9,sched_cosine_warm,Cosine + warm-up,schedule,2026,v1,False
3080,0.28255870938301086,0.07228968909704804,9,sched_cosine_warm,Cosine + warm-up,schedule,2026,v1,False
3100,0.3306294083595276,0.07228968909704804,9,sched_cosine_warm,Cosine + warm-up,schedule,2026,v1,False
3120,0.4984124004840851,0.07228968909704804,9,sched_cosine_warm,Cosine + warm-up,schedule,2026,v1,False
3140,0.16471070051193237,0.07228968909704804,9,sched_cosine_warm,Cosine + warm-up,schedule,2026,v1,False
3160,0.2702769637107849,0.07228968909704804,9,sched_cosine_warm,Cosine + warm-up,schedule,2026,v1,False
3180,0.13418355584144592,0.0636867811886538,10,sched_cosine_warm,Cosine + warm-up,schedule,2026,v1,False
3200,0.10695505142211914,0.0636867811886538,10,sched_cosine_warm,Cosine + warm-up,schedule,2026,v1,False
3220,0.1777743548154831,0.0636867811886538,10,sched_cosine_warm,Cosine + warm-up,schedule,2026,v1,False
3240,0.11894097179174423,0.0636867811886538,10,sched_cosine_warm,Cosine + warm-up,schedule,2026,v1,False
3260,0.2782723307609558,0.0636867811886538,10,sched_cosine_warm,Cosine + warm-up,schedule,2026,v1,False
3280,0.14814645051956177,0.0636867811886538,10,sched_cosine_warm,Cosine + warm-up,schedule,2026,v1,False
3300,0.14620131254196167,0.0636867811886538,10,sched_cosine_warm,Cosine + warm-up,schedule,2026,v1,False
3320,0.1038728654384613,0.0636867811886538,10,sched_cosine_warm,Cosine + warm-up,schedule,2026,v1,False
3340,0.12945419549942017,0.0636867811886538,10,sched_cosine_warm,Cosine + warm-up,schedule,2026,v1,False
3360,0.20861941576004028,0.0636867811886538,10,sched_cosine_warm,Cosine + warm-up,schedule,2026,v1,False
3380,0.13694804906845093,0.0636867811886538,10,sched_cosine_warm,Cosine + warm-up,schedule,2026,v1,False
3400,0.21968388557434082,0.0636867811886538,10,sched_cosine_warm,Cosine + warm-up,schedule,2026,v1,False
3420,0.16182348132133484,0.0636867811886538,10,sched_cosine_warm,Cosine + warm-up,schedule,2026,v1,False
3440,0.13572794198989868,0.0636867811886538,10,sched_cosine_warm,Cosine + warm-up,schedule,2026,v1,False
3460,0.2543926239013672,0.0636867811886538,10,sched_cosine_warm,Cosine + warm-up,schedule,2026,v1,False
3480,0.22929489612579346,0.0636867811886538,10,sched_cosine_warm,Cosine + warm-up,schedule,2026,v1,False
3500,0.2545158267021179,0.0636867811886538,10,sched_cosine_warm,Cosine + warm-up,schedule,2026,v1,False
3520,0.139584019780159,0.054617956631367794,11,sched_cosine_warm,Cosine + warm-up,schedule,2026,v1,False
3540,0.09786638617515564,0.054617956631367794,11,sched_cosine_warm,Cosine + warm-up,schedule,2026,v1,False
3560,0.06700978428125381,0.054617956631367794,11,sched_cosine_warm,Cosine + warm-up,schedule,2026,v1,False
3580,0.11936239153146744,0.054617956631367794,11,sched_cosine_warm,Cosine + warm-up,schedule,2026,v1,False
3600,0.07387396693229675,0.054617956631367794,11,sched_cosine_warm,Cosine + warm-up,schedule,2026,v1,False
3620,0.08796228468418121,0.054617956631367794,11,sched_cosine_warm,Cosine + warm-up,schedule,2026,v1,False
3640,0.06391724199056625,0.054617956631367794,11,sched_cosine_warm,Cosine + warm-up,schedule,2026,v1,False
3660,0.06867940723896027,0.054617956631367794,11,sched_cosine_warm,Cosine + warm-up,schedule,2026,v1,False
3680,0.1280822455883026,0.054617956631367794,11,sched_cosine_warm,Cosine + warm-up,schedule,2026,v1,False
3700,0.17790991067886353,0.054617956631367794,11,sched_cosine_warm,Cosine + warm-up,schedule,2026,v1,False
3720,0.09040719270706177,0.054617956631367794,11,sched_cosine_warm,Cosine + warm-up,schedule,2026,v1,False
3740,0.1513472944498062,0.054617956631367794,11,sched_cosine_warm,Cosine + warm-up,schedule,2026,v1,False
3760,0.12634927034378052,0.054617956631367794,11,sched_cosine_warm,Cosine + warm-up,schedule,2026,v1,False
3780,0.12915223836898804,0.054617956631367794,11,sched_cosine_warm,Cosine + warm-up,schedule,2026,v1,False
3800,0.08217364549636841,0.054617956631367794,11,sched_cosine_warm,Cosine + warm-up,schedule,2026,v1,False
3820,0.15276841819286346,0.054617956631367794,11,sched_cosine_warm,Cosine + warm-up,schedule,2026,v1,False
3840,0.2992404103279114,0.054617956631367794,11,sched_cosine_warm,Cosine + warm-up,schedule,2026,v1,False
3860,0.10987606644630432,0.054617956631367794,11,sched_cosine_warm,Cosine + warm-up,schedule,2026,v1,False
3880,0.0947379618883133,0.04539204336863223,12,sched_cosine_warm,Cosine + warm-up,schedule,2026,v1,False
3900,0.03731624782085419,0.04539204336863223,12,sched_cosine_warm,Cosine + warm-up,schedule,2026,v1,False
3920,0.08297902345657349,0.04539204336863223,12,sched_cosine_warm,Cosine + warm-up,schedule,2026,v1,False
3940,0.04412625730037689,0.04539204336863223,12,sched_cosine_warm,Cosine + warm-up,schedule,2026,v1,False
3960,0.10377813875675201,0.04539204336863223,12,sched_cosine_warm,Cosine + warm-up,schedule,2026,v1,False
3980,0.02894803136587143,0.04539204336863223,12,sched_cosine_warm,Cosine + warm-up,schedule,2026,v1,False
4000,0.09131675958633423,0.04539204336863223,12,sched_cosine_warm,Cosine + warm-up,schedule,2026,v1,False
4020,0.0491093173623085,0.04539204336863223,12,sched_cosine_warm,Cosine + warm-up,schedule,2026,v1,False
4040,0.11107095330953598,0.04539204336863223,12,sched_cosine_warm,Cosine + warm-up,schedule,2026,v1,False
4060,0.07021649181842804,0.04539204336863223,12,sched_cosine_warm,Cosine + warm-up,schedule,2026,v1,False
4080,0.08941078186035156,0.04539204336863223,12,sched_cosine_warm,Cosine + warm-up,schedule,2026,v1,False
4100,0.11966688185930252,0.04539204336863223,12,sched_cosine_warm,Cosine + warm-up,schedule,2026,v1,False
4120,0.11250458657741547,0.04539204336863223,12,sched_cosine_warm,Cosine + warm-up,schedule,2026,v1,False
4140,0.1259652078151703,0.04539204336863223,12,sched_cosine_warm,Cosine + warm-up,schedule,2026,v1,False
4160,0.047509633004665375,0.04539204336863223,12,sched_cosine_warm,Cosine + warm-up,schedule,2026,v1,False
4180,0.045789919793605804,0.04539204336863223,12,sched_cosine_warm,Cosine + warm-up,schedule,2026,v1,False
4200,0.09102053195238113,0.04539204336863223,12,sched_cosine_warm,Cosine + warm-up,schedule,2026,v1,False
4220,0.10044863820075989,0.04539204336863223,12,sched_cosine_warm,Cosine + warm-up,schedule,2026,v1,False
4240,0.03233012929558754,0.036323218811346224,13,sched_cosine_warm,Cosine + warm-up,schedule,2026,v1,False
4260,0.03558828681707382,0.036323218811346224,13,sched_cosine_warm,Cosine + warm-up,schedule,2026,v1,False
4280,0.028975874185562134,0.036323218811346224,13,sched_cosine_warm,Cosine + warm-up,schedule,2026,v1,False
4300,0.02075953036546707,0.036323218811346224,13,sched_cosine_warm,Cosine + warm-up,schedule,2026,v1,False
4320,0.05295751988887787,0.036323218811346224,13,sched_cosine_warm,Cosine + warm-up,schedule,2026,v1,False
4340,0.05817320942878723,0.036323218811346224,13,sched_cosine_warm,Cosine + warm-up,schedule,2026,v1,False
4360,0.03445681557059288,0.036323218811346224,13,sched_cosine_warm,Cosine + warm-up,schedule,2026,v1,False
4380,0.10215988755226135,0.036323218811346224,13,sched_cosine_warm,Cosine + warm-up,schedule,2026,v1,False
4400,0.025074996054172516,0.036323218811346224,13,sched_cosine_warm,Cosine + warm-up,schedule,2026,v1,False
4420,0.02220972068607807,0.036323218811346224,13,sched_cosine_warm,Cosine + warm-up,schedule,2026,v1,False
4440,0.07642092555761337,0.036323218811346224,13,sched_cosine_warm,Cosine + warm-up,schedule,2026,v1,False
4460,0.10394176095724106,0.036323218811346224,13,sched_cosine_warm,Cosine + warm-up,schedule,2026,v1,False
4480,0.027661176398396492,0.036323218811346224,13,sched_cosine_warm,Cosine + warm-up,schedule,2026,v1,False
4500,0.022496696561574936,0.036323218811346224,13,sched_cosine_warm,Cosine + warm-up,schedule,2026,v1,False
4520,0.0687365010380745,0.036323218811346224,13,sched_cosine_warm,Cosine + warm-up,schedule,2026,v1,False
4540,0.014432006515562534,0.036323218811346224,13,sched_cosine_warm,Cosine + warm-up,schedule,2026,v1,False
4560,0.054921384900808334,0.036323218811346224,13,sched_cosine_warm,Cosine + warm-up,schedule,2026,v1,False
4580,0.017888233065605164,0.027720310902951975,14,sched_cosine_warm,Cosine + warm-up,schedule,2026,v1,False
4600,0.0597536675632,0.027720310902951975,14,sched_cosine_warm,Cosine + warm-up,schedule,2026,v1,False
4620,0.015241298824548721,0.027720310902951975,14,sched_cosine_warm,Cosine + warm-up,schedule,2026,v1,False
4640,0.022694820538163185,0.027720310902951975,14,sched_cosine_warm,Cosine + warm-up,schedule,2026,v1,False
4660,0.04489902779459953,0.027720310902951975,14,sched_cosine_warm,Cosine + warm-up,schedule,2026,v1,False
4680,0.03075477108359337,0.027720310902951975,14,sched_cosine_warm,Cosine + warm-up,schedule,2026,v1,False
4700,0.005137334577739239,0.027720310902951975,14,sched_cosine_warm,Cosine + warm-up,schedule,2026,v1,False
4720,0.00918673723936081,0.027720310902951975,14,sched_cosine_warm,Cosine + warm-up,schedule,2026,v1,False
4740,0.010478002950549126,0.027720310902951975,14,sched_cosine_warm,Cosine + warm-up,schedule,2026,v1,False
4760,0.002177410526201129,0.027720310902951975,14,sched_cosine_warm,Cosine + warm-up,schedule,2026,v1,False
4780,0.003916977904736996,0.027720310902951975,14,sched_cosine_warm,Cosine + warm-up,schedule,2026,v1,False
4800,0.010215487331151962,0.027720310902951975,14,sched_cosine_warm,Cosine + warm-up,schedule,2026,v1,False
4820,0.012500614859163761,0.027720310902951975,14,sched_cosine_warm,Cosine + warm-up,schedule,2026,v1,False
4840,0.01253221184015274,0.027720310902951975,14,sched_cosine_warm,Cosine + warm-up,schedule,2026,v1,False
4860,0.011101240292191505,0.027720310902951975,14,sched_cosine_warm,Cosine + warm-up,schedule,2026,v1,False
4880,0.018481863662600517,0.027720310902951975,14,sched_cosine_warm,Cosine + warm-up,schedule,2026,v1,False
4900,0.003856243332847953,0.027720310902951975,14,sched_cosine_warm,Cosine + warm-up,schedule,2026,v1,False
4920,0.0037665788549929857,0.027720310902951975,14,sched_cosine_warm,Cosine + warm-up,schedule,2026,v1,False
4940,0.005332591477781534,0.019876281354219084,15,sched_cosine_warm,Cosine + warm-up,schedule,2026,v1,False
4960,0.003598518669605255,0.019876281354219084,15,sched_cosine_warm,Cosine + warm-up,schedule,2026,v1,False
4980,0.002392478985711932,0.019876281354219084,15,sched_cosine_warm,Cosine + warm-up,schedule,2026,v1,False
5000,0.0016541831428185105,0.019876281354219084,15,sched_cosine_warm,Cosine + warm-up,schedule,2026,v1,False
5020,0.0013708258047699928,0.019876281354219084,15,sched_cosine_warm,Cosine + warm-up,schedule,2026,v1,False
5040,0.013645043596625328,0.019876281354219084,15,sched_cosine_warm,Cosine + warm-up,schedule,2026,v1,False
5060,0.0008251619292423129,0.019876281354219084,15,sched_cosine_warm,Cosine + warm-up,schedule,2026,v1,False
5080,0.013354148715734482,0.019876281354219084,15,sched_cosine_warm,Cosine + warm-up,schedule,2026,v1,False
5100,0.0034229722805321217,0.019876281354219084,15,sched_cosine_warm,Cosine + warm-up,schedule,2026,v1,False
5120,0.0027982941828668118,0.019876281354219084,15,sched_cosine_warm,Cosine + warm-up,schedule,2026,v1,False
5140,0.001481089391745627,0.019876281354219084,15,sched_cosine_warm,Cosine + warm-up,schedule,2026,v1,False
5160,0.0016829085070639849,0.019876281354219084,15,sched_cosine_warm,Cosine + warm-up,schedule,2026,v1,False
5180,0.0014764575753360987,0.019876281354219084,15,sched_cosine_warm,Cosine + warm-up,schedule,2026,v1,False
5200,0.0010036687599495053,0.019876281354219084,15,sched_cosine_warm,Cosine + warm-up,schedule,2026,v1,False
5220,0.003341460833325982,0.019876281354219084,15,sched_cosine_warm,Cosine + warm-up,schedule,2026,v1,False
5240,0.0019143617246299982,0.019876281354219084,15,sched_cosine_warm,Cosine + warm-up,schedule,2026,v1,False
5260,0.005941291339695454,0.019876281354219084,15,sched_cosine_warm,Cosine + warm-up,schedule,2026,v1,False
5280,0.001275453483685851,0.013058249183553155,16,sched_cosine_warm,Cosine + warm-up,schedule,2026,v1,False
5300,0.0006788920145481825,0.013058249183553155,16,sched_cosine_warm,Cosine + warm-up,schedule,2026,v1,False
5320,0.0019740997813642025,0.013058249183553155,16,sched_cosine_warm,Cosine + warm-up,schedule,2026,v1,False
5340,0.0004628080641850829,0.013058249183553155,16,sched_cosine_warm,Cosine + warm-up,schedule,2026,v1,False
5360,0.0018043750897049904,0.013058249183553155,16,sched_cosine_warm,Cosine + warm-up,schedule,2026,v1,False
5380,0.0032943137921392918,0.013058249183553155,16,sched_cosine_warm,Cosine + warm-up,schedule,2026,v1,False
5400,0.0005068507743999362,0.013058249183553155,16,sched_cosine_warm,Cosine + warm-up,schedule,2026,v1,False
5420,0.0013929195702075958,0.013058249183553155,16,sched_cosine_warm,Cosine + warm-up,schedule,2026,v1,False
5440,0.0007282159058377147,0.013058249183553155,16,sched_cosine_warm,Cosine + warm-up,schedule,2026,v1,False
5460,0.0014644248876720667,0.013058249183553155,16,sched_cosine_warm,Cosine + warm-up,schedule,2026,v1,False
5480,0.0005042441189289093,0.013058249183553155,16,sched_cosine_warm,Cosine + warm-up,schedule,2026,v1,False
5500,0.00049063959158957,0.013058249183553155,16,sched_cosine_warm,Cosine + warm-up,schedule,2026,v1,False
5520,0.001315051456913352,0.013058249183553155,16,sched_cosine_warm,Cosine + warm-up,schedule,2026,v1,False
5540,0.0010185273131355643,0.013058249183553155,16,sched_cosine_warm,Cosine + warm-up,schedule,2026,v1,False
5560,0.0006314630154520273,0.013058249183553155,16,sched_cosine_warm,Cosine + warm-up,schedule,2026,v1,False
5580,0.0008214551489800215,0.013058249183553155,16,sched_cosine_warm,Cosine + warm-up,schedule,2026,v1,False
5600,0.0012959277955815196,0.013058249183553155,16,sched_cosine_warm,Cosine + warm-up,schedule,2026,v1,False
5620,0.0002750388812273741,0.013058249183553155,16,sched_cosine_warm,Cosine + warm-up,schedule,2026,v1,False
5640,0.0007454045116901398,0.007498394299197949,17,sched_cosine_warm,Cosine + warm-up,schedule,2026,v1,False
5660,0.0006193873123265803,0.007498394299197949,17,sched_cosine_warm,Cosine + warm-up,schedule,2026,v1,False
5680,0.0004971950547769666,0.007498394299197949,17,sched_cosine_warm,Cosine + warm-up,schedule,2026,v1,False
5700,0.0014977577375248075,0.007498394299197949,17,sched_cosine_warm,Cosine + warm-up,schedule,2026,v1,False
5720,0.0004897625185549259,0.007498394299197949,17,sched_cosine_warm,Cosine + warm-up,schedule,2026,v1,False
5740,0.0004737614654004574,0.007498394299197949,17,sched_cosine_warm,Cosine + warm-up,schedule,2026,v1,False
5760,0.0006562788621522486,0.007498394299197949,17,sched_cosine_warm,Cosine + warm-up,schedule,2026,v1,False
5780,0.0007096747867763042,0.007498394299197949,17,sched_cosine_warm,Cosine + warm-up,schedule,2026,v1,False
5800,0.00041156637598760426,0.007498394299197949,17,sched_cosine_warm,Cosine + warm-up,schedule,2026,v1,False
5820,0.0013617638032883406,0.007498394299197949,17,sched_cosine_warm,Cosine + warm-up,schedule,2026,v1,False
5840,0.0022351720836013556,0.007498394299197949,17,sched_cosine_warm,Cosine + warm-up,schedule,2026,v1,False
5860,0.0007210952462628484,0.007498394299197949,17,sched_cosine_warm,Cosine + warm-up,schedule,2026,v1,False
5880,0.0006760244723409414,0.007498394299197949,17,sched_cosine_warm,Cosine + warm-up,schedule,2026,v1,False
5900,0.0013263109140098095,0.007498394299197949,17,sched_cosine_warm,Cosine + warm-up,schedule,2026,v1,False
5920,0.0005532560171559453,0.007498394299197949,17,sched_cosine_warm,Cosine + warm-up,schedule,2026,v1,False
5940,0.001822194317355752,0.007498394299197949,17,sched_cosine_warm,Cosine + warm-up,schedule,2026,v1,False
5960,0.001061675720848143,0.007498394299197949,17,sched_cosine_warm,Cosine + warm-up,schedule,2026,v1,False
5980,0.0008377765188924968,0.007498394299197949,17,sched_cosine_warm,Cosine + warm-up,schedule,2026,v1,False
6000,0.0006018226849846542,0.003386050890929237,18,sched_cosine_warm,Cosine + warm-up,schedule,2026,v1,False
6020,0.0013898921897634864,0.003386050890929237,18,sched_cosine_warm,Cosine + warm-up,schedule,2026,v1,False
6040,0.0007950165309011936,0.003386050890929237,18,sched_cosine_warm,Cosine + warm-up,schedule,2026,v1,False
6060,0.00031418618164025247,0.003386050890929237,18,sched_cosine_warm,Cosine + warm-up,schedule,2026,v1,False
6080,0.00040967154200188816,0.003386050890929237,18,sched_cosine_warm,Cosine + warm-up,schedule,2026,v1,False
6100,0.0006932700052857399,0.003386050890929237,18,sched_cosine_warm,Cosine + warm-up,schedule,2026,v1,False
6120,0.0005711233243346214,0.003386050890929237,18,sched_cosine_warm,Cosine + warm-up,schedule,2026,v1,False
6140,0.000792566454038024,0.003386050890929237,18,sched_cosine_warm,Cosine + warm-up,schedule,2026,v1,False
6160,0.00043438971624709666,0.003386050890929237,18,sched_cosine_warm,Cosine + warm-up,schedule,2026,v1,False
6180,0.0009760932880453765,0.003386050890929237,18,sched_cosine_warm,Cosine + warm-up,schedule,2026,v1,False
6200,0.0003361717099323869,0.003386050890929237,18,sched_cosine_warm,Cosine + warm-up,schedule,2026,v1,False
6220,0.0003920766175724566,0.003386050890929237,18,sched_cosine_warm,Cosine + warm-up,schedule,2026,v1,False
6240,0.0005092537612654269,0.003386050890929237,18,sched_cosine_warm,Cosine + warm-up,schedule,2026,v1,False
6260,0.0007662888383492827,0.003386050890929237,18,sched_cosine_warm,Cosine + warm-up,schedule,2026,v1,False
6280,0.0007776647689752281,0.003386050890929237,18,sched_cosine_warm,Cosine + warm-up,schedule,2026,v1,False
6300,0.0007625597645528615,0.003386050890929237,18,sched_cosine_warm,Cosine + warm-up,schedule,2026,v1,False
6320,0.0008113771909847856,0.003386050890929237,18,sched_cosine_warm,Cosine + warm-up,schedule,2026,v1,False
6340,0.0009434588719159365,0.0008612598813033303,19,sched_cosine_warm,Cosine + warm-up,schedule,2026,v1,False
6360,0.0005023416015319526,0.0008612598813033303,19,sched_cosine_warm,Cosine + warm-up,schedule,2026,v1,False
6380,0.0003945029457099736,0.0008612598813033303,19,sched_cosine_warm,Cosine + warm-up,schedule,2026,v1,False
6400,0.0003983781789429486,0.0008612598813033303,19,sched_cosine_warm,Cosine + warm-up,schedule,2026,v1,False
6420,0.000552026554942131,0.0008612598813033303,19,sched_cosine_warm,Cosine + warm-up,schedule,2026,v1,False
6440,0.00032490232842974365,0.0008612598813033303,19,sched_cosine_warm,Cosine + warm-up,schedule,2026,v1,False
6460,0.0004841379704885185,0.0008612598813033303,19,sched_cosine_warm,Cosine + warm-up,schedule,2026,v1,False
6480,0.0004949340363964438,0.0008612598813033303,19,sched_cosine_warm,Cosine + warm-up,schedule,2026,v1,False
6500,0.00029581127455458045,0.0008612598813033303,19,sched_cosine_warm,Cosine + warm-up,schedule,2026,v1,False
6520,0.0004695254028774798,0.0008612598813033303,19,sched_cosine_warm,Cosine + warm-up,schedule,2026,v1,False
6540,0.0009000950958579779,0.0008612598813033303,19,sched_cosine_warm,Cosine + warm-up,schedule,2026,v1,False
6560,0.0007610224420204759,0.0008612598813033303,19,sched_cosine_warm,Cosine + warm-up,schedule,2026,v1,False
6580,0.0005553773953579366,0.0008612598813033303,19,sched_cosine_warm,Cosine + warm-up,schedule,2026,v1,False
6600,0.0005128946504555643,0.0008612598813033303,19,sched_cosine_warm,Cosine + warm-up,schedule,2026,v1,False
6620,0.0007291113724932075,0.0008612598813033303,19,sched_cosine_warm,Cosine + warm-up,schedule,2026,v1,False
6640,0.0012886783806607127,0.0008612598813033303,19,sched_cosine_warm,Cosine + warm-up,schedule,2026,v1,False
6660,0.0009680422954261303,0.0008612598813033303,19,sched_cosine_warm,Cosine + warm-up,schedule,2026,v1,False
6680,0.0007099296199157834,0.0008612598813033303,19,sched_cosine_warm,Cosine + warm-up,schedule,2026,v1,False
6700,0.00030552808311767876,1e-05,20,sched_cosine_warm,Cosine + warm-up,schedule,2026,v1,False
6720,0.0002563989255577326,1e-05,20,sched_cosine_warm,Cosine + warm-up,schedule,2026,v1,False
6740,0.000620712642557919,1e-05,20,sched_cosine_warm,Cosine + warm-up,schedule,2026,v1,False
6760,0.0006050507072359324,1e-05,20,sched_cosine_warm,Cosine + warm-up,schedule,2026,v1,False
6780,0.0003093855339102447,1e-05,20,sched_cosine_warm,Cosine + warm-up,schedule,2026,v1,False
6800,0.0004470496205613017,1e-05,20,sched_cosine_warm,Cosine + warm-up,schedule,2026,v1,False
6820,0.000430454732850194,1e-05,20,sched_cosine_warm,Cosine + warm-up,schedule,2026,v1,False
6840,0.0010527737904340029,1e-05,20,sched_cosine_warm,Cosine + warm-up,schedule,2026,v1,False
6860,0.0002515700471121818,1e-05,20,sched_cosine_warm,Cosine + warm-up,schedule,2026,v1,False
6880,0.0002774945751298219,1e-05,20,sched_cosine_warm,Cosine + warm-up,schedule,2026,v1,False
6900,0.002518960740417242,1e-05,20,sched_cosine_warm,Cosine + warm-up,schedule,2026,v1,False
6920,0.0004536416963674128,1e-05,20,sched_cosine_warm,Cosine + warm-up,schedule,2026,v1,False
6940,0.00061174196889624,1e-05,20,sched_cosine_warm,Cosine + warm-up,schedule,2026,v1,False
6960,0.0007133106118999422,1e-05,20,sched_cosine_warm,Cosine + warm-up,schedule,2026,v1,False
6980,0.0019992513116449118,1e-05,20,sched_cosine_warm,Cosine + warm-up,schedule,2026,v1,False
7000,0.0006735228234902024,1e-05,20,sched_cosine_warm,Cosine + warm-up,schedule,2026,v1,False
7020,0.0005058503593318164,1e-05,20,sched_cosine_warm,Cosine + warm-up,schedule,2026,v1,False
