epoch,train_loss,train_accuracy,val_loss,val_accuracy,learning_rate,epoch_seconds,experiment_id,label,branches,seed,notebook_version,debug
1,2.21531806579166,0.22495555555555555,1.7579588005065918,0.3348,0.1,5.436945676803589,anchor,SGD momentum + WD + constant + BN/b128,"optimizer,schedule,normalization,regularization",42,v2,False
2,1.577937663989597,0.4134888888888889,1.4729550008773804,0.4574,0.1,5.01869010925293,anchor,SGD momentum + WD + constant + BN/b128,"optimizer,schedule,normalization,regularization",42,v2,False
3,1.3201724418004355,0.5186222222222222,1.3204185104370116,0.5234,0.1,5.069331884384155,anchor,SGD momentum + WD + constant + BN/b128,"optimizer,schedule,normalization,regularization",42,v2,False
4,1.1141771331681145,0.5999777777777778,1.128609687614441,0.5942,0.1,5.078909635543823,anchor,SGD momentum + WD + constant + BN/b128,"optimizer,schedule,normalization,regularization",42,v2,False
5,0.9511460275438097,0.6600222222222222,1.0309784691810608,0.6394,0.1,5.0249810218811035,anchor,SGD momentum + WD + constant + BN/b128,"optimizer,schedule,normalization,regularization",42,v2,False
6,0.794863184674581,0.7174666666666667,0.8697588648796082,0.6946,0.1,5.104773044586182,anchor,SGD momentum + WD + constant + BN/b128,"optimizer,schedule,normalization,regularization",42,v2,False
7,0.6648354511684842,0.7653111111111112,0.7675120662689209,0.7324,0.1,5.259104013442993,anchor,SGD momentum + WD + constant + BN/b128,"optimizer,schedule,normalization,regularization",42,v2,False
8,0.562018442164527,0.8017777777777778,0.6490614659309387,0.7716,0.1,5.5206053256988525,anchor,SGD momentum + WD + constant + BN/b128,"optimizer,schedule,normalization,regularization",42,v2,False
9,0.4697697454346551,0.8349333333333333,0.6760071883201599,0.769,0.1,5.17127251625061,anchor,SGD momentum + WD + constant + BN/b128,"optimizer,schedule,normalization,regularization",42,v2,False
10,0.41579847355418736,0.8538,0.6481086312294007,0.7848,0.1,5.104552507400513,anchor,SGD momentum + WD + constant + BN/b128,"optimizer,schedule,normalization,regularization",42,v2,False
11,0.3599905718167623,0.8730222222222223,0.8324038393974305,0.7448,0.1,5.098379373550415,anchor,SGD momentum + WD + constant + BN/b128,"optimizer,schedule,normalization,regularization",42,v2,False
12,0.32277367531988355,0.8873111111111112,0.6776124865055084,0.784,0.1,5.14909291267395,anchor,SGD momentum + WD + constant + BN/b128,"optimizer,schedule,normalization,regularization",42,v2,False
13,0.2866439877351125,0.8973777777777778,0.8432590651512146,0.7378,0.1,5.041815280914307,anchor,SGD momentum + WD + constant + BN/b128,"optimizer,schedule,normalization,regularization",42,v2,False
14,0.25727435133722093,0.9083111111111111,0.6794972074508667,0.792,0.1,5.080127000808716,anchor,SGD momentum + WD + constant + BN/b128,"optimizer,schedule,normalization,regularization",42,v2,False
15,0.2263729278034634,0.9205777777777778,0.8122514140129089,0.762,0.1,5.226257562637329,anchor,SGD momentum + WD + constant + BN/b128,"optimizer,schedule,normalization,regularization",42,v2,False
16,0.21262560228771635,0.9255555555555556,0.6627900154113769,0.8014,0.1,5.054358959197998,anchor,SGD momentum + WD + constant + BN/b128,"optimizer,schedule,normalization,regularization",42,v2,False
17,0.19460175561375087,0.9318444444444445,0.7439790250778199,0.7838,0.1,5.129083871841431,anchor,SGD momentum + WD + constant + BN/b128,"optimizer,schedule,normalization,regularization",42,v2,False
18,0.19655392531288995,0.9296222222222222,0.7188253694534302,0.7856,0.1,5.047966241836548,anchor,SGD momentum + WD + constant + BN/b128,"optimizer,schedule,normalization,regularization",42,v2,False
19,0.18814329830275642,0.9354222222222223,0.6691105693817139,0.8062,0.1,5.05558705329895,anchor,SGD momentum + WD + constant + BN/b128,"optimizer,schedule,normalization,regularization",42,v2,False
20,0.16812191683451336,0.9408,0.7461868403434754,0.7904,0.1,5.04967999458313,anchor,SGD momentum + WD + constant + BN/b128,"optimizer,schedule,normalization,regularization",42,v2,False
1,1.858464543639289,0.34484444444444445,1.4934922918319702,0.4556,0.1,5.104830026626587,anchor,SGD momentum + WD + constant + BN/b128,"optimizer,schedule,normalization,regularization",2026,v2,False
2,1.290386769188775,0.5292222222222223,1.1964895027160645,0.573,0.1,5.0972325801849365,anchor,SGD momentum + WD + constant + BN/b128,"optimizer,schedule,normalization,regularization",2026,v2,False
3,0.9789213823106554,0.6513111111111111,0.9955304420471192,0.6442,0.1,5.103763103485107,anchor,SGD momentum + WD + constant + BN/b128,"optimizer,schedule,normalization,regularization",2026,v2,False
4,0.7514426669120788,0.7362,0.7278708915710449,0.7478,0.1,5.102705478668213,anchor,SGD momentum + WD + constant + BN/b128,"optimizer,schedule,normalization,regularization",2026,v2,False
5,0.6073045613606771,0.7876666666666666,0.6674847883224487,0.7676,0.1,5.164240598678589,anchor,SGD momentum + WD + constant + BN/b128,"optimizer,schedule,normalization,regularization",2026,v2,False
6,0.5061514835781521,0.8254,0.6527916269302368,0.7802,0.1,5.26663875579834,anchor,SGD momentum + WD + constant + BN/b128,"optimizer,schedule,normalization,regularization",2026,v2,False
7,0.4404804656558567,0.8468888888888889,0.6911898953437805,0.7596,0.1,5.545777082443237,anchor,SGD momentum + WD + constant + BN/b128,"optimizer,schedule,normalization,regularization",2026,v2,False
8,0.3790289284494188,0.8658444444444444,0.9866999879837036,0.6964,0.1,5.395323753356934,anchor,SGD momentum + WD + constant + BN/b128,"optimizer,schedule,normalization,regularization",2026,v2,False
9,0.34145055620405407,0.881,0.6587804200649261,0.7906,0.1,5.519730091094971,anchor,SGD momentum + WD + constant + BN/b128,"optimizer,schedule,normalization,regularization",2026,v2,False
10,0.29174580486085677,0.8979333333333334,0.6699952387809753,0.7992,0.1,5.374608516693115,anchor,SGD momentum + WD + constant + BN/b128,"optimizer,schedule,normalization,regularization",2026,v2,False
11,0.2706130221737756,0.9038888888888889,0.7102724318504333,0.7852,0.1,5.269670248031616,anchor,SGD momentum + WD + constant + BN/b128,"optimizer,schedule,normalization,regularization",2026,v2,False
12,0.24533194672928915,0.9132444444444444,0.6501763699054718,0.803,0.1,5.294671058654785,anchor,SGD momentum + WD + constant + BN/b128,"optimizer,schedule,normalization,regularization",2026,v2,False
13,0.22966290752622817,0.9198444444444445,0.7113306907653809,0.7906,0.1,5.316630840301514,anchor,SGD momentum + WD + constant + BN/b128,"optimizer,schedule,normalization,regularization",2026,v2,False
14,0.21537926722102696,0.9246222222222222,0.7065013320922852,0.8038,0.1,5.405798435211182,anchor,SGD momentum + WD + constant + BN/b128,"optimizer,schedule,normalization,regularization",2026,v2,False
15,0.19920163476202224,0.9282444444444444,0.6970663788795471,0.7924,0.1,5.290848016738892,anchor,SGD momentum + WD + constant + BN/b128,"optimizer,schedule,normalization,regularization",2026,v2,False
16,0.18802746267318726,0.9348888888888889,0.8365025630950927,0.7632,0.1,5.235378980636597,anchor,SGD momentum + WD + constant + BN/b128,"optimizer,schedule,normalization,regularization",2026,v2,False
17,0.17892839487393697,0.9379555555555555,0.8958734300613403,0.7574,0.1,5.164364576339722,anchor,SGD momentum + WD + constant + BN/b128,"optimizer,schedule,normalization,regularization",2026,v2,False
18,0.18069791294203863,0.9369333333333333,0.7393366852283477,0.7848,0.1,5.244720220565796,anchor,SGD momentum + WD + constant + BN/b128,"optimizer,schedule,normalization,regularization",2026,v2,False
19,0.17121340761714512,0.9406,0.6652756929397583,0.8054,0.1,5.225435256958008,anchor,SGD momentum + WD + constant + BN/b128,"optimizer,schedule,normalization,regularization",2026,v2,False
20,0.16790747468736436,0.9420444444444445,0.770084834575653,0.7846,0.1,5.327501535415649,anchor,SGD momentum + WD + constant + BN/b128,"optimizer,schedule,normalization,regularization",2026,v2,False
1,1.6909795105404324,0.39615555555555554,1.5000229503631592,0.451,0.1,5.149415493011475,opt_sgd,SGD,optimizer,42,v2,False
2,1.1390670156055027,0.5884888888888888,1.2173483325958252,0.5796,0.1,5.187106370925903,opt_sgd,SGD,optimizer,42,v2,False
3,0.8690683458434211,0.6893111111111111,1.1519852426528931,0.6068,0.1,5.053937911987305,opt_sgd,SGD,optimizer,42,v2,False
4,0.6623861018180848,0.7657777777777778,1.4738867279052734,0.5702,0.1,5.025656461715698,opt_sgd,SGD,optimizer,42,v2,False
5,0.49350728418562145,0.8274444444444444,1.4190973770141602,0.6164,0.1,5.033754110336304,opt_sgd,SGD,optimizer,42,v2,False
6,0.3429339617729187,0.8781555555555556,1.3207106275558471,0.6408,0.1,5.03753137588501,opt_sgd,SGD,optimizer,42,v2,False
7,0.22523430137104458,0.9214888888888889,1.362049900817871,0.6544,0.1,5.106718063354492,opt_sgd,SGD,optimizer,42,v2,False
8,0.1579187064435747,0.9460444444444445,2.5022366886138916,0.5602,0.1,5.116413116455078,opt_sgd,SGD,optimizer,42,v2,False
9,0.11793231677214304,0.9590888888888889,1.3305625539779664,0.7102,0.1,5.262167453765869,opt_sgd,SGD,optimizer,42,v2,False
10,0.08740418494145076,0.9695777777777778,1.457014666366577,0.7068,0.1,5.266395568847656,opt_sgd,SGD,optimizer,42,v2,False
11,0.058453380653593276,0.9800222222222222,1.2551478783607484,0.736,0.1,5.235635042190552,opt_sgd,SGD,optimizer,42,v2,False
12,0.04747014817529255,0.9846,1.2908316524505614,0.7302,0.1,5.129966974258423,opt_sgd,SGD,optimizer,42,v2,False
13,0.05784251792298423,0.9804222222222222,1.211363752746582,0.7404,0.1,5.0497143268585205,opt_sgd,SGD,optimizer,42,v2,False
14,0.051582276415162616,0.9818444444444444,1.266136752128601,0.7508,0.1,5.161642551422119,opt_sgd,SGD,optimizer,42,v2,False
15,0.058115050926473406,0.9796888888888889,1.73392897605896,0.6946,0.1,5.142650604248047,opt_sgd,SGD,optimizer,42,v2,False
16,0.05988798525730769,0.9794,1.2678804552078247,0.7318,0.1,5.148501396179199,opt_sgd,SGD,optimizer,42,v2,False
17,0.03281794119576613,0.9892666666666666,1.0382039200782776,0.7772,0.1,5.1750030517578125,opt_sgd,SGD,optimizer,42,v2,False
18,0.020690856793522835,0.9935555555555555,1.058769744682312,0.7764,0.1,5.047092437744141,opt_sgd,SGD,optimizer,42,v2,False
19,0.010310444434152709,0.9974,0.9967937653541565,0.79,0.1,5.0841639041900635,opt_sgd,SGD,optimizer,42,v2,False
20,0.004759861012962129,0.9989777777777777,1.1347286098480225,0.771,0.1,5.077685117721558,opt_sgd,SGD,optimizer,42,v2,False
1,1.6752554359647962,0.39244444444444443,1.679969119644165,0.4072,0.1,5.075049638748169,opt_sgd,SGD,optimizer,2026,v2,False
2,1.1441090521070691,0.5834222222222222,1.444199348449707,0.5054,0.1,5.109210729598999,opt_sgd,SGD,optimizer,2026,v2,False
3,0.8461425349341498,0.6977333333333333,1.2340641216278077,0.6044,0.1,5.078561782836914,opt_sgd,SGD,optimizer,2026,v2,False
4,0.6296775165345934,0.7762444444444444,1.0138792751312256,0.653,0.1,5.071486473083496,opt_sgd,SGD,optimizer,2026,v2,False
5,0.46074182795418633,0.8395555555555556,1.0225190294265747,0.6788,0.1,5.169440984725952,opt_sgd,SGD,optimizer,2026,v2,False
6,0.32171478758917915,0.887,1.2407846817016601,0.6642,0.1,5.220828056335449,opt_sgd,SGD,optimizer,2026,v2,False
7,0.21072242148717243,0.9259111111111111,1.1996895345687866,0.6982,0.1,5.162021160125732,opt_sgd,SGD,optimizer,2026,v2,False
8,0.149833886496226,0.9488666666666666,1.4255046510696412,0.6678,0.1,5.071445941925049,opt_sgd,SGD,optimizer,2026,v2,False
9,0.10634151908026801,0.9630666666666666,1.6763628734588623,0.6538,0.1,5.059533596038818,opt_sgd,SGD,optimizer,2026,v2,False
10,0.07806614218287998,0.9744,1.3731318534851074,0.7242,0.1,5.067984104156494,opt_sgd,SGD,optimizer,2026,v2,False
11,0.058423178112506864,0.9806444444444444,3.6540916606903076,0.5222,0.1,5.097997188568115,opt_sgd,SGD,optimizer,2026,v2,False
12,0.054197068038582805,0.9814888888888889,1.0749963143348693,0.7626,0.1,5.130197048187256,opt_sgd,SGD,optimizer,2026,v2,False
13,0.056071501955721116,0.9806666666666667,1.4649927822113038,0.7102,0.1,5.118141412734985,opt_sgd,SGD,optimizer,2026,v2,False
14,0.05790355492697822,0.9800666666666666,1.6288348886489867,0.7,0.1,5.220655679702759,opt_sgd,SGD,optimizer,2026,v2,False
15,0.043273434375392064,0.9858444444444444,1.5025791252136231,0.7078,0.1,5.189082145690918,opt_sgd,SGD,optimizer,2026,v2,False
16,0.030891164718733894,0.9897555555555556,1.2259559567451477,0.745,0.1,5.215177297592163,opt_sgd,SGD,optimizer,2026,v2,False
17,0.018526201385425198,0.9942,1.0597040462493896,0.776,0.1,5.154463529586792,opt_sgd,SGD,optimizer,2026,v2,False
18,0.006565034137500657,0.9983333333333333,1.14191772441864,0.774,0.1,5.1702563762664795,opt_sgd,SGD,optimizer,2026,v2,False
19,0.0026543152056220506,0.9995333333333334,0.9118221172332763,0.8034,0.1,5.141968250274658,opt_sgd,SGD,optimizer,2026,v2,False
20,0.0007725879470300343,1.0,0.8559864526748657,0.8148,0.1,5.202850580215454,opt_sgd,SGD,optimizer,2026,v2,False
1,2.2112516288757322,0.24151111111111112,1.7453857057571411,0.3522,0.1,5.434035062789917,opt_nesterov,Nesterov,optimizer,42,v2,False
2,1.5682026072184245,0.4168,1.4470669536590577,0.4764,0.1,5.2320170402526855,opt_nesterov,Nesterov,optimizer,42,v2,False
3,1.3101824004915026,0.5234444444444445,1.3052107362747192,0.532,0.1,5.178681373596191,opt_nesterov,Nesterov,optimizer,42,v2,False
4,1.0817031977335612,0.6143111111111111,1.2669960540771485,0.5628,0.1,5.161441326141357,opt_nesterov,Nesterov,optimizer,42,v2,False
5,0.8794671882629395,0.6890444444444445,0.9469429440498353,0.669,0.1,5.125704526901245,opt_nesterov,Nesterov,optimizer,42,v2,False
6,0.715212701288859,0.7475555555555555,0.7764564968109131,0.7282,0.1,5.157425880432129,opt_nesterov,Nesterov,optimizer,42,v2,False
7,0.5938910359806485,0.7903333333333333,0.7149260093688965,0.7494,0.1,5.18720269203186,opt_nesterov,Nesterov,optimizer,42,v2,False
8,0.5071552150514391,0.8226666666666667,0.6878092717170715,0.764,0.1,5.184792757034302,opt_nesterov,Nesterov,optimizer,42,v2,False
9,0.42938054449823165,0.8507333333333333,0.7569589414596558,0.7546,0.1,5.11941385269165,opt_nesterov,Nesterov,optimizer,42,v2,False
10,0.37209224892192416,0.8705777777777778,0.7044411838531495,0.7728,0.1,5.073150396347046,opt_nesterov,Nesterov,optimizer,42,v2,False
11,0.33008234322865804,0.8841555555555556,0.7041169665336608,0.7786,0.1,5.2061378955841064,opt_nesterov,Nesterov,optimizer,42,v2,False
12,0.29290991266038685,0.8962444444444444,0.6727301460266113,0.7922,0.1,5.199753522872925,opt_nesterov,Nesterov,optimizer,42,v2,False
13,0.25860419936709933,0.9103555555555556,0.6665360159873962,0.7956,0.1,5.202636957168579,opt_nesterov,Nesterov,optimizer,42,v2,False
14,0.23843714045418635,0.9171111111111111,0.6964136757850647,0.7918,0.1,5.153968572616577,opt_nesterov,Nesterov,optimizer,42,v2,False
15,0.21296261444886525,0.9251777777777778,0.7090948685646057,0.7892,0.1,5.1521687507629395,opt_nesterov,Nesterov,optimizer,42,v2,False
16,0.20312829236984253,0.9290222222222222,0.6603977486610413,0.8058,0.1,5.168484449386597,opt_nesterov,Nesterov,optimizer,42,v2,False
17,0.19294184635745154,0.9330666666666667,0.7361119535446167,0.7784,0.1,5.176329135894775,opt_nesterov,Nesterov,optimizer,42,v2,False
18,0.1757423709074656,0.9379111111111111,0.7756970001220703,0.782,0.1,5.1455137729644775,opt_nesterov,Nesterov,optimizer,42,v2,False
19,0.1796831825150384,0.9367555555555556,0.7053297452926636,0.7972,0.1,5.180780410766602,opt_nesterov,Nesterov,optimizer,42,v2,False
20,0.16305140113035838,0.9441333333333334,0.6940132260322571,0.805,0.1,5.322009801864624,opt_nesterov,Nesterov,optimizer,42,v2,False
1,2.012016479110718,0.3012222222222222,1.5951133432388305,0.4112,0.1,5.241300106048584,opt_nesterov,Nesterov,optimizer,2026,v2,False
2,1.3955131801605225,0.49173333333333336,1.3580246738433839,0.5198,0.1,5.2264769077301025,opt_nesterov,Nesterov,optimizer,2026,v2,False
3,1.1055114268302917,0.6068888888888889,1.0909395893096925,0.6212,0.1,5.198624134063721,opt_nesterov,Nesterov,optimizer,2026,v2,False
4,0.8929032491260105,0.6839777777777778,0.9042906868934631,0.6888,0.1,5.1401526927948,opt_nesterov,Nesterov,optimizer,2026,v2,False
5,0.7379311618169149,0.7405777777777778,0.8324462222099305,0.7068,0.1,5.158551454544067,opt_nesterov,Nesterov,optimizer,2026,v2,False
6,0.6113343356556362,0.7843777777777777,0.8597061195373535,0.704,0.1,5.179478883743286,opt_nesterov,Nesterov,optimizer,2026,v2,False
7,0.5063016997761196,0.8231111111111111,0.8693593181610108,0.7062,0.1,5.113363027572632,opt_nesterov,Nesterov,optimizer,2026,v2,False
8,0.42953827961815727,0.8486666666666667,0.7112542466163635,0.7638,0.1,5.216142177581787,opt_nesterov,Nesterov,optimizer,2026,v2,False
9,0.370313196961085,0.8707111111111111,0.6810160442352295,0.781,0.1,5.2415220737457275,opt_nesterov,Nesterov,optimizer,2026,v2,False
10,0.32217413335376316,0.8872444444444444,0.6817408873558044,0.7762,0.1,5.138735055923462,opt_nesterov,Nesterov,optimizer,2026,v2,False
11,0.2822730261060927,0.8998666666666667,0.7425461027145386,0.7722,0.1,5.128230333328247,opt_nesterov,Nesterov,optimizer,2026,v2,False
12,0.2553035808139377,0.9103555555555556,0.6257234975814819,0.8076,0.1,5.118785619735718,opt_nesterov,Nesterov,optimizer,2026,v2,False
13,0.22545425514645046,0.9213555555555556,0.6602944972991943,0.7988,0.1,5.060430288314819,opt_nesterov,Nesterov,optimizer,2026,v2,False
14,0.20866547724935744,0.9259555555555555,0.8250948386192322,0.762,0.1,5.069228649139404,opt_nesterov,Nesterov,optimizer,2026,v2,False
15,0.20261064216825697,0.9285111111111111,0.7433488616943359,0.7876,0.1,5.201440095901489,opt_nesterov,Nesterov,optimizer,2026,v2,False
16,0.17895937741067675,0.9381777777777778,0.7820629152297973,0.775,0.1,5.21261739730835,opt_nesterov,Nesterov,optimizer,2026,v2,False
17,0.17703904976844786,0.9378,0.8310937747001648,0.7742,0.1,5.1058127880096436,opt_nesterov,Nesterov,optimizer,2026,v2,False
18,0.17033604380554623,0.9414222222222223,0.8830106601715088,0.767,0.1,5.110503673553467,opt_nesterov,Nesterov,optimizer,2026,v2,False
19,0.16359286687639024,0.9418444444444445,0.6967351875305176,0.7988,0.1,5.095921516418457,opt_nesterov,Nesterov,optimizer,2026,v2,False
20,0.16516873937712775,0.9426,0.7416688145637512,0.7936,0.1,5.107027530670166,opt_nesterov,Nesterov,optimizer,2026,v2,False
1,1.6330113799201118,0.4043555555555556,1.9653056140899658,0.3754,0.001,5.2907445430755615,opt_rmsprop,RMSProp,optimizer,42,v2,False
2,1.1463504096455044,0.5888,1.2343267471313477,0.5708,0.001,5.173044443130493,opt_rmsprop,RMSProp,optimizer,42,v2,False
3,0.8948132246229383,0.681,1.0676046739578247,0.633,0.001,5.2111053466796875,opt_rmsprop,RMSProp,optimizer,42,v2,False
4,0.7357160549693638,0.7403333333333333,1.3870516004562379,0.565,0.001,5.176081895828247,opt_rmsprop,RMSProp,optimizer,42,v2,False
5,0.6257557283507453,0.7823555555555556,0.8936370632171631,0.7002,0.001,5.191268682479858,opt_rmsprop,RMSProp,optimizer,42,v2,False
6,0.5413616930855645,0.8123333333333334,1.0321234603881837,0.6992,0.001,5.193601608276367,opt_rmsprop,RMSProp,optimizer,42,v2,False
7,0.4728676824145847,0.8371555555555555,1.0630253164291381,0.6872,0.001,5.177794694900513,opt_rmsprop,RMSProp,optimizer,42,v2,False
8,0.41627052592171565,0.8558444444444444,0.9436397890090943,0.709,0.001,5.167208433151245,opt_rmsprop,RMSProp,optimizer,42,v2,False
9,0.3685590211073558,0.8696222222222222,0.6531124792098999,0.7794,0.001,5.214676380157471,opt_rmsprop,RMSProp,optimizer,42,v2,False
10,0.3239617983394199,0.8861777777777777,0.7685228790283203,0.756,0.001,5.173828363418579,opt_rmsprop,RMSProp,optimizer,42,v2,False
11,0.2796711757183075,0.9013333333333333,0.7210019104003906,0.7754,0.001,5.156339645385742,opt_rmsprop,RMSProp,optimizer,42,v2,False
12,0.25423339054319594,0.9113555555555556,1.2078348844528197,0.672,0.001,5.181339740753174,opt_rmsprop,RMSProp,optimizer,42,v2,False
13,0.22723070555528005,0.9209777777777778,0.7766870518684387,0.7816,0.001,5.337292432785034,opt_rmsprop,RMSProp,optimizer,42,v2,False
14,0.21073342425028482,0.9253555555555556,1.2361741891860962,0.7172,0.001,5.347326993942261,opt_rmsprop,RMSProp,optimizer,42,v2,False
15,0.19021266542540657,0.933,1.0843898916244508,0.7148,0.001,5.299240827560425,opt_rmsprop,RMSProp,optimizer,42,v2,False
16,0.18131313044230143,0.9368444444444445,0.7854989300727844,0.7692,0.001,5.2135398387908936,opt_rmsprop,RMSProp,optimizer,42,v2,False
17,0.16795929653379651,0.9410222222222222,0.9663510442733765,0.7522,0.001,5.2118895053863525,opt_rmsprop,RMSProp,optimizer,42,v2,False
18,0.1595870293299357,0.9446222222222223,1.4062066198349,0.688,0.001,5.285930871963501,opt_rmsprop,RMSProp,optimizer,42,v2,False
19,0.15137602172427708,0.9477333333333333,0.9239155719757081,0.7696,0.001,5.158883094787598,opt_rmsprop,RMSProp,optimizer,42,v2,False
20,0.14687340979046293,0.9499333333333333,3.0192453094482423,0.4666,0.001,5.150556564331055,opt_rmsprop,RMSProp,optimizer,42,v2,False
1,1.6566586558447944,0.39384444444444444,1.5918287761688232,0.422,0.001,5.232621669769287,opt_rmsprop,RMSProp,optimizer,2026,v2,False
2,1.1730755683263143,0.576,1.7105282333374023,0.442,0.001,5.302609443664551,opt_rmsprop,RMSProp,optimizer,2026,v2,False
3,0.9355485395537483,0.6686888888888889,1.1296400577545167,0.6052,0.001,5.2986156940460205,opt_rmsprop,RMSProp,optimizer,2026,v2,False
4,0.7709882926517063,0.7292666666666666,1.0743946342468262,0.6178,0.001,5.2771711349487305,opt_rmsprop,RMSProp,optimizer,2026,v2,False
5,0.6482516603469849,0.7724444444444445,1.081754153442383,0.6268,0.001,5.247309923171997,opt_rmsprop,RMSProp,optimizer,2026,v2,False
6,0.5657967570410835,0.8024444444444444,1.1794782810211182,0.6206,0.001,5.2419328689575195,opt_rmsprop,RMSProp,optimizer,2026,v2,False
7,0.5017000602086386,0.8273333333333334,0.689798379611969,0.7746,0.001,5.2143754959106445,opt_rmsprop,RMSProp,optimizer,2026,v2,False
8,0.4369298331260681,0.8480888888888889,0.8703034843444825,0.7192,0.001,5.244707345962524,opt_rmsprop,RMSProp,optimizer,2026,v2,False
9,0.38936039533615113,0.8646444444444444,0.6690574062347412,0.7902,0.001,5.217820167541504,opt_rmsprop,RMSProp,optimizer,2026,v2,False
10,0.345676485464308,0.8785555555555555,0.8726123169898987,0.731,0.001,5.246655225753784,opt_rmsprop,RMSProp,optimizer,2026,v2,False
11,0.30663897965749104,0.8924,0.7825257358551025,0.757,0.001,5.201094150543213,opt_rmsprop,RMSProp,optimizer,2026,v2,False
12,0.2755461007754008,0.9040888888888889,0.7100085081100463,0.7834,0.001,5.223697662353516,opt_rmsprop,RMSProp,optimizer,2026,v2,False
13,0.2427350277794732,0.9142,1.9673959913253785,0.6264,0.001,5.248119354248047,opt_rmsprop,RMSProp,optimizer,2026,v2,False
14,0.22145935693846808,0.9224222222222223,0.8121034832954407,0.7564,0.001,5.234142303466797,opt_rmsprop,RMSProp,optimizer,2026,v2,False
15,0.20685531803501978,0.9272222222222222,49.32274942626953,0.106,0.001,5.205629110336304,opt_rmsprop,RMSProp,optimizer,2026,v2,False
16,0.18616512614621056,0.9345333333333333,55.63068515625,0.101,0.001,5.214076042175293,opt_rmsprop,RMSProp,optimizer,2026,v2,False
17,0.17741389427714876,0.9370222222222222,0.8472032620429992,0.7524,0.001,5.195142507553101,opt_rmsprop,RMSProp,optimizer,2026,v2,False
18,0.16829936414029864,0.9405111111111111,0.7921718437194825,0.7882,0.001,5.194913625717163,opt_rmsprop,RMSProp,optimizer,2026,v2,False
19,0.1589519652949439,0.9424888888888889,0.880446518421173,0.7674,0.001,5.2605249881744385,opt_rmsprop,RMSProp,optimizer,2026,v2,False
20,0.14920247841940987,0.9470222222222222,0.8861137333869934,0.7562,0.001,5.507061243057251,opt_rmsprop,RMSProp,optimizer,2026,v2,False
1,1.2608290938589308,0.5409333333333334,1.3592476247787475,0.5516,0.001,5.402630567550659,opt_adam,Adam,optimizer,42,v2,False
2,0.8232454954571194,0.7088888888888889,0.8239725157737732,0.715,0.001,5.612075567245483,opt_adam,Adam,optimizer,42,v2,False
3,0.6687239382849799,0.768,0.8279771570205688,0.7132,0.001,5.200923919677734,opt_adam,Adam,optimizer,42,v2,False
4,0.574887286429935,0.8001111111111111,0.8205506286621094,0.722,0.001,5.220560073852539,opt_adam,Adam,optimizer,42,v2,False
5,0.5099863609208001,0.8239333333333333,0.9750186436653138,0.6968,0.001,5.206395864486694,opt_adam,Adam,optimizer,42,v2,False
6,0.46190257281197444,0.8394,0.6780398884773254,0.7858,0.001,5.228255271911621,opt_adam,Adam,optimizer,42,v2,False
7,0.41701740362379286,0.8547333333333333,0.6721314487457275,0.7854,0.001,5.268630504608154,opt_adam,Adam,optimizer,42,v2,False
8,0.3808826568921407,0.8704222222222222,0.658574669265747,0.7762,0.001,5.2919158935546875,opt_adam,Adam,optimizer,42,v2,False
9,0.3457144315560659,0.8794222222222222,0.6632667606353759,0.7872,0.001,5.24601411819458,opt_adam,Adam,optimizer,42,v2,False
10,0.3172645572450426,0.891,0.7873681810379028,0.7862,0.001,5.203356981277466,opt_adam,Adam,optimizer,42,v2,False
11,0.2855030893802643,0.8997111111111111,0.7008922539710999,0.7916,0.001,5.44822096824646,opt_adam,Adam,optimizer,42,v2,False
12,0.2681092938926485,0.9069333333333334,0.5523721364974976,0.8232,0.001,5.2539989948272705,opt_adam,Adam,optimizer,42,v2,False
13,0.2439487294461992,0.9137555555555555,0.5435028976917267,0.8376,0.001,5.171565294265747,opt_adam,Adam,optimizer,42,v2,False
14,0.22068066483868493,0.9229555555555555,0.811078902721405,0.7724,0.001,5.275198459625244,opt_adam,Adam,optimizer,42,v2,False
15,0.20431493159929912,0.9284,0.7683948951721191,0.7694,0.001,5.471628904342651,opt_adam,Adam,optimizer,42,v2,False
16,0.18755897766484156,0.9346888888888889,0.5732979841709137,0.8246,0.001,5.186160564422607,opt_adam,Adam,optimizer,42,v2,False
17,0.17247677851253085,0.9404666666666667,0.5667019222736359,0.834,0.001,5.208559513092041,opt_adam,Adam,optimizer,42,v2,False
18,0.16567631033791436,0.9428666666666666,0.5790859342098236,0.8274,0.001,5.219199895858765,opt_adam,Adam,optimizer,42,v2,False
19,0.1616232094552782,0.9444666666666667,0.6029058835029603,0.8262,0.001,5.221191644668579,opt_adam,Adam,optimizer,42,v2,False
20,0.14989688840442233,0.9489777777777778,0.6318520183563232,0.82,0.001,5.204724311828613,opt_adam,Adam,optimizer,42,v2,False
1,1.25185957798428,0.5414222222222222,1.195195733642578,0.6026,0.001,5.206735372543335,opt_adam,Adam,optimizer,2026,v2,False
2,0.8170297461297777,0.7106666666666667,0.8882148035049439,0.6928,0.001,5.278861999511719,opt_adam,Adam,optimizer,2026,v2,False
3,0.6637387366400824,0.7692222222222223,0.9750625261306762,0.671,0.001,5.240221738815308,opt_adam,Adam,optimizer,2026,v2,False
4,0.5764801445219252,0.8013555555555556,0.7886197408676148,0.7316,0.001,5.21970796585083,opt_adam,Adam,optimizer,2026,v2,False
5,0.5111607971191406,0.8239777777777778,1.0776367980957031,0.6802,0.001,5.2396063804626465,opt_adam,Adam,optimizer,2026,v2,False
6,0.45948285674519007,0.8414666666666667,0.8184778403282166,0.739,0.001,5.189159631729126,opt_adam,Adam,optimizer,2026,v2,False
7,0.416895185301039,0.8561111111111112,0.8988068396568298,0.7012,0.001,5.238907098770142,opt_adam,Adam,optimizer,2026,v2,False
8,0.3807420945220523,0.8669333333333333,0.5682259429931641,0.8114,0.001,5.329849720001221,opt_adam,Adam,optimizer,2026,v2,False
9,0.3499977941777971,0.8790888888888889,0.650045306968689,0.7936,0.001,5.603488922119141,opt_adam,Adam,optimizer,2026,v2,False
10,0.3181141189098358,0.8892666666666666,0.709023361492157,0.7848,0.001,5.23459792137146,opt_adam,Adam,optimizer,2026,v2,False
11,0.2882632814115948,0.8999777777777778,0.6783152864456177,0.8,0.001,5.213917255401611,opt_adam,Adam,optimizer,2026,v2,False
12,0.26149467753304373,0.9095555555555556,0.6661006812095642,0.796,0.001,5.211889982223511,opt_adam,Adam,optimizer,2026,v2,False
13,0.23874658006562127,0.9167777777777778,0.5619907087802887,0.828,0.001,5.576296806335449,opt_adam,Adam,optimizer,2026,v2,False
14,0.22617575580808852,0.9209555555555555,0.6468166348457336,0.818,0.001,5.5217955112457275,opt_adam,Adam,optimizer,2026,v2,False
15,0.20635722239812215,0.9276,0.8399256553649902,0.7716,0.001,5.275766134262085,opt_adam,Adam,optimizer,2026,v2,False
16,0.19795381242964002,0.9309111111111111,1.1595785024642944,0.7384,0.001,5.246440410614014,opt_adam,Adam,optimizer,2026,v2,False
17,0.1729939359717899,0.9408888888888889,0.7012295269966126,0.8072,0.001,5.265328407287598,opt_adam,Adam,optimizer,2026,v2,False
18,0.17550343385802375,0.94,0.5759438270568847,0.8328,0.001,5.266453266143799,opt_adam,Adam,optimizer,2026,v2,False
19,0.155073169459237,0.9464222222222223,0.6394519064426422,0.8132,0.001,5.18933629989624,opt_adam,Adam,optimizer,2026,v2,False
20,0.15191038253572253,0.9467555555555556,0.5833098110198974,0.832,0.001,5.209784984588623,opt_adam,Adam,optimizer,2026,v2,False
1,1.248330437204573,0.5459777777777778,1.1867800159454345,0.588,0.001,5.258777856826782,opt_adamw,AdamW,optimizer,42,v2,False
2,0.7618280067125957,0.7303555555555555,0.9690973664283753,0.6768,0.001,5.315684795379639,opt_adamw,AdamW,optimizer,42,v2,False
3,0.5646298688464695,0.8025111111111111,0.7056184787750244,0.7664,0.001,5.221266746520996,opt_adamw,AdamW,optimizer,42,v2,False
4,0.42675407812330457,0.8529111111111111,0.6336177694320678,0.7826,0.001,5.2092907428741455,opt_adamw,AdamW,optimizer,42,v2,False
5,0.32102268683645463,0.8892222222222222,0.6555681404113769,0.7866,0.001,5.277862310409546,opt_adamw,AdamW,optimizer,42,v2,False
6,0.2340685066541036,0.9176222222222222,0.7095512963294983,0.8014,0.001,5.218693971633911,opt_adamw,AdamW,optimizer,42,v2,False
7,0.1637199311706755,0.9430444444444445,0.6608344631195069,0.814,0.001,5.320053815841675,opt_adamw,AdamW,optimizer,42,v2,False
8,0.11996136131286621,0.9578888888888889,0.7618225471496582,0.7984,0.001,5.284992218017578,opt_adamw,AdamW,optimizer,42,v2,False
9,0.09132961486710442,0.9678888888888889,0.7161417943954468,0.8172,0.001,5.282701015472412,opt_adamw,AdamW,optimizer,42,v2,False
10,0.07276955196327634,0.9742666666666666,0.9668324485778809,0.7988,0.001,5.1725013256073,opt_adamw,AdamW,optimizer,42,v2,False
11,0.07093282945950825,0.9745333333333334,0.8097785181999206,0.8158,0.001,5.2033469676971436,opt_adamw,AdamW,optimizer,42,v2,False
12,0.04952149929338032,0.9832666666666666,0.8827238612174988,0.8062,0.001,5.214494466781616,opt_adamw,AdamW,optimizer,42,v2,False
13,0.06259633566670948,0.9779333333333333,0.7573692989349365,0.8306,0.001,5.21986985206604,opt_adamw,AdamW,optimizer,42,v2,False
14,0.046231562197870675,0.9840666666666666,0.8603802417755126,0.8218,0.001,5.1794044971466064,opt_adamw,AdamW,optimizer,42,v2,False
15,0.0394481437696351,0.9863777777777778,0.8881249525070191,0.8186,0.001,5.377345085144043,opt_adamw,AdamW,optimizer,42,v2,False
16,0.04330859295129776,0.9850666666666666,0.9259715691566467,0.8116,0.001,5.304588317871094,opt_adamw,AdamW,optimizer,42,v2,False
17,0.042670017372899584,0.9855777777777778,0.9272080590248107,0.8196,0.001,5.1743552684783936,opt_adamw,AdamW,optimizer,42,v2,False
18,0.03252947830789619,0.9884888888888889,0.8912318682670594,0.8168,0.001,5.222591876983643,opt_adamw,AdamW,optimizer,42,v2,False
19,0.03812535264823172,0.9876444444444444,0.8912735301017761,0.8266,0.001,5.255451679229736,opt_adamw,AdamW,optimizer,42,v2,False
20,0.03377021279086669,0.9881777777777778,0.8245088189125062,0.8378,0.001,5.306554794311523,opt_adamw,AdamW,optimizer,42,v2,False
1,1.225301654571957,0.5531333333333334,0.981548389339447,0.655,0.001,5.373689889907837,opt_adamw,AdamW,optimizer,2026,v2,False
2,0.7432794851091173,0.7371777777777778,0.7786055717468262,0.729,0.001,5.392906665802002,opt_adamw,AdamW,optimizer,2026,v2,False
3,0.5537932456016541,0.8057333333333333,0.930909788608551,0.7056,0.001,5.321564674377441,opt_adamw,AdamW,optimizer,2026,v2,False
4,0.4259085145632426,0.8512666666666666,0.6362852158546448,0.7886,0.001,5.45910382270813,opt_adamw,AdamW,optimizer,2026,v2,False
5,0.3223800833596124,0.8864444444444445,0.5770749163627624,0.8154,0.001,5.674021005630493,opt_adamw,AdamW,optimizer,2026,v2,False
6,0.2324015955924988,0.9196444444444445,0.6390957378387451,0.799,0.001,5.46916651725769,opt_adamw,AdamW,optimizer,2026,v2,False
7,0.16375628284878202,0.9410444444444445,0.8080378922462463,0.7866,0.001,5.254930019378662,opt_adamw,AdamW,optimizer,2026,v2,False
8,0.1178933245420456,0.9576888888888889,0.7493962582588196,0.8066,0.001,5.224175691604614,opt_adamw,AdamW,optimizer,2026,v2,False
9,0.09996686596340604,0.9652444444444445,0.8354061964035034,0.7892,0.001,5.252717018127441,opt_adamw,AdamW,optimizer,2026,v2,False
10,0.06887151073614756,0.9757777777777777,0.864182395362854,0.7978,0.001,5.258084774017334,opt_adamw,AdamW,optimizer,2026,v2,False
11,0.0637458609090911,0.9778444444444444,0.862566103553772,0.8106,0.001,5.2794482707977295,opt_adamw,AdamW,optimizer,2026,v2,False
12,0.06185234884818395,0.9787777777777777,0.8579461148738861,0.8102,0.001,5.417776107788086,opt_adamw,AdamW,optimizer,2026,v2,False
13,0.051311320179038576,0.983,0.7767174130439758,0.8242,0.001,5.3064284324646,opt_adamw,AdamW,optimizer,2026,v2,False
14,0.04552791789339648,0.9844444444444445,0.7631523891448975,0.829,0.001,5.32143497467041,opt_adamw,AdamW,optimizer,2026,v2,False
15,0.04224836537970437,0.9855777777777778,0.8743205574035644,0.8258,0.001,5.631672382354736,opt_adamw,AdamW,optimizer,2026,v2,False
16,0.046707061649693384,0.9839111111111111,0.8160494166374207,0.8272,0.001,5.568552017211914,opt_adamw,AdamW,optimizer,2026,v2,False
17,0.03420207341975636,0.9883777777777778,0.7840120909690856,0.8398,0.001,5.3628458976745605,opt_adamw,AdamW,optimizer,2026,v2,False
18,0.04017685507519378,0.986,0.873099319934845,0.8248,0.001,5.499004602432251,opt_adamw,AdamW,optimizer,2026,v2,False
19,0.038850746582117346,0.9869555555555556,1.001850103664398,0.799,0.001,5.2166428565979,opt_adamw,AdamW,optimizer,2026,v2,False
20,0.02929403378168742,0.9897111111111111,0.9667244171142578,0.8238,0.001,5.28578519821167,opt_adamw,AdamW,optimizer,2026,v2,False
1,1.8982361592610677,0.3104,1.5443678234100342,0.4286,0.1,46.0783576965332,norm_bn_b8,"BatchNorm, batch 8",normalization,42,v2,False
2,1.3255983388874266,0.5300666666666667,1.1551580446243286,0.6144,0.1,43.78133535385132,norm_bn_b8,"BatchNorm, batch 8",normalization,42,v2,False
3,1.1239819404787488,0.6106222222222222,1.1549371292114259,0.6346,0.1,45.3317973613739,norm_bn_b8,"BatchNorm, batch 8",normalization,42,v2,False
4,1.0648115117086305,0.6315333333333333,1.0594727270126343,0.6364,0.1,45.8617959022522,norm_bn_b8,"BatchNorm, batch 8",normalization,42,v2,False
5,1.0337044579982757,0.6453111111111111,1.0359550296783446,0.6438,0.1,45.07316827774048,norm_bn_b8,"BatchNorm, batch 8",normalization,42,v2,False
6,1.0191154329339662,0.6498,1.0423339151382447,0.6402,0.1,46.378419637680054,norm_bn_b8,"BatchNorm, batch 8",normalization,42,v2,False
7,1.0071442189819282,0.6522444444444444,1.0034239428520202,0.665,0.1,43.69988250732422,norm_bn_b8,"BatchNorm, batch 8",normalization,42,v2,False
8,1.0043170610109966,0.6534888888888889,1.065707781791687,0.6286,0.1,43.260241985321045,norm_bn_b8,"BatchNorm, batch 8",normalization,42,v2,False
9,0.9990401605420642,0.6571333333333333,0.9491188792228699,0.6624,0.1,44.0290789604187,norm_bn_b8,"BatchNorm, batch 8",normalization,42,v2,False
10,1.0023654415176975,0.6555111111111112,1.2342551280975342,0.6038,0.1,43.25421142578125,norm_bn_b8,"BatchNorm, batch 8",normalization,42,v2,False
11,0.9944023398955663,0.6585333333333333,1.0352734033584594,0.6492,0.1,44.38555455207825,norm_bn_b8,"BatchNorm, batch 8",normalization,42,v2,False
12,0.9984494786964523,0.6571111111111111,0.9442771672248841,0.6776,0.1,43.44148898124695,norm_bn_b8,"BatchNorm, batch 8",normalization,42,v2,False
13,1.0002098179976144,0.6566444444444445,1.0609930210113525,0.6462,0.1,44.072951316833496,norm_bn_b8,"BatchNorm, batch 8",normalization,42,v2,False
14,0.9951746025443077,0.6578,1.1150850456237793,0.6234,0.1,43.6286301612854,norm_bn_b8,"BatchNorm, batch 8",normalization,42,v2,False
15,0.9966396294295787,0.6597555555555555,1.082755708885193,0.6348,0.1,43.630433320999146,norm_bn_b8,"BatchNorm, batch 8",normalization,42,v2,False
16,0.9961056190305286,0.6602444444444444,0.9439850061416626,0.6758,0.1,44.48802590370178,norm_bn_b8,"BatchNorm, batch 8",normalization,42,v2,False
17,0.9933203535623021,0.6612222222222223,1.0684155536651612,0.6292,0.1,43.71431565284729,norm_bn_b8,"BatchNorm, batch 8",normalization,42,v2,False
18,0.9924115822818544,0.6608444444444445,1.0463535793304444,0.6364,0.1,44.059025049209595,norm_bn_b8,"BatchNorm, batch 8",normalization,42,v2,False
19,0.9945092277725538,0.6591333333333333,0.9430751136779785,0.68,0.1,44.55689001083374,norm_bn_b8,"BatchNorm, batch 8",normalization,42,v2,False
20,0.9941233122110367,0.6611111111111111,1.1000141572952271,0.6306,0.1,46.06226396560669,norm_bn_b8,"BatchNorm, batch 8",normalization,42,v2,False
1,1.8749013318485683,0.3192888888888889,1.5185574836730957,0.4434,0.1,43.28276085853577,norm_bn_b8,"BatchNorm, batch 8",normalization,2026,v2,False
2,1.3274406064483855,0.5316222222222222,1.1823470499038695,0.6002,0.1,44.006776571273804,norm_bn_b8,"BatchNorm, batch 8",normalization,2026,v2,False
3,1.114678753262096,0.6131111111111112,1.5366602096557618,0.5104,0.1,44.66045355796814,norm_bn_b8,"BatchNorm, batch 8",normalization,2026,v2,False
4,1.061290356859896,0.6303777777777778,1.0163935680389404,0.6536,0.1,44.15757918357849,norm_bn_b8,"BatchNorm, batch 8",normalization,2026,v2,False
5,1.0287835619277423,0.6447111111111111,1.207815214729309,0.5936,0.1,43.823322057724,norm_bn_b8,"BatchNorm, batch 8",normalization,2026,v2,False
6,1.0253822345402506,0.6454444444444445,1.0118816074371337,0.6584,0.1,45.878551959991455,norm_bn_b8,"BatchNorm, batch 8",normalization,2026,v2,False
7,1.0151309517714713,0.6508444444444444,0.9824688785552979,0.6676,0.1,43.613741397857666,norm_bn_b8,"BatchNorm, batch 8",normalization,2026,v2,False
8,1.0148123456716538,0.6516888888888889,0.9890162015914917,0.659,0.1,43.66020607948303,norm_bn_b8,"BatchNorm, batch 8",normalization,2026,v2,False
9,1.006895025314225,0.6528666666666667,0.9130851760864258,0.6834,0.1,43.90090560913086,norm_bn_b8,"BatchNorm, batch 8",normalization,2026,v2,False
10,1.0077833510054481,0.6534888888888889,1.0210250624656678,0.6704,0.1,44.474191427230835,norm_bn_b8,"BatchNorm, batch 8",normalization,2026,v2,False
11,1.005845955110921,0.6537555555555555,1.050741632938385,0.6404,0.1,43.541040658950806,norm_bn_b8,"BatchNorm, batch 8",normalization,2026,v2,False
12,1.0083982253683939,0.6519333333333334,1.1865158153533935,0.6012,0.1,45.19495391845703,norm_bn_b8,"BatchNorm, batch 8",normalization,2026,v2,False
13,1.0065619577911165,0.6541777777777777,1.0977994316101074,0.635,0.1,45.06473159790039,norm_bn_b8,"BatchNorm, batch 8",normalization,2026,v2,False
14,1.0023231422503789,0.6577111111111111,1.1341582372665406,0.6244,0.1,43.35510301589966,norm_bn_b8,"BatchNorm, batch 8",normalization,2026,v2,False
15,1.0028521180298593,0.6537777777777778,1.0327106137275697,0.6466,0.1,43.5477557182312,norm_bn_b8,"BatchNorm, batch 8",normalization,2026,v2,False
16,1.003983200128211,0.6560666666666667,1.0380398330688476,0.6518,0.1,44.09832811355591,norm_bn_b8,"BatchNorm, batch 8",normalization,2026,v2,False
17,1.0008578008797433,0.6558888888888889,0.9330251622200012,0.6816,0.1,43.100388050079346,norm_bn_b8,"BatchNorm, batch 8",normalization,2026,v2,False
18,0.9988962687359916,0.6572666666666667,1.131335182571411,0.6294,0.1,45.019129037857056,norm_bn_b8,"BatchNorm, batch 8",normalization,2026,v2,False
19,1.0000196704917483,0.6572444444444444,1.0471512694358827,0.6422,0.1,43.71602201461792,norm_bn_b8,"BatchNorm, batch 8",normalization,2026,v2,False
20,0.9946562843600909,0.6586,1.0532511392593384,0.6464,0.1,44.165579080581665,norm_bn_b8,"BatchNorm, batch 8",normalization,2026,v2,False
1,1.8872721013175118,0.31048888888888887,1.6129385639190674,0.4326,0.1,11.318929672241211,norm_bn_b32,"BatchNorm, batch 32",normalization,42,v2,False
2,1.2547953353669907,0.5489555555555555,1.0293795620918273,0.638,0.1,11.399365186691284,norm_bn_b32,"BatchNorm, batch 32",normalization,42,v2,False
3,0.9403619411150614,0.67,0.9467274194717408,0.6694,0.1,11.340301513671875,norm_bn_b32,"BatchNorm, batch 32",normalization,42,v2,False
4,0.7710267553753323,0.7332,0.7608356815338134,0.7356,0.1,11.376111268997192,norm_bn_b32,"BatchNorm, batch 32",normalization,42,v2,False
5,0.6805080269707574,0.7643111111111112,0.7171821753501892,0.7552,0.1,11.542807340621948,norm_bn_b32,"BatchNorm, batch 32",normalization,42,v2,False
6,0.629362838628557,0.783,0.6453005974769592,0.7778,0.1,12.223252296447754,norm_bn_b32,"BatchNorm, batch 32",normalization,42,v2,False
7,0.5915727126969231,0.7938666666666667,0.6970236841201782,0.7588,0.1,11.386659383773804,norm_bn_b32,"BatchNorm, batch 32",normalization,42,v2,False
8,0.5620658896446228,0.8067111111111112,0.6033037419319153,0.783,0.1,11.720958709716797,norm_bn_b32,"BatchNorm, batch 32",normalization,42,v2,False
9,0.5402606380621592,0.8133777777777778,0.5886888289928436,0.8066,0.1,11.557300329208374,norm_bn_b32,"BatchNorm, batch 32",normalization,42,v2,False
10,0.5274123937182956,0.8166888888888889,0.6081758752822876,0.7912,0.1,11.33432126045227,norm_bn_b32,"BatchNorm, batch 32",normalization,42,v2,False
11,0.5079598108344607,0.8257555555555556,0.8197672500610351,0.7354,0.1,11.304407835006714,norm_bn_b32,"BatchNorm, batch 32",normalization,42,v2,False
12,0.5006450084951188,0.8288888888888889,0.5742183748722076,0.8066,0.1,11.586541891098022,norm_bn_b32,"BatchNorm, batch 32",normalization,42,v2,False
13,0.4967229253768921,0.8300888888888889,0.614330621433258,0.787,0.1,11.181448459625244,norm_bn_b32,"BatchNorm, batch 32",normalization,42,v2,False
14,0.4873829972108205,0.8329111111111112,0.5591871758460999,0.8122,0.1,11.284996509552002,norm_bn_b32,"BatchNorm, batch 32",normalization,42,v2,False
15,0.47622404372692106,0.8380888888888889,0.645332666015625,0.785,0.1,11.278193950653076,norm_bn_b32,"BatchNorm, batch 32",normalization,42,v2,False
16,0.47332550213601854,0.8379777777777778,0.7067882014274597,0.7626,0.1,11.272693157196045,norm_bn_b32,"BatchNorm, batch 32",normalization,42,v2,False
17,0.4769973657290141,0.8351777777777778,0.5681814796447754,0.802,0.1,11.180862665176392,norm_bn_b32,"BatchNorm, batch 32",normalization,42,v2,False
18,0.4622674524121814,0.8413777777777778,0.5560043627262116,0.8118,0.1,11.436969995498657,norm_bn_b32,"BatchNorm, batch 32",normalization,42,v2,False
19,0.4607348023798731,0.8411111111111111,0.5930823380470276,0.7924,0.1,11.211100101470947,norm_bn_b32,"BatchNorm, batch 32",normalization,42,v2,False
20,0.45547632121509973,0.8450222222222222,0.5703110228538513,0.8102,0.1,11.384716749191284,norm_bn_b32,"BatchNorm, batch 32",normalization,42,v2,False
1,1.9384197690751817,0.31864444444444445,1.5892574943542481,0.4134,0.1,11.300501346588135,norm_bn_b32,"BatchNorm, batch 32",normalization,2026,v2,False
2,1.3013005457348295,0.5276444444444445,1.2723932174682617,0.527,0.1,11.179229497909546,norm_bn_b32,"BatchNorm, batch 32",normalization,2026,v2,False
3,0.927796752527025,0.6716444444444445,0.9642460990905761,0.6702,0.1,11.25155258178711,norm_bn_b32,"BatchNorm, batch 32",normalization,2026,v2,False
4,0.7603956903245714,0.7325111111111111,0.8180938928604126,0.7172,0.1,11.300582885742188,norm_bn_b32,"BatchNorm, batch 32",normalization,2026,v2,False
5,0.677295512898763,0.7652222222222222,0.8048798244476318,0.7174,0.1,11.613691568374634,norm_bn_b32,"BatchNorm, batch 32",normalization,2026,v2,False
6,0.6270361042446561,0.7829111111111111,0.7292085844993591,0.7384,0.1,12.0317862033844,norm_bn_b32,"BatchNorm, batch 32",normalization,2026,v2,False
7,0.5958783680068122,0.7925333333333333,0.8759172632217407,0.707,0.1,11.371619939804077,norm_bn_b32,"BatchNorm, batch 32",normalization,2026,v2,False
8,0.5600260695245531,0.8077111111111112,0.6389164978027344,0.7748,0.1,11.341413259506226,norm_bn_b32,"BatchNorm, batch 32",normalization,2026,v2,False
9,0.5399666663169861,0.8144444444444444,0.7553528191566468,0.754,0.1,11.291262865066528,norm_bn_b32,"BatchNorm, batch 32",normalization,2026,v2,False
10,0.524146138159434,0.8179111111111111,0.6999597358703613,0.7644,0.1,11.86950159072876,norm_bn_b32,"BatchNorm, batch 32",normalization,2026,v2,False
11,0.5105825432618459,0.8245777777777777,0.6385595237731934,0.7782,0.1,11.372281551361084,norm_bn_b32,"BatchNorm, batch 32",normalization,2026,v2,False
12,0.4980558368166288,0.8275333333333333,0.5780037338256836,0.802,0.1,11.936182260513306,norm_bn_b32,"BatchNorm, batch 32",normalization,2026,v2,False
13,0.49229349937174055,0.8291111111111111,0.6445532417297364,0.7804,0.1,11.292316198348999,norm_bn_b32,"BatchNorm, batch 32",normalization,2026,v2,False
14,0.4772105290995704,0.8365555555555556,0.6504596285820007,0.7816,0.1,11.328945875167847,norm_bn_b32,"BatchNorm, batch 32",normalization,2026,v2,False
15,0.47741940478748746,0.8363111111111111,0.6585669700622558,0.772,0.1,11.268211841583252,norm_bn_b32,"BatchNorm, batch 32",normalization,2026,v2,False
16,0.4740473656760322,0.8378444444444444,0.6429511810302735,0.784,0.1,11.158988237380981,norm_bn_b32,"BatchNorm, batch 32",normalization,2026,v2,False
17,0.4710045220216115,0.8369333333333333,0.5661853335380554,0.8132,0.1,11.178779125213623,norm_bn_b32,"BatchNorm, batch 32",normalization,2026,v2,False
18,0.4639435361067454,0.841,0.5920868042945862,0.7948,0.1,11.157264947891235,norm_bn_b32,"BatchNorm, batch 32",normalization,2026,v2,False
19,0.46107818954255847,0.8428888888888889,0.6283870894432068,0.7866,0.1,11.150654554367065,norm_bn_b32,"BatchNorm, batch 32",normalization,2026,v2,False
20,0.463712320473459,0.8425333333333334,0.6763529251098633,0.775,0.1,11.272069215774536,norm_bn_b32,"BatchNorm, batch 32",normalization,2026,v2,False
1,2.407792033004761,0.09775555555555555,2.3287744777679444,0.0976,0.1,49.79398798942566,norm_ln_b8,"LayerNorm, batch 8",normalization,42,v2,False
2,2.3314229036119247,0.10053333333333334,2.3280089267730713,0.1016,0.1,50.37850785255432,norm_ln_b8,"LayerNorm, batch 8",normalization,42,v2,False
3,2.3405931079016793,0.09742222222222222,2.307522415924072,0.1026,0.1,49.58356690406799,norm_ln_b8,"LayerNorm, batch 8",normalization,42,v2,False
4,2.3309117690616183,0.09937777777777777,2.350213026046753,0.0988,0.1,51.755258560180664,norm_ln_b8,"LayerNorm, batch 8",normalization,42,v2,False
5,2.3307113771226673,0.10102222222222222,2.3147766040802003,0.0986,0.1,52.74559783935547,norm_ln_b8,"LayerNorm, batch 8",normalization,42,v2,False
6,2.3309944801330564,0.10135555555555556,2.3507913860321046,0.1026,0.1,49.997004985809326,norm_ln_b8,"LayerNorm, batch 8",normalization,42,v2,False
7,2.3316129896799724,0.09948888888888889,2.332574388504028,0.0986,0.1,50.59499478340149,norm_ln_b8,"LayerNorm, batch 8",normalization,42,v2,False
8,2.3315184427897138,0.10064444444444444,2.3324424171447755,0.099,0.1,51.50624346733093,norm_ln_b8,"LayerNorm, batch 8",normalization,42,v2,False
9,2.330979866833157,0.10068888888888888,2.3236367164611815,0.0998,0.1,51.39531970024109,norm_ln_b8,"LayerNorm, batch 8",normalization,42,v2,False
10,2.330654306432936,0.09984444444444444,2.3225263751983642,0.0962,0.1,49.575159549713135,norm_ln_b8,"LayerNorm, batch 8",normalization,42,v2,False
11,2.3297416177537706,0.10084444444444444,2.3162228031158447,0.0976,0.1,49.81779360771179,norm_ln_b8,"LayerNorm, batch 8",normalization,42,v2,False
12,2.330255639309353,0.098,2.3280780506134033,0.0988,0.1,49.38157320022583,norm_ln_b8,"LayerNorm, batch 8",normalization,42,v2,False
13,2.330943614747789,0.10146666666666666,2.3374801769256592,0.101,0.1,49.47166919708252,norm_ln_b8,"LayerNorm, batch 8",normalization,42,v2,False
14,2.330676066716512,0.0996,2.3370098537445068,0.0962,0.1,52.16806197166443,norm_ln_b8,"LayerNorm, batch 8",normalization,42,v2,False
15,2.3290110637876724,0.10255555555555555,2.3412998039245605,0.1026,0.1,49.19102931022644,norm_ln_b8,"LayerNorm, batch 8",normalization,42,v2,False
16,2.3307707767274644,0.09991111111111112,2.319084192276001,0.1048,0.1,50.33635330200195,norm_ln_b8,"LayerNorm, batch 8",normalization,42,v2,False
17,2.3306409798092314,0.103,2.3225648685455322,0.0998,0.1,49.35345792770386,norm_ln_b8,"LayerNorm, batch 8",normalization,42,v2,False
18,2.330749242401123,0.09962222222222222,2.318587852859497,0.0962,0.1,50.14255738258362,norm_ln_b8,"LayerNorm, batch 8",normalization,42,v2,False
19,2.331458711730109,0.09911111111111111,2.329703274536133,0.0976,0.1,49.446662187576294,norm_ln_b8,"LayerNorm, batch 8",normalization,42,v2,False
20,2.331376224178738,0.09853333333333333,2.3169927333831786,0.099,0.1,49.99155259132385,norm_ln_b8,"LayerNorm, batch 8",normalization,42,v2,False
1,2.4140227936638725,0.10004444444444445,2.3185972396850585,0.0962,0.1,49.71112608909607,norm_ln_b8,"LayerNorm, batch 8",normalization,2026,v2,False
2,2.3316171817355684,0.09775555555555555,2.371873584365845,0.0976,0.1,49.12770199775696,norm_ln_b8,"LayerNorm, batch 8",normalization,2026,v2,False
3,2.330228474638197,0.10011111111111111,2.3338511520385743,0.0986,0.1,49.59523820877075,norm_ln_b8,"LayerNorm, batch 8",normalization,2026,v2,False
4,2.329157099257575,0.10113333333333334,2.3388343891143797,0.0988,0.1,49.233580350875854,norm_ln_b8,"LayerNorm, batch 8",normalization,2026,v2,False
5,2.3300165174272327,0.09786666666666667,2.351484122085571,0.0962,0.1,49.77347016334534,norm_ln_b8,"LayerNorm, batch 8",normalization,2026,v2,False
6,2.3972134887695313,0.09791111111111112,2.3214416011810304,0.0976,0.1,49.49762272834778,norm_ln_b8,"LayerNorm, batch 8",normalization,2026,v2,False
7,2.331080315928989,0.10111111111111111,2.3361852630615236,0.1026,0.1,49.675554513931274,norm_ln_b8,"LayerNorm, batch 8",normalization,2026,v2,False
8,2.331165348010593,0.09813333333333334,2.3493050884246824,0.0986,0.1,48.87473392486572,norm_ln_b8,"LayerNorm, batch 8",normalization,2026,v2,False
9,2.3304082348293726,0.1000888888888889,2.311589743041992,0.1048,0.1,49.1063289642334,norm_ln_b8,"LayerNorm, batch 8",normalization,2026,v2,False
10,2.331356389045715,0.09986666666666667,2.3282558532714845,0.101,0.1,49.637669801712036,norm_ln_b8,"LayerNorm, batch 8",normalization,2026,v2,False
11,2.332570180045234,0.09646666666666667,2.342206392288208,0.0976,0.1,49.18666410446167,norm_ln_b8,"LayerNorm, batch 8",normalization,2026,v2,False
12,2.3310396616193985,0.10113333333333334,2.342403651046753,0.1026,0.1,49.05853891372681,norm_ln_b8,"LayerNorm, batch 8",normalization,2026,v2,False
13,2.3300301318274603,0.10046666666666666,2.3176739013671876,0.0962,0.1,49.672513484954834,norm_ln_b8,"LayerNorm, batch 8",normalization,2026,v2,False
14,2.3299225527445477,0.10062222222222222,2.3348462577819826,0.1016,0.1,48.83678126335144,norm_ln_b8,"LayerNorm, batch 8",normalization,2026,v2,False
15,2.3310947072347004,0.09982222222222223,2.3810934272766113,0.0988,0.1,49.53066849708557,norm_ln_b8,"LayerNorm, batch 8",normalization,2026,v2,False
16,2.331124778959486,0.09915555555555555,2.3411846702575683,0.0998,0.1,49.12455224990845,norm_ln_b8,"LayerNorm, batch 8",normalization,2026,v2,False
17,2.3313795866648355,0.09884444444444444,2.336797265625,0.0988,0.1,49.05430626869202,norm_ln_b8,"LayerNorm, batch 8",normalization,2026,v2,False
18,2.331869855647617,0.1002,2.3152991355895995,0.0962,0.1,49.64295411109924,norm_ln_b8,"LayerNorm, batch 8",normalization,2026,v2,False
19,2.3295953035990395,0.10011111111111111,2.3134245357513428,0.0976,0.1,51.75795650482178,norm_ln_b8,"LayerNorm, batch 8",normalization,2026,v2,False
20,2.331291844622294,0.10068888888888888,2.34396746635437,0.0988,0.1,50.06387639045715,norm_ln_b8,"LayerNorm, batch 8",normalization,2026,v2,False
1,2.6377800175560844,0.1009111111111111,2.3095702323913576,0.0988,0.1,13.015899419784546,norm_ln_b32,"LayerNorm, batch 32",normalization,42,v2,False
2,2.3096560685475667,0.10068888888888888,2.3075226165771485,0.1016,0.1,13.445779085159302,norm_ln_b32,"LayerNorm, batch 32",normalization,42,v2,False
3,2.3099563003116184,0.0978,2.308469585418701,0.1048,0.1,12.526018142700195,norm_ln_b32,"LayerNorm, batch 32",normalization,42,v2,False
4,2.309137506781684,0.103,2.3079780933380127,0.0988,0.1,12.591943740844727,norm_ln_b32,"LayerNorm, batch 32",normalization,42,v2,False
5,2.309382191933526,0.09904444444444445,2.319839813613892,0.0986,0.1,12.823772192001343,norm_ln_b32,"LayerNorm, batch 32",normalization,42,v2,False
6,2.309274405924479,0.10124444444444444,2.3120576446533203,0.0976,0.1,13.358268976211548,norm_ln_b32,"LayerNorm, batch 32",normalization,42,v2,False
7,2.3101403368208144,0.09831111111111111,2.315085143661499,0.1048,0.1,13.317636251449585,norm_ln_b32,"LayerNorm, batch 32",normalization,42,v2,False
8,2.310477308824327,0.09971111111111111,2.309037720870972,0.1048,0.1,13.305940628051758,norm_ln_b32,"LayerNorm, batch 32",normalization,42,v2,False
9,2.3093141898685032,0.09726666666666667,2.3125709732055664,0.0986,0.1,13.486230850219727,norm_ln_b32,"LayerNorm, batch 32",normalization,42,v2,False
10,2.334075520875719,0.09691111111111111,2.304797751235962,0.0962,0.1,12.75795292854309,norm_ln_b32,"LayerNorm, batch 32",normalization,42,v2,False
11,2.309671650526259,0.09866666666666667,2.3078737518310546,0.1016,0.1,12.978140115737915,norm_ln_b32,"LayerNorm, batch 32",normalization,42,v2,False
12,2.309626466623942,0.10086666666666666,2.3071045864105226,0.099,0.1,12.760011672973633,norm_ln_b32,"LayerNorm, batch 32",normalization,42,v2,False
13,2.3093744566175674,0.09995555555555556,2.304399716949463,0.099,0.1,12.598045825958252,norm_ln_b32,"LayerNorm, batch 32",normalization,42,v2,False
14,2.309417596223619,0.09924444444444444,2.3122129749298095,0.0962,0.1,12.782371759414673,norm_ln_b32,"LayerNorm, batch 32",normalization,42,v2,False
15,2.308998528035482,0.10322222222222223,2.3104980453491213,0.099,0.1,13.026679515838623,norm_ln_b32,"LayerNorm, batch 32",normalization,42,v2,False
16,2.3094415585835777,0.09922222222222223,2.3077178092956543,0.1026,0.1,12.61054801940918,norm_ln_b32,"LayerNorm, batch 32",normalization,42,v2,False
17,2.3101335222032335,0.09904444444444445,2.309360703277588,0.0998,0.1,13.294583320617676,norm_ln_b32,"LayerNorm, batch 32",normalization,42,v2,False
18,2.3094171855502656,0.10166666666666667,2.3115660293579103,0.0962,0.1,13.187127828598022,norm_ln_b32,"LayerNorm, batch 32",normalization,42,v2,False
19,2.3097741268581813,0.0992,2.305626637649536,0.1016,0.1,12.820093870162964,norm_ln_b32,"LayerNorm, batch 32",normalization,42,v2,False
20,2.3095903180440267,0.10048888888888889,2.3092709564208986,0.1016,0.1,12.506140232086182,norm_ln_b32,"LayerNorm, batch 32",normalization,42,v2,False
1,2.690298356967502,0.09931111111111111,2.308061214065552,0.1026,0.1,12.557087421417236,norm_ln_b32,"LayerNorm, batch 32",normalization,2026,v2,False
2,2.3098484683566625,0.0971111111111111,2.3118776889801027,0.0988,0.1,13.206933975219727,norm_ln_b32,"LayerNorm, batch 32",normalization,2026,v2,False
3,2.3104126348283556,0.09977777777777778,2.309065930557251,0.0976,0.1,12.934891939163208,norm_ln_b32,"LayerNorm, batch 32",normalization,2026,v2,False
4,2.3098477810329863,0.09948888888888889,2.307391012954712,0.0988,0.1,12.701105117797852,norm_ln_b32,"LayerNorm, batch 32",normalization,2026,v2,False
5,2.309785403781467,0.09955555555555555,2.3111056888580324,0.0998,0.1,12.713035583496094,norm_ln_b32,"LayerNorm, batch 32",normalization,2026,v2,False
6,2.3094974426693384,0.10062222222222222,2.314346213912964,0.0976,0.1,12.656859636306763,norm_ln_b32,"LayerNorm, batch 32",normalization,2026,v2,False
7,2.3099749142540826,0.10244444444444445,2.308441393661499,0.0998,0.1,12.6668381690979,norm_ln_b32,"LayerNorm, batch 32",normalization,2026,v2,False
8,2.3093957913716636,0.10115555555555555,2.319919398880005,0.101,0.1,12.383412599563599,norm_ln_b32,"LayerNorm, batch 32",normalization,2026,v2,False
9,2.3093463902367484,0.10173333333333333,2.3074788856506347,0.0988,0.1,12.914099931716919,norm_ln_b32,"LayerNorm, batch 32",normalization,2026,v2,False
10,2.3098917894999187,0.10068888888888888,2.310735570907593,0.0998,0.1,13.174081802368164,norm_ln_b32,"LayerNorm, batch 32",normalization,2026,v2,False
11,2.3103500829908583,0.09928888888888888,2.312075807571411,0.0988,0.1,12.55827522277832,norm_ln_b32,"LayerNorm, batch 32",normalization,2026,v2,False
12,2.309855062696669,0.10131111111111112,2.306098860549927,0.0962,0.1,12.518494844436646,norm_ln_b32,"LayerNorm, batch 32",normalization,2026,v2,False
13,2.3091781355963814,0.10182222222222222,2.3159364894866945,0.0962,0.1,12.714316844940186,norm_ln_b32,"LayerNorm, batch 32",normalization,2026,v2,False
14,2.309441645728217,0.10104444444444445,2.3151525257110595,0.0976,0.1,12.980972528457642,norm_ln_b32,"LayerNorm, batch 32",normalization,2026,v2,False
15,2.3099332228342693,0.10026666666666667,2.306658195877075,0.0988,0.1,12.463306903839111,norm_ln_b32,"LayerNorm, batch 32",normalization,2026,v2,False
16,2.310169556215074,0.09933333333333333,2.305755862045288,0.0988,0.1,12.461958885192871,norm_ln_b32,"LayerNorm, batch 32",normalization,2026,v2,False
17,2.3090887992858886,0.10086666666666666,2.3181473304748534,0.0962,0.1,12.753527164459229,norm_ln_b32,"LayerNorm, batch 32",normalization,2026,v2,False
18,2.3096373251173232,0.0998,2.3059567863464356,0.101,0.1,13.093889713287354,norm_ln_b32,"LayerNorm, batch 32",normalization,2026,v2,False
19,2.3098552200317384,0.09948888888888889,2.3089301689147947,0.1026,0.1,12.529909610748291,norm_ln_b32,"LayerNorm, batch 32",normalization,2026,v2,False
20,2.3103286478678386,0.09753333333333333,2.30535595741272,0.0976,0.1,12.45185399055481,norm_ln_b32,"LayerNorm, batch 32",normalization,2026,v2,False
1,3.888278532155355,0.09848888888888889,2.3045918731689454,0.0962,0.1,6.170646667480469,norm_ln_b128,"LayerNorm, batch 128",normalization,42,v2,False
2,2.304423219341702,0.10184444444444445,2.3054774295806886,0.101,0.1,6.216071844100952,norm_ln_b128,"LayerNorm, batch 128",normalization,42,v2,False
3,2.304447286266751,0.09913333333333334,2.3039409061431884,0.0962,0.1,6.277721166610718,norm_ln_b128,"LayerNorm, batch 128",normalization,42,v2,False
4,2.3045246385786267,0.09877777777777778,2.304323734664917,0.0976,0.1,6.179319143295288,norm_ln_b128,"LayerNorm, batch 128",normalization,42,v2,False
5,2.304304868528578,0.0995111111111111,2.3041738483428955,0.0988,0.1,6.077452659606934,norm_ln_b128,"LayerNorm, batch 128",normalization,42,v2,False
6,2.304356660715739,0.0984,2.3026694858551027,0.1048,0.1,6.0274498462677,norm_ln_b128,"LayerNorm, batch 128",normalization,42,v2,False
7,2.304011744647556,0.09964444444444444,2.304369817352295,0.0986,0.1,6.082519054412842,norm_ln_b128,"LayerNorm, batch 128",normalization,42,v2,False
8,2.3043344678243,0.09924444444444444,2.3027899906158447,0.0986,0.1,6.255159139633179,norm_ln_b128,"LayerNorm, batch 128",normalization,42,v2,False
9,2.3044206646389434,0.10062222222222222,2.303591635131836,0.0976,0.1,6.296026706695557,norm_ln_b128,"LayerNorm, batch 128",normalization,42,v2,False
10,2.304600405205621,0.09924444444444444,2.305059531021118,0.0962,0.1,6.084905624389648,norm_ln_b128,"LayerNorm, batch 128",normalization,42,v2,False
11,2.303958095296224,0.10093333333333333,2.303082046127319,0.1016,0.1,6.126197338104248,norm_ln_b128,"LayerNorm, batch 128",normalization,42,v2,False
12,2.3043567401885987,0.1006,2.3041947933197022,0.099,0.1,6.181268692016602,norm_ln_b128,"LayerNorm, batch 128",normalization,42,v2,False
13,2.3046878371768527,0.10073333333333333,2.3049769493103027,0.0986,0.1,5.993985414505005,norm_ln_b128,"LayerNorm, batch 128",normalization,42,v2,False
14,2.3046800373925103,0.09893333333333333,2.3038695217132568,0.1016,0.1,6.069694519042969,norm_ln_b128,"LayerNorm, batch 128",normalization,42,v2,False
15,2.3047124116685653,0.10006666666666666,2.306289541244507,0.0986,0.1,5.995898723602295,norm_ln_b128,"LayerNorm, batch 128",normalization,42,v2,False
16,2.304072527991401,0.09862222222222222,2.3050991806030274,0.1026,0.1,6.254297733306885,norm_ln_b128,"LayerNorm, batch 128",normalization,42,v2,False
17,2.304533044433594,0.10182222222222222,2.304594334793091,0.0988,0.1,6.026167631149292,norm_ln_b128,"LayerNorm, batch 128",normalization,42,v2,False
18,2.3043132260216606,0.09977777777777778,2.307664758682251,0.099,0.1,5.997586727142334,norm_ln_b128,"LayerNorm, batch 128",normalization,42,v2,False
19,2.3045936718410918,0.09971111111111111,2.3041490348815916,0.0976,0.1,6.05009651184082,norm_ln_b128,"LayerNorm, batch 128",normalization,42,v2,False
20,2.3043798062642415,0.10173333333333333,2.3054452323913575,0.0986,0.1,6.109273910522461,norm_ln_b128,"LayerNorm, batch 128",normalization,42,v2,False
1,3.5944144472757977,0.10111111111111111,2.3051748043060303,0.1026,0.1,6.286370277404785,norm_ln_b128,"LayerNorm, batch 128",normalization,2026,v2,False
2,2.3047925606621638,0.09771111111111111,2.3034720348358153,0.0988,0.1,6.153287172317505,norm_ln_b128,"LayerNorm, batch 128",normalization,2026,v2,False
3,2.3042626527574326,0.10044444444444445,2.305163426208496,0.0988,0.1,6.182703971862793,norm_ln_b128,"LayerNorm, batch 128",normalization,2026,v2,False
4,2.3044947786543104,0.097,2.304282500457764,0.0986,0.1,6.1654722690582275,norm_ln_b128,"LayerNorm, batch 128",normalization,2026,v2,False
5,2.3042197634802926,0.09871111111111111,2.3043159294128417,0.101,0.1,6.271543502807617,norm_ln_b128,"LayerNorm, batch 128",normalization,2026,v2,False
6,2.3045169696384007,0.10028888888888889,2.3053889530181886,0.0962,0.1,6.090116739273071,norm_ln_b128,"LayerNorm, batch 128",normalization,2026,v2,False
7,2.3046983431074355,0.09942222222222222,2.3037346446990967,0.0988,0.1,6.027884244918823,norm_ln_b128,"LayerNorm, batch 128",normalization,2026,v2,False
8,2.3043153904385036,0.09915555555555555,2.3042804450988768,0.101,0.1,6.042521238327026,norm_ln_b128,"LayerNorm, batch 128",normalization,2026,v2,False
9,2.304466117392646,0.098,2.305346706008911,0.1048,0.1,5.997394323348999,norm_ln_b128,"LayerNorm, batch 128",normalization,2026,v2,False
10,2.304591936026679,0.09906666666666666,2.304023349761963,0.0998,0.1,6.029423475265503,norm_ln_b128,"LayerNorm, batch 128",normalization,2026,v2,False
11,2.3040252846611873,0.09888888888888889,2.3035853137969973,0.0962,0.1,5.988988876342773,norm_ln_b128,"LayerNorm, batch 128",normalization,2026,v2,False
12,2.3047312358856202,0.1012,2.3033892616271974,0.0988,0.1,6.014981031417847,norm_ln_b128,"LayerNorm, batch 128",normalization,2026,v2,False
13,2.3043335237291123,0.09911111111111111,2.3050725067138673,0.0998,0.1,6.004701137542725,norm_ln_b128,"LayerNorm, batch 128",normalization,2026,v2,False
14,2.30470768254598,0.09975555555555556,2.3050291278839112,0.0998,0.1,6.001762390136719,norm_ln_b128,"LayerNorm, batch 128",normalization,2026,v2,False
15,2.304440243826972,0.0982,2.3046184043884277,0.0988,0.1,6.076250076293945,norm_ln_b128,"LayerNorm, batch 128",normalization,2026,v2,False
16,2.3045168907165525,0.10168888888888888,2.3030694717407227,0.1026,0.1,6.04460597038269,norm_ln_b128,"LayerNorm, batch 128",normalization,2026,v2,False
17,2.3043336908976237,0.10035555555555556,2.3055093994140625,0.0962,0.1,6.11498498916626,norm_ln_b128,"LayerNorm, batch 128",normalization,2026,v2,False
18,2.3046440286424423,0.09926666666666667,2.3029037937164305,0.1026,0.1,6.197475433349609,norm_ln_b128,"LayerNorm, batch 128",normalization,2026,v2,False
19,2.304337897321913,0.10053333333333334,2.304572750854492,0.1016,0.1,6.207657337188721,norm_ln_b128,"LayerNorm, batch 128",normalization,2026,v2,False
20,2.3045099502563478,0.09915555555555555,2.3034998836517335,0.0998,0.1,6.096076488494873,norm_ln_b128,"LayerNorm, batch 128",normalization,2026,v2,False
1,2.0881528971778023,0.2479111111111111,1.9056953628540039,0.3026,0.1,46.139161348342896,norm_gn_b8,"GroupNorm, batch 8",normalization,42,v2,False
2,1.8789097434679667,0.3194444444444444,1.7792692823410035,0.364,0.1,46.54924988746643,norm_gn_b8,"GroupNorm, batch 8",normalization,42,v2,False
3,1.7962823020087348,0.3479555555555556,1.8048838092803956,0.336,0.1,46.31358242034912,norm_gn_b8,"GroupNorm, batch 8",normalization,42,v2,False
4,1.7365797525723776,0.3668444444444444,1.7294519384384155,0.3978,0.1,45.931031942367554,norm_gn_b8,"GroupNorm, batch 8",normalization,42,v2,False
5,1.6940283441967434,0.3808666666666667,1.699690874862671,0.3844,0.1,45.976539611816406,norm_gn_b8,"GroupNorm, batch 8",normalization,42,v2,False
6,1.6550389500406053,0.3990666666666667,1.5919650253295898,0.4202,0.1,45.978248596191406,norm_gn_b8,"GroupNorm, batch 8",normalization,42,v2,False
7,1.6250081830024719,0.40884444444444445,1.6191125055313111,0.429,0.1,47.626306772232056,norm_gn_b8,"GroupNorm, batch 8",normalization,42,v2,False
8,1.5921970661269294,0.42335555555555554,1.5242701025009155,0.4502,0.1,45.551085233688354,norm_gn_b8,"GroupNorm, batch 8",normalization,42,v2,False
9,1.5593658501466114,0.43862222222222225,1.4920535621643067,0.4488,0.1,47.01604723930359,norm_gn_b8,"GroupNorm, batch 8",normalization,42,v2,False
10,1.498838075039122,0.4590222222222222,1.5479474552154542,0.4364,0.1,46.37184262275696,norm_gn_b8,"GroupNorm, batch 8",normalization,42,v2,False
11,1.4532204445415073,0.47755555555555557,1.415883645629883,0.4988,0.1,48.47786021232605,norm_gn_b8,"GroupNorm, batch 8",normalization,42,v2,False
12,1.4110504791789584,0.49833333333333335,1.3814932497024537,0.5244,0.1,46.20333933830261,norm_gn_b8,"GroupNorm, batch 8",normalization,42,v2,False
13,1.3675420379691654,0.5154,1.2870823255538941,0.5338,0.1,46.40696620941162,norm_gn_b8,"GroupNorm, batch 8",normalization,42,v2,False
14,1.3531381859196556,0.5257777777777778,1.4610307096481323,0.4764,0.1,47.85593104362488,norm_gn_b8,"GroupNorm, batch 8",normalization,42,v2,False
15,1.331010608765814,0.5344222222222222,1.2875852256774902,0.5394,0.1,45.700570821762085,norm_gn_b8,"GroupNorm, batch 8",normalization,42,v2,False
16,1.319835613293118,0.5363333333333333,1.290882129096985,0.546,0.1,47.04493498802185,norm_gn_b8,"GroupNorm, batch 8",normalization,42,v2,False
17,1.308466750155555,0.5476,1.311721290397644,0.5478,0.1,47.34989309310913,norm_gn_b8,"GroupNorm, batch 8",normalization,42,v2,False
18,1.294403489693006,0.5473777777777777,1.4782711135864257,0.4664,0.1,46.41753172874451,norm_gn_b8,"GroupNorm, batch 8",normalization,42,v2,False
19,1.2898444810085827,0.5501555555555555,1.345311805343628,0.535,0.1,46.112947940826416,norm_gn_b8,"GroupNorm, batch 8",normalization,42,v2,False
20,1.2820885536339548,0.5553333333333333,1.375922523498535,0.513,0.1,46.21821618080139,norm_gn_b8,"GroupNorm, batch 8",normalization,42,v2,False
1,2.3778095444785223,0.10702222222222223,2.3185973014831545,0.0962,0.1,46.81417751312256,norm_gn_b8,"GroupNorm, batch 8",normalization,2026,v2,False
2,2.3316171729193793,0.09775555555555555,2.371873584365845,0.0976,0.1,45.700668811798096,norm_gn_b8,"GroupNorm, batch 8",normalization,2026,v2,False
3,2.3247287077585854,0.10597777777777778,2.2548184158325197,0.148,0.1,46.62547445297241,norm_gn_b8,"GroupNorm, batch 8",normalization,2026,v2,False
4,2.080016107643975,0.21266666666666667,1.9737947082519531,0.2488,0.1,45.87357449531555,norm_gn_b8,"GroupNorm, batch 8",normalization,2026,v2,False
5,1.991900850730472,0.2625777777777778,1.943764006614685,0.2852,0.1,45.743958950042725,norm_gn_b8,"GroupNorm, batch 8",normalization,2026,v2,False
6,1.8796035367753772,0.3128222222222222,1.760287431526184,0.3686,0.1,46.48095750808716,norm_gn_b8,"GroupNorm, batch 8",normalization,2026,v2,False
7,1.757129006544749,0.36293333333333333,1.7492926626205445,0.3554,0.1,46.27491331100464,norm_gn_b8,"GroupNorm, batch 8",normalization,2026,v2,False
8,1.7031566759427388,0.3841777777777778,1.6265521007537842,0.4272,0.1,47.695504903793335,norm_gn_b8,"GroupNorm, batch 8",normalization,2026,v2,False
9,1.6641429656134712,0.3970888888888889,1.5557331413269042,0.4258,0.1,46.164854288101196,norm_gn_b8,"GroupNorm, batch 8",normalization,2026,v2,False
10,1.6215012053277758,0.41355555555555557,1.6773329532623291,0.3878,0.1,46.502657651901245,norm_gn_b8,"GroupNorm, batch 8",normalization,2026,v2,False
11,1.5984511574215359,0.4217111111111111,1.6983268733978272,0.395,0.1,45.70900821685791,norm_gn_b8,"GroupNorm, batch 8",normalization,2026,v2,False
12,1.5753732312043507,0.4330888888888889,1.4698096481323242,0.4788,0.1,47.7318754196167,norm_gn_b8,"GroupNorm, batch 8",normalization,2026,v2,False
13,1.5532581514676411,0.43864444444444445,1.4747488624572753,0.4626,0.1,48.81406831741333,norm_gn_b8,"GroupNorm, batch 8",normalization,2026,v2,False
14,1.5280223801347945,0.45015555555555553,1.5252041679382324,0.4598,0.1,47.22734093666077,norm_gn_b8,"GroupNorm, batch 8",normalization,2026,v2,False
15,1.5131293546358744,0.45768888888888887,1.5081636642456056,0.4544,0.1,46.175166845321655,norm_gn_b8,"GroupNorm, batch 8",normalization,2026,v2,False
16,1.4869265757878622,0.4686888888888889,1.456983449935913,0.4802,0.1,46.450369119644165,norm_gn_b8,"GroupNorm, batch 8",normalization,2026,v2,False
17,1.4752684082720016,0.4766666666666667,1.4883807846069337,0.463,0.1,46.92146444320679,norm_gn_b8,"GroupNorm, batch 8",normalization,2026,v2,False
18,1.4585890876081256,0.48046666666666665,1.4456020143508912,0.486,0.1,46.344014406204224,norm_gn_b8,"GroupNorm, batch 8",normalization,2026,v2,False
19,1.4401385944154528,0.48764444444444444,1.3115239683151245,0.534,0.1,46.592849254608154,norm_gn_b8,"GroupNorm, batch 8",normalization,2026,v2,False
20,1.4273772623115115,0.4925777777777778,1.341818558692932,0.5178,0.1,45.77514982223511,norm_gn_b8,"GroupNorm, batch 8",normalization,2026,v2,False
1,2.3091160662757027,0.2341111111111111,1.7843050384521484,0.351,0.1,11.978819608688354,norm_gn_b32,"GroupNorm, batch 32",normalization,42,v2,False
2,1.6692806895150079,0.38884444444444444,1.512699077796936,0.448,0.1,11.865217685699463,norm_gn_b32,"GroupNorm, batch 32",normalization,42,v2,False
3,1.4556603797488743,0.47217777777777775,1.2978159286499023,0.5382,0.1,11.99829649925232,norm_gn_b32,"GroupNorm, batch 32",normalization,42,v2,False
4,1.2553775673760308,0.5507333333333333,1.1751296625137329,0.5846,0.1,11.84913682937622,norm_gn_b32,"GroupNorm, batch 32",normalization,42,v2,False
5,1.0829981403986613,0.6202444444444445,1.1186089483261108,0.6212,0.1,11.890905618667603,norm_gn_b32,"GroupNorm, batch 32",normalization,42,v2,False
6,0.9694235896746317,0.6633333333333333,1.0413582832336425,0.644,0.1,11.907828092575073,norm_gn_b32,"GroupNorm, batch 32",normalization,42,v2,False
7,0.8862584779845344,0.6924666666666667,0.9249305206298828,0.682,0.1,11.95450496673584,norm_gn_b32,"GroupNorm, batch 32",normalization,42,v2,False
8,0.839938313208686,0.7085555555555556,0.8401951120376587,0.7126,0.1,12.119745969772339,norm_gn_b32,"GroupNorm, batch 32",normalization,42,v2,False
9,0.8045138103061252,0.7228888888888889,0.7977495536804199,0.7254,0.1,12.032305717468262,norm_gn_b32,"GroupNorm, batch 32",normalization,42,v2,False
10,0.7658209161970351,0.7357333333333334,0.8837774255752563,0.7056,0.1,11.870685338973999,norm_gn_b32,"GroupNorm, batch 32",normalization,42,v2,False
11,0.7377647592756483,0.7471555555555556,0.750352149963379,0.7438,0.1,12.718005895614624,norm_gn_b32,"GroupNorm, batch 32",normalization,42,v2,False
12,0.7198243245813581,0.7508222222222222,0.7917822441101074,0.7318,0.1,12.13377833366394,norm_gn_b32,"GroupNorm, batch 32",normalization,42,v2,False
13,0.6974991394466824,0.7596444444444445,0.8896098874092102,0.702,0.1,11.751839876174927,norm_gn_b32,"GroupNorm, batch 32",normalization,42,v2,False
14,0.6864757668707105,0.7631777777777777,0.7799420469284057,0.7254,0.1,11.90701174736023,norm_gn_b32,"GroupNorm, batch 32",normalization,42,v2,False
15,0.6703004645347596,0.7708222222222222,0.9008399683952332,0.6946,0.1,11.874990463256836,norm_gn_b32,"GroupNorm, batch 32",normalization,42,v2,False
16,0.6599879087766012,0.7735333333333333,0.7697293522834778,0.7382,0.1,11.821800470352173,norm_gn_b32,"GroupNorm, batch 32",normalization,42,v2,False
17,0.655982941669888,0.7765777777777778,0.7450827735900879,0.751,0.1,12.012052059173584,norm_gn_b32,"GroupNorm, batch 32",normalization,42,v2,False
18,0.6436976270357768,0.7804,0.8078117764472962,0.7238,0.1,11.947374820709229,norm_gn_b32,"GroupNorm, batch 32",normalization,42,v2,False
19,0.6391875015020371,0.7827555555555555,0.7632899389266968,0.7428,0.1,12.871623516082764,norm_gn_b32,"GroupNorm, batch 32",normalization,42,v2,False
20,0.6286788710806105,0.7844444444444445,0.7773346318244934,0.7398,0.1,12.200589656829834,norm_gn_b32,"GroupNorm, batch 32",normalization,42,v2,False
1,2.2320054779052736,0.24246666666666666,1.7579153554916382,0.3464,0.1,11.92472529411316,norm_gn_b32,"GroupNorm, batch 32",normalization,2026,v2,False
2,1.685223376083374,0.37622222222222224,1.6791220344543456,0.377,0.1,12.732937574386597,norm_gn_b32,"GroupNorm, batch 32",normalization,2026,v2,False
3,1.4848832018958198,0.4567555555555556,1.547854479598999,0.449,0.1,12.56670355796814,norm_gn_b32,"GroupNorm, batch 32",normalization,2026,v2,False
4,1.2834517082214356,0.5408222222222222,1.2232643173217774,0.5566,0.1,12.362777948379517,norm_gn_b32,"GroupNorm, batch 32",normalization,2026,v2,False
5,1.0969327969021267,0.6140666666666666,1.1175196973800658,0.5864,0.1,12.749627828598022,norm_gn_b32,"GroupNorm, batch 32",normalization,2026,v2,False
6,0.993369956641727,0.6500444444444444,0.891120928478241,0.6888,0.1,13.036514282226562,norm_gn_b32,"GroupNorm, batch 32",normalization,2026,v2,False
7,0.9239085346433852,0.6785111111111111,0.9053558625221253,0.6886,0.1,12.638672351837158,norm_gn_b32,"GroupNorm, batch 32",normalization,2026,v2,False
8,0.8610060915840997,0.7011555555555555,0.8419424898147583,0.711,0.1,12.744446992874146,norm_gn_b32,"GroupNorm, batch 32",normalization,2026,v2,False
9,0.8187622519387139,0.7159777777777778,0.7689766973495483,0.7344,0.1,12.099548578262329,norm_gn_b32,"GroupNorm, batch 32",normalization,2026,v2,False
10,0.7807033831490411,0.7306666666666667,0.8476666387557983,0.7072,0.1,11.940762519836426,norm_gn_b32,"GroupNorm, batch 32",normalization,2026,v2,False
11,0.7544519428200192,0.7413333333333333,0.7124051120758057,0.7578,0.1,12.001460075378418,norm_gn_b32,"GroupNorm, batch 32",normalization,2026,v2,False
12,0.7264436496416727,0.7492444444444445,0.8129634025573731,0.7228,0.1,12.988281488418579,norm_gn_b32,"GroupNorm, batch 32",normalization,2026,v2,False
13,0.7162932191107009,0.7539111111111111,0.7485074371337891,0.743,0.1,12.616852283477783,norm_gn_b32,"GroupNorm, batch 32",normalization,2026,v2,False
14,0.6816392871220907,0.7662444444444444,0.9190330780982972,0.6874,0.1,11.85715651512146,norm_gn_b32,"GroupNorm, batch 32",normalization,2026,v2,False
15,0.6781496361891428,0.7680888888888889,0.7721374087333679,0.7414,0.1,11.847118377685547,norm_gn_b32,"GroupNorm, batch 32",normalization,2026,v2,False
16,0.6643422278616163,0.7744666666666666,0.9333457189559936,0.6954,0.1,11.898593664169312,norm_gn_b32,"GroupNorm, batch 32",normalization,2026,v2,False
17,0.6510136281755236,0.7781777777777777,0.7111429693222046,0.7604,0.1,11.91524863243103,norm_gn_b32,"GroupNorm, batch 32",normalization,2026,v2,False
18,0.6412288394716051,0.783,0.7298621001243591,0.7522,0.1,11.899809837341309,norm_gn_b32,"GroupNorm, batch 32",normalization,2026,v2,False
19,0.6332396106084188,0.7843111111111111,0.6453125170230866,0.7796,0.1,11.823525190353394,norm_gn_b32,"GroupNorm, batch 32",normalization,2026,v2,False
20,0.6218421002070109,0.7888,0.8311943995475769,0.7196,0.1,11.891489744186401,norm_gn_b32,"GroupNorm, batch 32",normalization,2026,v2,False
1,3.2428319768693714,0.14857777777777778,2.0552901527404783,0.2292,0.1,5.289674282073975,norm_gn_b128,"GroupNorm, batch 128",normalization,42,v2,False
2,1.9526844771279228,0.2601777777777778,1.8429687753677368,0.3054,0.1,5.255095481872559,norm_gn_b128,"GroupNorm, batch 128",normalization,42,v2,False
3,1.7554826992034913,0.3443555555555556,1.650627887916565,0.3898,0.1,5.283539533615112,norm_gn_b128,"GroupNorm, batch 128",normalization,42,v2,False
4,1.5837523409949408,0.4175333333333333,1.5658436687469481,0.4322,0.1,5.299466609954834,norm_gn_b128,"GroupNorm, batch 128",normalization,42,v2,False
5,1.444322071117825,0.47155555555555556,1.374720862388611,0.503,0.1,5.416313886642456,norm_gn_b128,"GroupNorm, batch 128",normalization,42,v2,False
6,1.3055007050408258,0.523,1.2975096694946289,0.5328,0.1,5.41482400894165,norm_gn_b128,"GroupNorm, batch 128",normalization,42,v2,False
7,1.1761700730217828,0.5746,1.250526767349243,0.5456,0.1,5.458452224731445,norm_gn_b128,"GroupNorm, batch 128",normalization,42,v2,False
8,1.0746310578664144,0.6154666666666667,1.2599582418441773,0.5618,0.1,5.422257900238037,norm_gn_b128,"GroupNorm, batch 128",normalization,42,v2,False
9,0.9767118399302165,0.6540222222222222,0.9899004217147828,0.654,0.1,5.288455247879028,norm_gn_b128,"GroupNorm, batch 128",normalization,42,v2,False
10,0.8945693044344584,0.6842666666666667,0.9445962555885314,0.6622,0.1,5.4710047245025635,norm_gn_b128,"GroupNorm, batch 128",normalization,42,v2,False
11,0.8087039215511745,0.7154222222222222,0.7894090674400329,0.7296,0.1,5.704575300216675,norm_gn_b128,"GroupNorm, batch 128",normalization,42,v2,False
12,0.7457801155938043,0.7390444444444444,0.9136157934188843,0.6788,0.1,5.335222959518433,norm_gn_b128,"GroupNorm, batch 128",normalization,42,v2,False
13,0.6764585630204942,0.7636,0.7792590791702271,0.7282,0.1,5.406243085861206,norm_gn_b128,"GroupNorm, batch 128",normalization,42,v2,False
14,0.6202672008514404,0.7833333333333333,0.7199587856292725,0.754,0.1,5.311816215515137,norm_gn_b128,"GroupNorm, batch 128",normalization,42,v2,False
15,0.5860376373608908,0.7951555555555555,0.6661064558029175,0.7718,0.1,5.2960357666015625,norm_gn_b128,"GroupNorm, batch 128",normalization,42,v2,False
16,0.5354727133433024,0.8110222222222222,0.6368733427524567,0.7828,0.1,5.328108072280884,norm_gn_b128,"GroupNorm, batch 128",normalization,42,v2,False
17,0.5115686282369826,0.8230222222222222,0.6291222352981567,0.789,0.1,5.333005428314209,norm_gn_b128,"GroupNorm, batch 128",normalization,42,v2,False
18,0.4708810406896803,0.8358666666666666,0.6366050207138062,0.7898,0.1,5.337285757064819,norm_gn_b128,"GroupNorm, batch 128",normalization,42,v2,False
19,0.4467124252292845,0.8450666666666666,0.615444059753418,0.7942,0.1,5.253857612609863,norm_gn_b128,"GroupNorm, batch 128",normalization,42,v2,False
20,0.4125651102595859,0.8570444444444445,0.5693490449428559,0.8098,0.1,5.308663368225098,norm_gn_b128,"GroupNorm, batch 128",normalization,42,v2,False
1,3.1226158440907796,0.1845111111111111,2.0591027976989746,0.2414,0.1,5.322932720184326,norm_gn_b128,"GroupNorm, batch 128",normalization,2026,v2,False
2,1.8620099277496338,0.31066666666666665,1.7491502424240113,0.3624,0.1,5.2496137619018555,norm_gn_b128,"GroupNorm, batch 128",normalization,2026,v2,False
3,1.595514218436347,0.41275555555555554,1.4744834468841552,0.4592,0.1,5.365462303161621,norm_gn_b128,"GroupNorm, batch 128",normalization,2026,v2,False
4,1.4419296738094753,0.4728222222222222,1.348660231781006,0.5114,0.1,5.375462770462036,norm_gn_b128,"GroupNorm, batch 128",normalization,2026,v2,False
5,1.2523203233506945,0.5458666666666666,1.2361312820434571,0.5388,0.1,5.3350160121917725,norm_gn_b128,"GroupNorm, batch 128",normalization,2026,v2,False
6,1.0869367977990045,0.6091333333333333,1.0102829278945922,0.649,0.1,5.3279640674591064,norm_gn_b128,"GroupNorm, batch 128",normalization,2026,v2,False
7,0.9645117589208815,0.6607333333333333,0.96835121717453,0.6488,0.1,5.328723430633545,norm_gn_b128,"GroupNorm, batch 128",normalization,2026,v2,False
8,0.8314091781192355,0.7089333333333333,0.8145269040107727,0.7164,0.1,5.324290990829468,norm_gn_b128,"GroupNorm, batch 128",normalization,2026,v2,False
9,0.7534972358067831,0.7384222222222222,0.7732451687812805,0.7254,0.1,5.319441080093384,norm_gn_b128,"GroupNorm, batch 128",normalization,2026,v2,False
10,0.6831381610022651,0.7614222222222222,0.7079039147377014,0.7612,0.1,5.2484660148620605,norm_gn_b128,"GroupNorm, batch 128",normalization,2026,v2,False
11,0.6127943608178033,0.7878,0.7030523065567017,0.7544,0.1,5.322053909301758,norm_gn_b128,"GroupNorm, batch 128",normalization,2026,v2,False
12,0.5525972683800592,0.8084444444444444,0.6433595115661621,0.7834,0.1,5.314467906951904,norm_gn_b128,"GroupNorm, batch 128",normalization,2026,v2,False
13,0.5126926473617553,0.8222666666666667,0.6466278983116149,0.7826,0.1,5.331851243972778,norm_gn_b128,"GroupNorm, batch 128",normalization,2026,v2,False
14,0.45098782086902195,0.844,0.6864447282791137,0.767,0.1,5.501563787460327,norm_gn_b128,"GroupNorm, batch 128",normalization,2026,v2,False
15,0.41866334518856474,0.8534444444444444,0.6988708049774169,0.773,0.1,5.388572931289673,norm_gn_b128,"GroupNorm, batch 128",normalization,2026,v2,False
16,0.3929867635515001,0.8618444444444444,0.6564831082344055,0.782,0.1,5.33027195930481,norm_gn_b128,"GroupNorm, batch 128",normalization,2026,v2,False
17,0.36125759751001996,0.8739777777777777,0.6282595714569091,0.7984,0.1,5.398187160491943,norm_gn_b128,"GroupNorm, batch 128",normalization,2026,v2,False
18,0.34021915147834353,0.8805777777777778,0.6784477301597596,0.788,0.1,5.446993589401245,norm_gn_b128,"GroupNorm, batch 128",normalization,2026,v2,False
19,0.31810516334109834,0.8887333333333334,0.6268376245498657,0.8094,0.1,5.408154726028442,norm_gn_b128,"GroupNorm, batch 128",normalization,2026,v2,False
20,0.2832055991066827,0.9013777777777778,0.6101083201408386,0.8044,0.1,5.484838485717773,norm_gn_b128,"GroupNorm, batch 128",normalization,2026,v2,False
1,1.7244507892608643,0.38408888888888887,1.3854756113052369,0.4864,0.05,5.298982381820679,sched_constant_warm,Constant + warm-up,schedule,42,v2,False
2,1.160257434601254,0.5824666666666667,1.074676413154602,0.6258,0.1,5.266092538833618,sched_constant_warm,Constant + warm-up,schedule,42,v2,False
3,0.7930749730851915,0.7214444444444444,0.7738307887077331,0.7282,0.1,5.294787406921387,sched_constant_warm,Constant + warm-up,schedule,42,v2,False
4,0.6230539717356364,0.7823777777777777,0.7767576879501342,0.729,0.1,5.168745279312134,sched_constant_warm,Constant + warm-up,schedule,42,v2,False
5,0.5236599871317545,0.8188,0.8336022786140442,0.7274,0.1,5.250345468521118,sched_constant_warm,Constant + warm-up,schedule,42,v2,False
6,0.4526524698681302,0.8445555555555555,0.6921179340362549,0.7734,0.1,5.243931293487549,sched_constant_warm,Constant + warm-up,schedule,42,v2,False
7,0.39859998734792074,0.8604222222222222,0.7323950770378113,0.7726,0.1,5.2320520877838135,sched_constant_warm,Constant + warm-up,schedule,42,v2,False
8,0.34133934139675565,0.8808,0.7100290525436401,0.7668,0.1,5.1944029331207275,sched_constant_warm,Constant + warm-up,schedule,42,v2,False
9,0.3105200755596161,0.8902888888888889,0.7205933630943299,0.7808,0.1,5.117920637130737,sched_constant_warm,Constant + warm-up,schedule,42,v2,False
10,0.2769851558632321,0.9038,0.6172200654983521,0.8012,0.1,5.184368133544922,sched_constant_warm,Constant + warm-up,schedule,42,v2,False
11,0.2456520858446757,0.9145555555555556,0.6523183573246002,0.7966,0.1,5.2771079540252686,sched_constant_warm,Constant + warm-up,schedule,42,v2,False
12,0.23225624728732638,0.9193777777777777,0.8293517566680908,0.769,0.1,5.229806661605835,sched_constant_warm,Constant + warm-up,schedule,42,v2,False
13,0.22150781263775296,0.9213111111111111,0.8757858587265015,0.7686,0.1,5.22553277015686,sched_constant_warm,Constant + warm-up,schedule,42,v2,False
14,0.20876173974143133,0.9265555555555556,0.8525940488815308,0.771,0.1,5.135784149169922,sched_constant_warm,Constant + warm-up,schedule,42,v2,False
15,0.19461761620839438,0.932,0.7829342195510864,0.774,0.1,5.158813714981079,sched_constant_warm,Constant + warm-up,schedule,42,v2,False
16,0.18599004612498812,0.9353333333333333,0.6902844902038574,0.8028,0.1,5.206463813781738,sched_constant_warm,Constant + warm-up,schedule,42,v2,False
17,0.17475405495431687,0.9390444444444445,0.7962822513580322,0.7836,0.1,5.092851161956787,sched_constant_warm,Constant + warm-up,schedule,42,v2,False
18,0.16846451180246141,0.9418666666666666,0.7191755102157593,0.7908,0.1,5.199404001235962,sched_constant_warm,Constant + warm-up,schedule,42,v2,False
19,0.17193459871345096,0.9398,0.8912678273200989,0.771,0.1,5.1285929679870605,sched_constant_warm,Constant + warm-up,schedule,42,v2,False
20,0.16035383350054422,0.9440888888888889,0.7999890260696411,0.7964,0.1,5.095784902572632,sched_constant_warm,Constant + warm-up,schedule,42,v2,False
1,1.6397428906546698,0.4136666666666667,1.3867094327926637,0.5068,0.05,5.173495531082153,sched_constant_warm,Constant + warm-up,schedule,2026,v2,False
2,1.0950702516979642,0.6091555555555556,1.0570393371582032,0.6288,0.1,5.1038291454315186,sched_constant_warm,Constant + warm-up,schedule,2026,v2,False
3,0.7616204167048136,0.7336444444444444,0.8093211595535278,0.7156,0.1,5.229873418807983,sched_constant_warm,Constant + warm-up,schedule,2026,v2,False
4,0.6021746039602491,0.7913777777777777,0.6765048867225647,0.7722,0.1,5.329899072647095,sched_constant_warm,Constant + warm-up,schedule,2026,v2,False
5,0.5108978047158983,0.8229111111111111,0.7163726497650147,0.761,0.1,5.18517541885376,sched_constant_warm,Constant + warm-up,schedule,2026,v2,False
6,0.43347425927056205,0.8507555555555556,0.7286929258346557,0.7472,0.1,5.199774980545044,sched_constant_warm,Constant + warm-up,schedule,2026,v2,False
7,0.38614387498696645,0.8673777777777778,0.8634344345092774,0.7302,0.1,5.170668363571167,sched_constant_warm,Constant + warm-up,schedule,2026,v2,False
8,0.3460330728848775,0.8788,0.6349865196228027,0.789,0.1,5.174271106719971,sched_constant_warm,Constant + warm-up,schedule,2026,v2,False
9,0.3126247921201918,0.8897777777777778,0.645297717666626,0.8032,0.1,5.202597379684448,sched_constant_warm,Constant + warm-up,schedule,2026,v2,False
10,0.2773200392829047,0.903,0.6958731373786926,0.7906,0.1,5.154215574264526,sched_constant_warm,Constant + warm-up,schedule,2026,v2,False
11,0.2553057849407196,0.9105555555555556,0.6482076128005981,0.8022,0.1,5.177841663360596,sched_constant_warm,Constant + warm-up,schedule,2026,v2,False
12,0.23655062006844416,0.9179333333333334,0.6639994322776794,0.8008,0.1,5.160277843475342,sched_constant_warm,Constant + warm-up,schedule,2026,v2,False
13,0.22018238072925145,0.9240888888888888,0.7923625811576843,0.7682,0.1,5.161310911178589,sched_constant_warm,Constant + warm-up,schedule,2026,v2,False
14,0.20948183211750454,0.9275555555555556,0.7932420665740967,0.791,0.1,5.210296630859375,sched_constant_warm,Constant + warm-up,schedule,2026,v2,False
15,0.19529588916566637,0.9320666666666667,0.7567239750862121,0.7732,0.1,5.155244588851929,sched_constant_warm,Constant + warm-up,schedule,2026,v2,False
16,0.18856659157541064,0.9339777777777778,0.8416861745834351,0.7704,0.1,5.174685001373291,sched_constant_warm,Constant + warm-up,schedule,2026,v2,False
17,0.1811842849201626,0.9369333333333333,0.6544874401569366,0.8102,0.1,5.187373161315918,sched_constant_warm,Constant + warm-up,schedule,2026,v2,False
18,0.17082873152626885,0.941,0.7007985915660858,0.8056,0.1,5.21936821937561,sched_constant_warm,Constant + warm-up,schedule,2026,v2,False
19,0.16947484232054816,0.9413555555555555,0.6846765773773194,0.8042,0.1,5.190815210342407,sched_constant_warm,Constant + warm-up,schedule,2026,v2,False
20,0.16551792694197762,0.9420666666666667,0.6692119839668274,0.807,0.1,5.146555423736572,sched_constant_warm,Constant + warm-up,schedule,2026,v2,False
1,2.21531806579166,0.22495555555555555,1.7579588005065918,0.3348,0.1,5.161145925521851,sched_step,Step decay,schedule,42,v2,False
2,1.577937663989597,0.4134888888888889,1.4729550008773804,0.4574,0.1,5.1252076625823975,sched_step,Step decay,schedule,42,v2,False
3,1.3201724418004355,0.5186222222222222,1.3204185104370116,0.5234,0.1,5.235211372375488,sched_step,Step decay,schedule,42,v2,False
4,1.1141771331681145,0.5999777777777778,1.128609687614441,0.5942,0.1,5.305147409439087,sched_step,Step decay,schedule,42,v2,False
5,0.9511460275438097,0.6600222222222222,1.0309784691810608,0.6394,0.1,5.260039567947388,sched_step,Step decay,schedule,42,v2,False
6,0.794863184674581,0.7174666666666667,0.8697588648796082,0.6946,0.1,5.331270456314087,sched_step,Step decay,schedule,42,v2,False
7,0.6648354511684842,0.7653111111111112,0.7675120662689209,0.7324,0.1,5.239145755767822,sched_step,Step decay,schedule,42,v2,False
8,0.38681408196555245,0.8678444444444444,0.5442598979949951,0.812,0.010000000000000002,5.260722637176514,sched_step,Step decay,schedule,42,v2,False
9,0.29740287267367044,0.8996,0.5388963738441467,0.8172,0.010000000000000002,5.2051897048950195,sched_step,Step decay,schedule,42,v2,False
10,0.2372182930310567,0.9215777777777778,0.5360440214633941,0.822,0.010000000000000002,5.339154005050659,sched_step,Step decay,schedule,42,v2,False
11,0.1764146896176868,0.9433333333333334,0.5539064510345459,0.822,0.010000000000000002,5.2310099601745605,sched_step,Step decay,schedule,42,v2,False
12,0.119544627043936,0.9640666666666666,0.5835062961101531,0.8222,0.010000000000000002,5.157724857330322,sched_step,Step decay,schedule,42,v2,False
13,0.07119655167129305,0.9810444444444445,0.6454136544704437,0.8184,0.010000000000000002,5.167485475540161,sched_step,Step decay,schedule,42,v2,False
14,0.03939779590666294,0.9920444444444444,0.6712749128818511,0.8222,0.010000000000000002,5.161559104919434,sched_step,Step decay,schedule,42,v2,False
15,0.016248825362324713,0.9984222222222222,0.6500359977722168,0.8306,0.0010000000000000002,5.175570726394653,sched_step,Step decay,schedule,42,v2,False
16,0.010723980327447256,0.9996222222222222,0.6557268790721893,0.8308,0.0010000000000000002,5.134516716003418,sched_step,Step decay,schedule,42,v2,False
17,0.009593380145231882,0.9995555555555555,0.6558099793434143,0.83,0.0010000000000000002,5.236898183822632,sched_step,Step decay,schedule,42,v2,False
18,0.007958084112736914,0.9998222222222222,0.6644441290855407,0.8326,0.0010000000000000002,5.115204572677612,sched_step,Step decay,schedule,42,v2,False
19,0.007482861609591378,0.9997111111111111,0.665430354976654,0.833,0.0010000000000000002,5.171407222747803,sched_step,Step decay,schedule,42,v2,False
20,0.006906612636976772,0.9998666666666667,0.6682016442298889,0.831,0.0010000000000000002,5.195302486419678,sched_step,Step decay,schedule,42,v2,False
1,1.858464543639289,0.34484444444444445,1.4934922918319702,0.4556,0.1,5.197550058364868,sched_step,Step decay,schedule,2026,v2,False
2,1.290386769188775,0.5292222222222223,1.1964895027160645,0.573,0.1,5.108158349990845,sched_step,Step decay,schedule,2026,v2,False
3,0.9789213823106554,0.6513111111111111,0.9955304420471192,0.6442,0.1,5.200678110122681,sched_step,Step decay,schedule,2026,v2,False
4,0.7514426669120788,0.7362,0.7278708915710449,0.7478,0.1,5.129173755645752,sched_step,Step decay,schedule,2026,v2,False
5,0.6073045613606771,0.7876666666666666,0.6674847883224487,0.7676,0.1,5.123887538909912,sched_step,Step decay,schedule,2026,v2,False
6,0.5061514835781521,0.8254,0.6527916269302368,0.7802,0.1,5.177640914916992,sched_step,Step decay,schedule,2026,v2,False
7,0.4404804656558567,0.8468888888888889,0.6911898953437805,0.7596,0.1,5.139495134353638,sched_step,Step decay,schedule,2026,v2,False
8,0.1748845715827412,0.9414222222222223,0.5079483647346497,0.8402,0.010000000000000002,5.138329029083252,sched_step,Step decay,schedule,2026,v2,False
9,0.08844613563285933,0.9722,0.5325446087837219,0.845,0.010000000000000002,5.170187950134277,sched_step,Step decay,schedule,2026,v2,False
10,0.04621142517195807,0.9881777777777778,0.5806764142036438,0.8428,0.010000000000000002,5.382258176803589,sched_step,Step decay,schedule,2026,v2,False
11,0.022697896562682257,0.9954888888888889,0.58938326587677,0.851,0.010000000000000002,5.073383331298828,sched_step,Step decay,schedule,2026,v2,False
12,0.012307325560185644,0.9984,0.6308722544670105,0.8444,0.010000000000000002,5.1442999839782715,sched_step,Step decay,schedule,2026,v2,False
13,0.006952283082985216,0.9995111111111111,0.6518083252429963,0.848,0.010000000000000002,5.197958469390869,sched_step,Step decay,schedule,2026,v2,False
14,0.004651692072716024,0.9998888888888889,0.6632012501239777,0.8472,0.010000000000000002,5.175081014633179,sched_step,Step decay,schedule,2026,v2,False
15,0.003367198951376809,0.9999777777777777,0.6635400422096253,0.8466,0.0010000000000000002,5.144480466842651,sched_step,Step decay,schedule,2026,v2,False
16,0.003120909501446618,1.0,0.6623689836025238,0.8466,0.0010000000000000002,5.194014310836792,sched_step,Step decay,schedule,2026,v2,False
17,0.0030438157682617507,0.9999777777777777,0.6592213349342346,0.8452,0.0010000000000000002,5.142024517059326,sched_step,Step decay,schedule,2026,v2,False
18,0.002891603218267361,1.0,0.6603788419723511,0.8464,0.0010000000000000002,5.171788215637207,sched_step,Step decay,schedule,2026,v2,False
19,0.002704917423468497,1.0,0.6619055357933045,0.8472,0.0010000000000000002,5.2150866985321045,sched_step,Step decay,schedule,2026,v2,False
20,0.002896783909201622,0.9999777777777777,0.6631928333282471,0.846,0.0010000000000000002,5.180879831314087,sched_step,Step decay,schedule,2026,v2,False
1,1.7244507892608643,0.38408888888888887,1.3854756113052369,0.4864,0.05,5.838374137878418,sched_step_warm,Step decay + warm-up,schedule,42,v2,False
2,1.160257434601254,0.5824666666666667,1.074676413154602,0.6258,0.1,5.1110193729400635,sched_step_warm,Step decay + warm-up,schedule,42,v2,False
3,0.7930749730851915,0.7214444444444444,0.7738307887077331,0.7282,0.1,5.194529056549072,sched_step_warm,Step decay + warm-up,schedule,42,v2,False
4,0.6230539717356364,0.7823777777777777,0.7767576879501342,0.729,0.1,5.219863653182983,sched_step_warm,Step decay + warm-up,schedule,42,v2,False
5,0.5236599871317545,0.8188,0.8336022786140442,0.7274,0.1,5.168726682662964,sched_step_warm,Step decay + warm-up,schedule,42,v2,False
6,0.4526524698681302,0.8445555555555555,0.6921179340362549,0.7734,0.1,5.1634132862091064,sched_step_warm,Step decay + warm-up,schedule,42,v2,False
7,0.39859998734792074,0.8604222222222222,0.7323950770378113,0.7726,0.1,5.176069498062134,sched_step_warm,Step decay + warm-up,schedule,42,v2,False
8,0.34133934139675565,0.8808,0.7100290525436401,0.7668,0.1,5.1416356563568115,sched_step_warm,Step decay + warm-up,schedule,42,v2,False
9,0.3105200755596161,0.8902888888888889,0.7205933630943299,0.7808,0.1,5.192898273468018,sched_step_warm,Step decay + warm-up,schedule,42,v2,False
10,0.10095070048438178,0.9665333333333334,0.4904217426300049,0.8598,0.010000000000000002,5.165791988372803,sched_step_warm,Step decay + warm-up,schedule,42,v2,False
11,0.03752395217286216,0.9900888888888889,0.5209205541133881,0.8622,0.010000000000000002,5.192202568054199,sched_step_warm,Step decay + warm-up,schedule,42,v2,False
12,0.018694458119736777,0.9964444444444445,0.5473447374343872,0.8642,0.010000000000000002,5.10356330871582,sched_step_warm,Step decay + warm-up,schedule,42,v2,False
13,0.0104672153900067,0.9985777777777778,0.5675745176315308,0.8646,0.010000000000000002,5.167549133300781,sched_step_warm,Step decay + warm-up,schedule,42,v2,False
14,0.006617007513923777,0.9993555555555556,0.5849691445350647,0.8618,0.010000000000000002,5.178951263427734,sched_step_warm,Step decay + warm-up,schedule,42,v2,False
15,0.00473565282209052,0.9997333333333334,0.595705601644516,0.8602,0.010000000000000002,5.175182819366455,sched_step_warm,Step decay + warm-up,schedule,42,v2,False
16,0.0035244445318149196,0.9998222222222222,0.6183464588165283,0.862,0.010000000000000002,5.135769844055176,sched_step_warm,Step decay + warm-up,schedule,42,v2,False
17,0.0028590187903907564,0.9999777777777777,0.611300526714325,0.864,0.0010000000000000002,5.173243761062622,sched_step_warm,Step decay + warm-up,schedule,42,v2,False
18,0.0025614937795533075,0.9999777777777777,0.6115200665950775,0.864,0.0010000000000000002,5.165361166000366,sched_step_warm,Step decay + warm-up,schedule,42,v2,False
19,0.0026019324039419493,0.9999777777777777,0.6100616315841675,0.864,0.0010000000000000002,5.17158317565918,sched_step_warm,Step decay + warm-up,schedule,42,v2,False
20,0.002498872736675872,1.0,0.6083591869354248,0.864,0.0010000000000000002,5.181339979171753,sched_step_warm,Step decay + warm-up,schedule,42,v2,False
1,1.6397428906546698,0.4136666666666667,1.3867094327926637,0.5068,0.05,5.201994895935059,sched_step_warm,Step decay + warm-up,schedule,2026,v2,False
2,1.0950702516979642,0.6091555555555556,1.0570393371582032,0.6288,0.1,5.129167795181274,sched_step_warm,Step decay + warm-up,schedule,2026,v2,False
3,0.7616204167048136,0.7336444444444444,0.8093211595535278,0.7156,0.1,5.172105550765991,sched_step_warm,Step decay + warm-up,schedule,2026,v2,False
4,0.6021746039602491,0.7913777777777777,0.6765048867225647,0.7722,0.1,5.177721261978149,sched_step_warm,Step decay + warm-up,schedule,2026,v2,False
5,0.5108978047158983,0.8229111111111111,0.7163726497650147,0.761,0.1,5.142941236495972,sched_step_warm,Step decay + warm-up,schedule,2026,v2,False
6,0.43347425927056205,0.8507555555555556,0.7286929258346557,0.7472,0.1,5.184357404708862,sched_step_warm,Step decay + warm-up,schedule,2026,v2,False
7,0.38614387498696645,0.8673777777777778,0.8634344345092774,0.7302,0.1,5.158577919006348,sched_step_warm,Step decay + warm-up,schedule,2026,v2,False
8,0.3460330728848775,0.8788,0.6349865196228027,0.789,0.1,5.130391836166382,sched_step_warm,Step decay + warm-up,schedule,2026,v2,False
9,0.3126247921201918,0.8897777777777778,0.645297717666626,0.8032,0.1,5.181551933288574,sched_step_warm,Step decay + warm-up,schedule,2026,v2,False
10,0.09758270143071811,0.9669777777777778,0.49649261918067933,0.859,0.010000000000000002,5.1446967124938965,sched_step_warm,Step decay + warm-up,schedule,2026,v2,False
11,0.03559226832257377,0.9905111111111111,0.524691015291214,0.8638,0.010000000000000002,5.206324815750122,sched_step_warm,Step decay + warm-up,schedule,2026,v2,False
12,0.017491259995599587,0.9962444444444445,0.5613233889102935,0.861,0.010000000000000002,5.154505491256714,sched_step_warm,Step decay + warm-up,schedule,2026,v2,False
13,0.009803428883685007,0.9984222222222222,0.5788742191314697,0.8644,0.010000000000000002,5.101539373397827,sched_step_warm,Step decay + warm-up,schedule,2026,v2,False
14,0.006516143538637294,0.9992222222222222,0.5973953656673432,0.8632,0.010000000000000002,5.134477376937866,sched_step_warm,Step decay + warm-up,schedule,2026,v2,False
15,0.004597148420744472,0.9996222222222222,0.6072535955905914,0.8638,0.010000000000000002,5.1922712326049805,sched_step_warm,Step decay + warm-up,schedule,2026,v2,False
16,0.0033626961091326344,0.9998888888888889,0.6143122953414917,0.8628,0.010000000000000002,5.192904233932495,sched_step_warm,Step decay + warm-up,schedule,2026,v2,False
17,0.0027238036806798644,0.9998888888888889,0.6128491183280945,0.8658,0.0010000000000000002,5.176936864852905,sched_step_warm,Step decay + warm-up,schedule,2026,v2,False
18,0.002556632491180466,0.9999111111111111,0.6153316480636597,0.863,0.0010000000000000002,5.188316822052002,sched_step_warm,Step decay + warm-up,schedule,2026,v2,False
19,0.002448674764401383,0.9998888888888889,0.6181638990402222,0.8632,0.0010000000000000002,5.21147608757019,sched_step_warm,Step decay + warm-up,schedule,2026,v2,False
20,0.0025161600533458923,0.9999333333333333,0.6136732303142548,0.8626,0.0010000000000000002,5.217221021652222,sched_step_warm,Step decay + warm-up,schedule,2026,v2,False
1,2.21531806579166,0.22495555555555555,1.7579588005065918,0.3348,0.1,5.202547550201416,sched_cosine,Cosine,schedule,42,v2,False
2,1.5784916809293958,0.41517777777777776,1.495640630531311,0.454,0.09931813336361911,5.138901710510254,sched_cosine,Cosine,schedule,42,v2,False
3,1.3206548352135552,0.5174888888888889,1.2602796445846558,0.5424,0.09729113299882323,5.647993803024292,sched_cosine,Cosine,schedule,42,v2,False
4,1.1088069083213805,0.6012222222222222,1.082510357093811,0.6136,0.09397429019156842,5.249154329299927,sched_cosine,Cosine,schedule,42,v2,False
5,0.9397858428107367,0.6640666666666667,0.9922468234062195,0.6488,0.08945807976727271,5.399014234542847,sched_cosine,Cosine,schedule,42,v2,False
6,0.7763711272557576,0.7261777777777778,0.8220036798477173,0.709,0.08386569217342893,5.153162002563477,sched_cosine,Cosine,schedule,42,v2,False
7,0.6369826942337884,0.7760666666666667,0.7872952062606812,0.727,0.07734967316533074,5.398566722869873,sched_cosine,Cosine,schedule,42,v2,False
8,0.5139049735811022,0.8185777777777777,0.64698497838974,0.7798,0.07008776275552522,5.435384273529053,sched_cosine,Cosine,schedule,42,v2,False
9,0.41044944552845425,0.8563555555555555,0.7249867071151733,0.7622,0.062278046929604265,5.600035667419434,sched_cosine,Cosine,schedule,42,v2,False
10,0.307460187429852,0.893,0.6839012333869934,0.78,0.05413355437688927,5.298370361328125,sched_cosine,Cosine,schedule,42,v2,False
11,0.2069979479153951,0.928,0.6405509583473206,0.8034,0.04587644562311076,5.393816709518433,sched_cosine,Cosine,schedule,42,v2,False
12,0.12493177656862471,0.9579333333333333,0.7009760898590088,0.8058,0.03773195307039576,5.385692119598389,sched_cosine,Cosine,schedule,42,v2,False
13,0.05704929405053456,0.9822888888888889,0.7069455432891846,0.8124,0.029922237244474806,5.396659851074219,sched_cosine,Cosine,schedule,42,v2,False
14,0.020670653934280078,0.9952222222222222,0.6449783500671387,0.8374,0.02266032683466928,5.379480600357056,sched_cosine,Cosine,schedule,42,v2,False
15,0.006393813380433454,0.9992,0.628931655406952,0.8466,0.016144307826571086,5.185633420944214,sched_cosine,Cosine,schedule,42,v2,False
16,0.002735213039815426,0.9997555555555555,0.6282116002082825,0.8452,0.010551920232727309,5.194952011108398,sched_cosine,Cosine,schedule,42,v2,False
17,0.0019866371057927607,0.9999333333333333,0.6202324606895446,0.848,0.006035709808431584,5.149118185043335,sched_cosine,Cosine,schedule,42,v2,False
18,0.0016435171958472995,0.9999777777777777,0.6252059205055237,0.848,0.0027188670011767716,5.175260305404663,sched_cosine,Cosine,schedule,42,v2,False
19,0.0015276001246853008,1.0,0.6239088928222656,0.8478,0.0006918666363808976,5.198293685913086,sched_cosine,Cosine,schedule,42,v2,False
20,0.0015286037554757463,0.9999777777777777,0.6246086211204529,0.8454,1e-05,5.271810531616211,sched_cosine,Cosine,schedule,42,v2,False
1,1.858464543639289,0.34484444444444445,1.4934922918319702,0.4556,0.1,5.213519811630249,sched_cosine,Cosine,schedule,2026,v2,False
2,1.2893535546196833,0.5295333333333333,1.1785977787017823,0.5806,0.09931813336361911,5.21201753616333,sched_cosine,Cosine,schedule,2026,v2,False
3,0.9771979995515612,0.6543333333333333,1.0370632595062257,0.6372,0.09729113299882323,5.277771472930908,sched_cosine,Cosine,schedule,2026,v2,False
4,0.7458258446587457,0.7383555555555555,0.7800715658187867,0.728,0.09397429019156842,5.275824546813965,sched_cosine,Cosine,schedule,2026,v2,False
5,0.596910407839881,0.7906444444444445,0.6787808349609376,0.76,0.08945807976727271,5.171609163284302,sched_cosine,Cosine,schedule,2026,v2,False
6,0.4799935849348704,0.8327555555555556,0.6692014206886292,0.7786,0.08386569217342893,5.301196336746216,sched_cosine,Cosine,schedule,2026,v2,False
7,0.3952983586629232,0.8611555555555556,0.6802695044517517,0.7746,0.07734967316533074,5.321786880493164,sched_cosine,Cosine,schedule,2026,v2,False
8,0.30343131699032255,0.8938666666666667,0.6910608249664306,0.7872,0.07008776275552522,5.260594129562378,sched_cosine,Cosine,schedule,2026,v2,False
9,0.23779430917104086,0.9157555555555555,0.7028109923362732,0.784,0.062278046929604265,5.264937400817871,sched_cosine,Cosine,schedule,2026,v2,False
10,0.1635876994503869,0.9421555555555555,0.6923361626625061,0.8082,0.05413355437688927,5.284913778305054,sched_cosine,Cosine,schedule,2026,v2,False
11,0.10693234074645572,0.9614888888888888,0.7263372411727905,0.807,0.04587644562311076,5.20487380027771,sched_cosine,Cosine,schedule,2026,v2,False
12,0.06301850777400865,0.9782222222222222,0.7650607602119446,0.8144,0.03773195307039576,5.218840599060059,sched_cosine,Cosine,schedule,2026,v2,False
13,0.027329652473661634,0.9918666666666667,0.7311540843963623,0.837,0.029922237244474806,5.2527313232421875,sched_cosine,Cosine,schedule,2026,v2,False
14,0.007773001849982473,0.9982222222222222,0.6942386216640473,0.8404,0.02266032683466928,5.41452956199646,sched_cosine,Cosine,schedule,2026,v2,False
15,0.002326747954222891,0.9998222222222222,0.6580806590557099,0.851,0.016144307826571086,5.288222074508667,sched_cosine,Cosine,schedule,2026,v2,False
16,0.0011894342450218067,0.9999555555555556,0.6522614382743835,0.853,0.010551920232727309,5.276013612747192,sched_cosine,Cosine,schedule,2026,v2,False
17,0.0009285040548692147,1.0,0.6408579629421234,0.8532,0.006035709808431584,5.261819124221802,sched_cosine,Cosine,schedule,2026,v2,False
18,0.0008473886111544239,1.0,0.642991649055481,0.853,0.0027188670011767716,5.2768027782440186,sched_cosine,Cosine,schedule,2026,v2,False
19,0.0007845782603033715,1.0,0.6443116861343384,0.8534,0.0006918666363808976,5.32745361328125,sched_cosine,Cosine,schedule,2026,v2,False
20,0.0008289621259603236,1.0,0.6443152798175812,0.853,1e-05,5.321170091629028,sched_cosine,Cosine,schedule,2026,v2,False
1,1.7244507892608643,0.38408888888888887,1.3854756113052369,0.4864,0.05,5.285901308059692,sched_cosine_warm,Cosine + warm-up,schedule,42,v2,False
2,1.160257434601254,0.5824666666666667,1.074676413154602,0.6258,0.1,5.291744947433472,sched_cosine_warm,Cosine + warm-up,schedule,42,v2,False
3,0.7930749730851915,0.7214444444444444,0.7738307887077331,0.7282,0.1,5.194578170776367,sched_cosine_warm,Cosine + warm-up,schedule,42,v2,False
4,0.6193130913416545,0.7834,0.7262886375427247,0.7426,0.09914874011869668,5.158055543899536,sched_cosine_warm,Cosine + warm-up,schedule,42,v2,False
5,0.5141794162750244,0.8227333333333333,0.9142220579147339,0.6994,0.09662394910907077,5.182643413543701,sched_cosine_warm,Cosine + warm-up,schedule,42,v2,False
6,0.43397375498877633,0.8487777777777777,0.7287692657470703,0.762,0.09251160570080207,5.111779689788818,sched_cosine_warm,Cosine + warm-up,schedule,42,v2,False
7,0.36343200013902455,0.8724888888888889,0.7606539762496948,0.757,0.08695175081644685,5.136978387832642,sched_cosine_warm,Cosine + warm-up,schedule,42,v2,False
8,0.28623036636776394,0.9006222222222222,0.6226570573329926,0.7958,0.08013371864578094,5.127514123916626,sched_cosine_warm,Cosine + warm-up,schedule,42,v2,False
9,0.2322819412390391,0.9177333333333333,0.74827475233078,0.7872,0.07228968909704804,5.164181232452393,sched_cosine_warm,Cosine + warm-up,schedule,42,v2,False
10,0.1777486630625195,0.9371333333333334,0.8243504580497741,0.7852,0.0636867811886538,5.15339469909668,sched_cosine_warm,Cosine + warm-up,schedule,42,v2,False
11,0.120435283697976,0.9577333333333333,0.6621933902740479,0.8144,0.054617956631367794,5.163575649261475,sched_cosine_warm,Cosine + warm-up,schedule,42,v2,False
12,0.07377681471241845,0.9747777777777777,0.6513339603424072,0.8348,0.04539204336863223,5.156066417694092,sched_cosine_warm,Cosine + warm-up,schedule,42,v2,False
13,0.035630634844965405,0.9883111111111111,0.6842196265220643,0.8358,0.036323218811346224,5.112882852554321,sched_cosine_warm,Cosine + warm-up,schedule,42,v2,False
14,0.011781485926442676,0.9966,0.598629052734375,0.8648,0.027720310902951975,5.187186002731323,sched_cosine_warm,Cosine + warm-up,schedule,42,v2,False
15,0.003063601342257526,0.9995111111111111,0.5705690570831299,0.8724,0.019876281354219084,5.213616609573364,sched_cosine_warm,Cosine + warm-up,schedule,42,v2,False
16,0.0012261532124959761,0.9999111111111111,0.5735271334648132,0.87,0.013058249183553155,5.463982820510864,sched_cosine_warm,Cosine + warm-up,schedule,42,v2,False
17,0.0009294936878141016,0.9999777777777777,0.5684849967479706,0.8708,0.007498394299197949,5.168689966201782,sched_cosine_warm,Cosine + warm-up,schedule,42,v2,False
18,0.0007922035456531578,0.9999777777777777,0.5667431828975678,0.871,0.003386050890929237,5.204107046127319,sched_cosine_warm,Cosine + warm-up,schedule,42,v2,False
19,0.000764782962637643,0.9999777777777777,0.566559135055542,0.871,0.0008612598813033303,5.237873315811157,sched_cosine_warm,Cosine + warm-up,schedule,42,v2,False
20,0.0007863068280327651,0.9999555555555556,0.5669061978340149,0.87,1e-05,5.235321760177612,sched_cosine_warm,Cosine + warm-up,schedule,42,v2,False
1,1.6397428906546698,0.4136666666666667,1.3867094327926637,0.5068,0.05,5.189403533935547,sched_cosine_warm,Cosine + warm-up,schedule,2026,v2,False
2,1.0950702516979642,0.6091555555555556,1.0570393371582032,0.6288,0.1,5.206483364105225,sched_cosine_warm,Cosine + warm-up,schedule,2026,v2,False
3,0.7616204167048136,0.7336444444444444,0.8093211595535278,0.7156,0.1,5.170287609100342,sched_cosine_warm,Cosine + warm-up,schedule,2026,v2,False
4,0.5989769288486905,0.7930888888888888,0.6318289793014527,0.7816,0.09914874011869668,5.176506757736206,sched_cosine_warm,Cosine + warm-up,schedule,2026,v2,False
5,0.5012509640799628,0.8258444444444445,0.6537005064964294,0.7786,0.09662394910907077,5.20196795463562,sched_cosine_warm,Cosine + warm-up,schedule,2026,v2,False
6,0.42013687120013765,0.8528888888888889,0.7525232719421386,0.7454,0.09251160570080207,5.2876763343811035,sched_cosine_warm,Cosine + warm-up,schedule,2026,v2,False
7,0.3524467588742574,0.8787111111111111,0.6702740511894226,0.778,0.08695175081644685,5.25257682800293,sched_cosine_warm,Cosine + warm-up,schedule,2026,v2,False
8,0.294379162563218,0.8956222222222222,0.6393780799865723,0.7976,0.08013371864578094,5.152045726776123,sched_cosine_warm,Cosine + warm-up,schedule,2026,v2,False
9,0.2336912072552575,0.9188666666666667,0.6438832613945007,0.7994,0.07228968909704804,5.179655075073242,sched_cosine_warm,Cosine + warm-up,schedule,2026,v2,False
10,0.17614257365332708,0.9367111111111112,0.7569898362159729,0.8054,0.0636867811886538,5.256361722946167,sched_cosine_warm,Cosine + warm-up,schedule,2026,v2,False
11,0.12505070925421186,0.9560444444444445,0.7147762731552124,0.8048,0.054617956631367794,5.353201389312744,sched_cosine_warm,Cosine + warm-up,schedule,2026,v2,False
12,0.07804625573555629,0.9726222222222223,0.7677207731246948,0.811,0.04539204336863223,5.204842567443848,sched_cosine_warm,Cosine + warm-up,schedule,2026,v2,False
13,0.03598430886268616,0.9884666666666667,0.7031160987854004,0.835,0.036323218811346224,5.124837160110474,sched_cosine_warm,Cosine + warm-up,schedule,2026,v2,False
14,0.013201976311807003,0.9964,0.6522162414550782,0.8564,0.027720310902951975,5.190283298492432,sched_cosine_warm,Cosine + warm-up,schedule,2026,v2,False
15,0.0033710312210851246,0.9994888888888889,0.6147956254005432,0.8624,0.019876281354219084,5.190128326416016,sched_cosine_warm,Cosine + warm-up,schedule,2026,v2,False
16,0.0013895507847993737,0.9999111111111111,0.6031246625900268,0.8644,0.013058249183553155,5.180357217788696,sched_cosine_warm,Cosine + warm-up,schedule,2026,v2,False
17,0.0010033300267118547,0.9999111111111111,0.60091281042099,0.8646,0.007498394299197949,5.308377742767334,sched_cosine_warm,Cosine + warm-up,schedule,2026,v2,False
18,0.0008971873179285062,0.9999333333333333,0.600811117219925,0.865,0.003386050890929237,5.227599620819092,sched_cosine_warm,Cosine + warm-up,schedule,2026,v2,False
19,0.0007768126657439603,0.9999777777777777,0.6041830493927002,0.8646,0.0008612598813033303,5.289915084838867,sched_cosine_warm,Cosine + warm-up,schedule,2026,v2,False
20,0.0007951149596315292,0.9999777777777777,0.6002429078578949,0.864,1e-05,5.1784093379974365,sched_cosine_warm,Cosine + warm-up,schedule,2026,v2,False
1,2.1902608760409885,0.2412,1.675061701965332,0.3888,0.1,5.115035057067871,reg_none,Không dùng regularizer khảo sát,regularization,42,v2,False
2,1.516188406308492,0.44093333333333334,1.4793833084106445,0.4678,0.1,5.067466974258423,reg_none,Không dùng regularizer khảo sát,regularization,42,v2,False
3,1.207501214981079,0.5645111111111111,1.1756695051193238,0.5848,0.1,5.062693119049072,reg_none,Không dùng regularizer khảo sát,regularization,42,v2,False
4,0.9511865120463902,0.6622,0.9381699069023133,0.67,0.1,5.097362995147705,reg_none,Không dùng regularizer khảo sát,regularization,42,v2,False
5,0.7629684545622931,0.7308444444444444,0.8406547571182251,0.7128,0.1,5.064818620681763,reg_none,Không dùng regularizer khảo sát,regularization,42,v2,False
6,0.604150059943729,0.7879111111111111,0.8221010464668274,0.7218,0.1,5.09432578086853,reg_none,Không dùng regularizer khảo sát,regularization,42,v2,False
7,0.47678013749652437,0.8317111111111111,0.6783851509094239,0.771,0.1,5.087137222290039,reg_none,Không dùng regularizer khảo sát,regularization,42,v2,False
8,0.3482756036599477,0.8774,0.7401404088020325,0.77,0.1,5.355556964874268,reg_none,Không dùng regularizer khảo sát,regularization,42,v2,False
9,0.23895858907169765,0.9137333333333333,0.822602668762207,0.7622,0.1,5.408511400222778,reg_none,Không dùng regularizer khảo sát,regularization,42,v2,False
10,0.1690175848537021,0.9407111111111112,0.851676425743103,0.7792,0.1,5.174573183059692,reg_none,Không dùng regularizer khảo sát,regularization,42,v2,False
11,0.11588374263445536,0.9592222222222222,0.8777876742362976,0.778,0.1,5.092931747436523,reg_none,Không dùng regularizer khảo sát,regularization,42,v2,False
12,0.09091150728066762,0.9678222222222223,1.0081585943222047,0.7764,0.1,5.061985731124878,reg_none,Không dùng regularizer khảo sát,regularization,42,v2,False
13,0.06428312495681975,0.9787111111111111,1.0008107540130615,0.7922,0.1,5.129070281982422,reg_none,Không dùng regularizer khảo sát,regularization,42,v2,False
14,0.04306896571318308,0.9852,1.0738337564468383,0.7808,0.1,5.255573987960815,reg_none,Không dùng regularizer khảo sát,regularization,42,v2,False
15,0.03565033935374684,0.9877777777777778,1.0291122074127197,0.789,0.1,5.208213806152344,reg_none,Không dùng regularizer khảo sát,regularization,42,v2,False
16,0.033924339779052466,0.9888888888888889,1.0156828485488891,0.7992,0.1,5.201974630355835,reg_none,Không dùng regularizer khảo sát,regularization,42,v2,False
17,0.022636559261712763,0.9926666666666667,1.1052447057724,0.801,0.1,5.279308080673218,reg_none,Không dùng regularizer khảo sát,regularization,42,v2,False
18,0.016596238736642732,0.9944444444444445,1.04911570854187,0.8118,0.1,5.109188556671143,reg_none,Không dùng regularizer khảo sát,regularization,42,v2,False
19,0.0183566316180759,0.9940666666666667,1.114578799533844,0.8036,0.1,5.208711385726929,reg_none,Không dùng regularizer khảo sát,regularization,42,v2,False
20,0.01722302776061826,0.9940666666666667,1.0602288098335266,0.8116,0.1,5.211890697479248,reg_none,Không dùng regularizer khảo sát,regularization,42,v2,False
1,1.840422556453281,0.34944444444444445,1.4864662607192993,0.4538,0.1,5.094836235046387,reg_none,Không dùng regularizer khảo sát,regularization,2026,v2,False
2,1.309521791987949,0.5223111111111111,1.257365807533264,0.5504,0.1,5.0849127769470215,reg_none,Không dùng regularizer khảo sát,regularization,2026,v2,False
3,1.03969156665802,0.6298888888888889,0.9560649624824524,0.6658,0.1,5.191777944564819,reg_none,Không dùng regularizer khảo sát,regularization,2026,v2,False
4,0.8270237758424547,0.7081333333333333,0.9218983019828796,0.6788,0.1,5.159749984741211,reg_none,Không dùng regularizer khảo sát,regularization,2026,v2,False
5,0.662682941309611,0.7671555555555556,0.8060249479293823,0.7198,0.1,5.124828815460205,reg_none,Không dùng regularizer khảo sát,regularization,2026,v2,False
6,0.5194645355648465,0.817,0.8244894981384278,0.7286,0.1,5.120814800262451,reg_none,Không dùng regularizer khảo sát,regularization,2026,v2,False
7,0.3966310110727946,0.8590666666666666,0.7286206967353821,0.7514,0.1,5.114795207977295,reg_none,Không dùng regularizer khảo sát,regularization,2026,v2,False
8,0.29183444922765095,0.8948666666666667,0.8013900538444519,0.7392,0.1,5.18443751335144,reg_none,Không dùng regularizer khảo sát,regularization,2026,v2,False
9,0.20362708730697632,0.9282,0.8537239374160767,0.7528,0.1,5.207233428955078,reg_none,Không dùng regularizer khảo sát,regularization,2026,v2,False
10,0.14391731810569763,0.9490888888888889,0.9155155358314514,0.7684,0.1,5.207262992858887,reg_none,Không dùng regularizer khảo sát,regularization,2026,v2,False
11,0.1046557383855184,0.9635111111111111,0.9301591065406799,0.7716,0.1,5.186797142028809,reg_none,Không dùng regularizer khảo sát,regularization,2026,v2,False
12,0.08900347831050555,0.9684444444444444,1.0143342383384704,0.7678,0.1,5.123568534851074,reg_none,Không dùng regularizer khảo sát,regularization,2026,v2,False
13,0.05404591368834177,0.9804222222222222,1.0223205934524535,0.7892,0.1,5.169964790344238,reg_none,Không dùng regularizer khảo sát,regularization,2026,v2,False
14,0.049540315814812975,0.9824222222222222,1.1239340487480163,0.774,0.1,5.0813493728637695,reg_none,Không dùng regularizer khảo sát,regularization,2026,v2,False
15,0.04292225489616394,0.9852222222222222,1.1311289147377015,0.784,0.1,5.13186240196228,reg_none,Không dùng regularizer khảo sát,regularization,2026,v2,False
16,0.03572564100159539,0.9874,1.1273122510910034,0.784,0.1,5.145310163497925,reg_none,Không dùng regularizer khảo sát,regularization,2026,v2,False
17,0.027657640148533714,0.9903333333333333,1.203791484451294,0.7866,0.1,5.1089396476745605,reg_none,Không dùng regularizer khảo sát,regularization,2026,v2,False
18,0.017888999955190554,0.9937777777777778,1.1126796760559081,0.798,0.1,5.0866217613220215,reg_none,Không dùng regularizer khảo sát,regularization,2026,v2,False
19,0.010786218001403742,0.9964888888888889,1.1223364402770997,0.7946,0.1,5.224080324172974,reg_none,Không dùng regularizer khảo sát,regularization,2026,v2,False
20,0.008272047781157825,0.9972888888888889,1.1711976897239684,0.7976,0.1,5.082006216049194,reg_none,Không dùng regularizer khảo sát,regularization,2026,v2,False
1,2.2584918545617,0.22357777777777776,1.8029484636306763,0.3342,0.1,5.2084736824035645,reg_dropout_01,Dropout 0.1,regularization,42,v2,False
2,1.6312390303293864,0.3967333333333333,1.5153338991165162,0.4454,0.1,5.070876121520996,reg_dropout_01,Dropout 0.1,regularization,42,v2,False
3,1.3975516889360216,0.49084444444444447,1.2879378898620606,0.535,0.1,5.0814433097839355,reg_dropout_01,Dropout 0.1,regularization,42,v2,False
4,1.1919551846292284,0.5701111111111111,1.1225741548538208,0.6004,0.1,5.081426382064819,reg_dropout_01,Dropout 0.1,regularization,42,v2,False
5,1.0074831342485215,0.6437333333333334,1.0229883504867554,0.6346,0.1,5.097522258758545,reg_dropout_01,Dropout 0.1,regularization,42,v2,False
6,0.840615386221144,0.7023333333333334,0.9400011848449707,0.6698,0.1,5.1120336055755615,reg_dropout_01,Dropout 0.1,regularization,42,v2,False
7,0.696627833059099,0.7522444444444445,0.7893375603675842,0.7264,0.1,5.1045074462890625,reg_dropout_01,Dropout 0.1,regularization,42,v2,False
8,0.5608073419253031,0.8022666666666667,0.7107591743469238,0.7534,0.1,5.240065813064575,reg_dropout_01,Dropout 0.1,regularization,42,v2,False
9,0.4478205484284295,0.8402222222222222,0.8090027412414551,0.7374,0.1,5.124276161193848,reg_dropout_01,Dropout 0.1,regularization,42,v2,False
10,0.32991591398451064,0.885,0.7697829464912415,0.7636,0.1,5.097895383834839,reg_dropout_01,Dropout 0.1,regularization,42,v2,False
11,0.2409998665915595,0.9144888888888889,0.7930179564476013,0.7628,0.1,5.136983394622803,reg_dropout_01,Dropout 0.1,regularization,42,v2,False
12,0.16375187726020812,0.9425333333333333,0.891603976726532,0.7618,0.1,5.235818862915039,reg_dropout_01,Dropout 0.1,regularization,42,v2,False
13,0.12895920090145535,0.9553333333333334,0.898402724647522,0.7734,0.1,5.266505479812622,reg_dropout_01,Dropout 0.1,regularization,42,v2,False
14,0.0825264934235149,0.9719555555555556,0.9705171369552612,0.7688,0.1,5.265706777572632,reg_dropout_01,Dropout 0.1,regularization,42,v2,False
15,0.06125317566924625,0.9789555555555556,0.9445885941505432,0.7878,0.1,5.247327089309692,reg_dropout_01,Dropout 0.1,regularization,42,v2,False
16,0.0484858422656854,0.9834444444444445,1.0432098831176757,0.7814,0.1,5.319806814193726,reg_dropout_01,Dropout 0.1,regularization,42,v2,False
17,0.037751069736480715,0.9872666666666666,1.113960923576355,0.7708,0.1,5.228134393692017,reg_dropout_01,Dropout 0.1,regularization,42,v2,False
18,0.039045952647593286,0.9868,1.1051798332214355,0.7854,0.1,5.193102121353149,reg_dropout_01,Dropout 0.1,regularization,42,v2,False
19,0.03970905043648349,0.9862,1.0483535356521607,0.7852,0.1,5.207565546035767,reg_dropout_01,Dropout 0.1,regularization,42,v2,False
20,0.022308837705519464,0.9929777777777777,1.0537834297180175,0.8004,0.1,5.2280638217926025,reg_dropout_01,Dropout 0.1,regularization,42,v2,False
1,1.9182019571728177,0.328,1.4827476453781128,0.4568,0.1,5.185578107833862,reg_dropout_01,Dropout 0.1,regularization,2026,v2,False
2,1.3359748478359645,0.5110888888888889,1.2339066595077515,0.5574,0.1,5.227910995483398,reg_dropout_01,Dropout 0.1,regularization,2026,v2,False
3,1.0543111093944972,0.6262,0.9955130455017089,0.6486,0.1,5.120477199554443,reg_dropout_01,Dropout 0.1,regularization,2026,v2,False
4,0.8436101597044203,0.7028,1.031211224937439,0.652,0.1,5.138079404830933,reg_dropout_01,Dropout 0.1,regularization,2026,v2,False
5,0.6905936232037014,0.7576666666666667,0.8906674222946167,0.7014,0.1,5.1193530559539795,reg_dropout_01,Dropout 0.1,regularization,2026,v2,False
6,0.5551300189495086,0.8037777777777778,0.827223182964325,0.7254,0.1,5.133881568908691,reg_dropout_01,Dropout 0.1,regularization,2026,v2,False
7,0.42236767837736344,0.8510444444444445,0.6960452823638916,0.7672,0.1,5.1055378913879395,reg_dropout_01,Dropout 0.1,regularization,2026,v2,False
8,0.31633285047743054,0.8887333333333334,0.9461506613731384,0.7168,0.1,5.198662757873535,reg_dropout_01,Dropout 0.1,regularization,2026,v2,False
9,0.2281281971772512,0.9188666666666667,0.8999726027488708,0.7418,0.1,5.1821300983428955,reg_dropout_01,Dropout 0.1,regularization,2026,v2,False
10,0.1639248776965671,0.9427111111111112,0.9594488945007325,0.7642,0.1,5.0994343757629395,reg_dropout_01,Dropout 0.1,regularization,2026,v2,False
11,0.1221653105629815,0.9575555555555556,1.0203267159461975,0.7666,0.1,5.209644794464111,reg_dropout_01,Dropout 0.1,regularization,2026,v2,False
12,0.08934893778893682,0.9689777777777778,0.9713085206985473,0.7806,0.1,5.216789245605469,reg_dropout_01,Dropout 0.1,regularization,2026,v2,False
13,0.06773645764456855,0.9765777777777778,1.0400490966796876,0.7818,0.1,5.153613328933716,reg_dropout_01,Dropout 0.1,regularization,2026,v2,False
14,0.055838933629459804,0.9808888888888889,1.1324178305625916,0.7664,0.1,5.21964168548584,reg_dropout_01,Dropout 0.1,regularization,2026,v2,False
15,0.04022907259464264,0.9864444444444445,1.0085428838729857,0.7976,0.1,5.263214111328125,reg_dropout_01,Dropout 0.1,regularization,2026,v2,False
16,0.03428474560777346,0.9884222222222222,1.0753230040550232,0.7904,0.1,5.171915292739868,reg_dropout_01,Dropout 0.1,regularization,2026,v2,False
17,0.025223720697230764,0.9916888888888888,1.1095192070007325,0.7948,0.1,5.106342077255249,reg_dropout_01,Dropout 0.1,regularization,2026,v2,False
18,0.02207993478708797,0.9927333333333334,1.1473848721504212,0.792,0.1,5.163575172424316,reg_dropout_01,Dropout 0.1,regularization,2026,v2,False
19,0.016280408038861223,0.9949111111111111,1.1680892910003662,0.7936,0.1,5.154587745666504,reg_dropout_01,Dropout 0.1,regularization,2026,v2,False
20,0.013054751272168425,0.9956444444444444,1.1712525371551514,0.7928,0.1,5.105173349380493,reg_dropout_01,Dropout 0.1,regularization,2026,v2,False
1,2.190913424725003,0.22333333333333333,1.6315276662826539,0.38,0.1,5.114530086517334,reg_dropout_03,Dropout 0.3,regularization,42,v2,False
2,1.493277410973443,0.4466888888888889,1.381986110687256,0.4874,0.1,5.174477577209473,reg_dropout_03,Dropout 0.3,regularization,42,v2,False
3,1.2147871450636123,0.5603555555555556,1.1984317989349365,0.572,0.1,5.151900053024292,reg_dropout_03,Dropout 0.3,regularization,42,v2,False
4,0.9729888335863749,0.6523555555555556,0.9735501214981079,0.6514,0.1,5.179074764251709,reg_dropout_03,Dropout 0.3,regularization,42,v2,False
5,0.7869282453536988,0.7219333333333333,0.9166176517486573,0.6926,0.1,5.164259672164917,reg_dropout_03,Dropout 0.3,regularization,42,v2,False
6,0.6235402618196275,0.781,0.8137408294677735,0.7304,0.1,5.173898220062256,reg_dropout_03,Dropout 0.3,regularization,42,v2,False
7,0.4950092191378276,0.8253333333333334,0.7491583274841309,0.7534,0.1,5.145052194595337,reg_dropout_03,Dropout 0.3,regularization,42,v2,False
8,0.37209841846360103,0.8692,0.8763721022605896,0.7268,0.1,5.151398658752441,reg_dropout_03,Dropout 0.3,regularization,42,v2,False
9,0.27927132546371886,0.9009333333333334,0.7080090634346008,0.785,0.1,5.158344984054565,reg_dropout_03,Dropout 0.3,regularization,42,v2,False
10,0.2080108798291948,0.9272222222222222,0.917200645160675,0.7686,0.1,5.171867847442627,reg_dropout_03,Dropout 0.3,regularization,42,v2,False
11,0.14735172073576186,0.9478888888888889,0.8491940826416016,0.7846,0.1,5.147426605224609,reg_dropout_03,Dropout 0.3,regularization,42,v2,False
12,0.10290005822446611,0.9636888888888889,0.8831574193000793,0.796,0.1,5.121455907821655,reg_dropout_03,Dropout 0.3,regularization,42,v2,False
13,0.08737784407933553,0.9689333333333333,0.8591743528366089,0.8012,0.1,5.162664890289307,reg_dropout_03,Dropout 0.3,regularization,42,v2,False
14,0.062520737279786,0.9777555555555556,0.9066010236740112,0.799,0.1,5.207967758178711,reg_dropout_03,Dropout 0.3,regularization,42,v2,False
15,0.05944705110987027,0.9791333333333333,0.9102473420143128,0.8048,0.1,5.158964157104492,reg_dropout_03,Dropout 0.3,regularization,42,v2,False
16,0.039446076697773405,0.9865333333333334,0.939288027381897,0.8064,0.1,5.176741123199463,reg_dropout_03,Dropout 0.3,regularization,42,v2,False
17,0.03686202267540826,0.9871555555555556,0.9934319422721862,0.8062,0.1,5.384124994277954,reg_dropout_03,Dropout 0.3,regularization,42,v2,False
18,0.028723204959101148,0.9900222222222222,1.005159941291809,0.8164,0.1,5.121558666229248,reg_dropout_03,Dropout 0.3,regularization,42,v2,False
19,0.026180637224846415,0.9905777777777778,1.0550220940589905,0.7996,0.1,5.117798805236816,reg_dropout_03,Dropout 0.3,regularization,42,v2,False
20,0.027662353082829053,0.9907555555555555,1.0044974075317383,0.8164,0.1,5.126011371612549,reg_dropout_03,Dropout 0.3,regularization,42,v2,False
1,2.066628739759657,0.29173333333333334,1.59606955909729,0.4134,0.1,5.168905973434448,reg_dropout_03,Dropout 0.3,regularization,2026,v2,False
2,1.4620536522547405,0.4631111111111111,1.347136866760254,0.5146,0.1,5.099509000778198,reg_dropout_03,Dropout 0.3,regularization,2026,v2,False
3,1.2251584600024754,0.5573777777777777,1.1778132343292236,0.5928,0.1,5.14402437210083,reg_dropout_03,Dropout 0.3,regularization,2026,v2,False
4,1.001395409880744,0.6429555555555555,0.982407635307312,0.6482,0.1,5.138718843460083,reg_dropout_03,Dropout 0.3,regularization,2026,v2,False
5,0.8190633088217841,0.7104444444444444,0.9370838798522949,0.6664,0.1,5.104875564575195,reg_dropout_03,Dropout 0.3,regularization,2026,v2,False
6,0.6714422717412313,0.7644,0.7384275313377381,0.7384,0.1,5.146764278411865,reg_dropout_03,Dropout 0.3,regularization,2026,v2,False
7,0.5413232772615221,0.8108666666666666,0.7360524748802185,0.7378,0.1,5.11190938949585,reg_dropout_03,Dropout 0.3,regularization,2026,v2,False
8,0.42637817005581324,0.8504222222222222,0.7139378607749939,0.7584,0.1,5.138696908950806,reg_dropout_03,Dropout 0.3,regularization,2026,v2,False
9,0.32822026831309,0.8845555555555555,0.7485811226844787,0.7664,0.1,5.214725971221924,reg_dropout_03,Dropout 0.3,regularization,2026,v2,False
10,0.23774596945974563,0.9140888888888888,0.7886768450737,0.781,0.1,5.2080912590026855,reg_dropout_03,Dropout 0.3,regularization,2026,v2,False
11,0.17681430291599698,0.9366,1.0435090585708617,0.751,0.1,5.2240893840789795,reg_dropout_03,Dropout 0.3,regularization,2026,v2,False
12,0.1380380527496338,0.9504666666666667,0.9557248949050904,0.7668,0.1,5.235422611236572,reg_dropout_03,Dropout 0.3,regularization,2026,v2,False
13,0.10022767954270045,0.9656222222222223,0.9280398641586304,0.7804,0.1,5.2759153842926025,reg_dropout_03,Dropout 0.3,regularization,2026,v2,False
14,0.07284903299940956,0.9750444444444445,0.9772813055038452,0.7802,0.1,5.286065340042114,reg_dropout_03,Dropout 0.3,regularization,2026,v2,False
15,0.05186468207769924,0.9815555555555555,1.0942155279159547,0.7834,0.1,5.212863445281982,reg_dropout_03,Dropout 0.3,regularization,2026,v2,False
16,0.05228564355638292,0.9814222222222222,1.0028219752311707,0.7986,0.1,5.203646659851074,reg_dropout_03,Dropout 0.3,regularization,2026,v2,False
17,0.046263112214538785,0.9842,1.0409013542175294,0.801,0.1,5.2597246170043945,reg_dropout_03,Dropout 0.3,regularization,2026,v2,False
18,0.0374195484439532,0.9874222222222222,1.060622714138031,0.8048,0.1,5.1812989711761475,reg_dropout_03,Dropout 0.3,regularization,2026,v2,False
19,0.024637382033467294,0.9913333333333333,1.0548680827140808,0.7998,0.1,5.098151206970215,reg_dropout_03,Dropout 0.3,regularization,2026,v2,False
20,0.03112000965608491,0.9892,1.03468044090271,0.8022,0.1,5.0994343757629395,reg_dropout_03,Dropout 0.3,regularization,2026,v2,False
1,2.19183528298272,0.24542222222222224,1.6566674118041993,0.3832,0.1,5.1155664920806885,reg_dropout_05,Dropout 0.5,regularization,42,v2,False
2,1.5206024845123292,0.4367333333333333,1.3814157245635987,0.4938,0.1,5.011125087738037,reg_dropout_05,Dropout 0.5,regularization,42,v2,False
3,1.261928006468879,0.5442222222222223,1.1459610057830811,0.5862,0.1,5.14132285118103,reg_dropout_05,Dropout 0.5,regularization,42,v2,False
4,1.0180317840470208,0.6375555555555555,0.9943821580886841,0.6492,0.1,5.11632227897644,reg_dropout_05,Dropout 0.5,regularization,42,v2,False
5,0.8151558025889927,0.7112,0.8560411437988281,0.6912,0.1,5.1046624183654785,reg_dropout_05,Dropout 0.5,regularization,42,v2,False
6,0.651387554942237,0.7710444444444444,0.7890990996360778,0.7358,0.1,5.1624908447265625,reg_dropout_05,Dropout 0.5,regularization,42,v2,False
7,0.5222629633585611,0.8162,0.7297246097564697,0.7484,0.1,5.119494438171387,reg_dropout_05,Dropout 0.5,regularization,42,v2,False
8,0.40643603932062783,0.8568888888888889,0.6639598223686218,0.7878,0.1,5.151014566421509,reg_dropout_05,Dropout 0.5,regularization,42,v2,False
9,0.3079524291409387,0.8920444444444444,0.7451211176872253,0.7784,0.1,5.122083425521851,reg_dropout_05,Dropout 0.5,regularization,42,v2,False
10,0.23012447899182636,0.9188444444444445,0.8304339629173279,0.7646,0.1,5.143547296524048,reg_dropout_05,Dropout 0.5,regularization,42,v2,False
11,0.1601665461036894,0.9433111111111111,0.7760216096878052,0.7928,0.1,5.116778373718262,reg_dropout_05,Dropout 0.5,regularization,42,v2,False
12,0.13340418424606323,0.9531111111111111,0.797965441608429,0.787,0.1,5.128535985946655,reg_dropout_05,Dropout 0.5,regularization,42,v2,False
13,0.1007935780260298,0.9641777777777778,0.8232681184768676,0.7968,0.1,5.145019054412842,reg_dropout_05,Dropout 0.5,regularization,42,v2,False
14,0.0711506868319379,0.9759111111111111,0.9435765899658203,0.8008,0.1,5.086668491363525,reg_dropout_05,Dropout 0.5,regularization,42,v2,False
15,0.05484248158931732,0.9812666666666666,0.8958528998374939,0.808,0.1,5.272787570953369,reg_dropout_05,Dropout 0.5,regularization,42,v2,False
16,0.05283439476357566,0.9820666666666666,0.9779333042144776,0.7994,0.1,5.24181604385376,reg_dropout_05,Dropout 0.5,regularization,42,v2,False
17,0.05082221860355801,0.9817777777777777,0.9572788606643676,0.8108,0.1,5.2138800621032715,reg_dropout_05,Dropout 0.5,regularization,42,v2,False
18,0.037116303793589274,0.987,0.9987447873115539,0.8058,0.1,5.2807793617248535,reg_dropout_05,Dropout 0.5,regularization,42,v2,False
19,0.02720259072052108,0.9906,0.9891875641822815,0.8124,0.1,5.150198698043823,reg_dropout_05,Dropout 0.5,regularization,42,v2,False
20,0.02648075724343459,0.9914222222222222,0.9600480354309082,0.8192,0.1,5.164586782455444,reg_dropout_05,Dropout 0.5,regularization,42,v2,False
1,2.26444258963267,0.2752,1.6455687881469727,0.4022,0.1,5.185669183731079,reg_dropout_05,Dropout 0.5,regularization,2026,v2,False
2,1.499747443707784,0.4534222222222222,1.3138045286178588,0.5258,0.1,5.087753057479858,reg_dropout_05,Dropout 0.5,regularization,2026,v2,False
3,1.2260098507139419,0.5593111111111111,1.0905461668014527,0.6098,0.1,5.16747784614563,reg_dropout_05,Dropout 0.5,regularization,2026,v2,False
4,0.9890286729176839,0.6485555555555556,0.9969826118469238,0.654,0.1,5.126073837280273,reg_dropout_05,Dropout 0.5,regularization,2026,v2,False
5,0.8003266154713101,0.7208222222222223,0.8723187343597412,0.7046,0.1,5.134962558746338,reg_dropout_05,Dropout 0.5,regularization,2026,v2,False
6,0.6492972269799975,0.7725555555555556,0.7972042139053345,0.7228,0.1,5.103351831436157,reg_dropout_05,Dropout 0.5,regularization,2026,v2,False
7,0.5201209436416626,0.8196,0.7575188843727112,0.7382,0.1,5.103948354721069,reg_dropout_05,Dropout 0.5,regularization,2026,v2,False
8,0.40852160934872095,0.8555333333333334,0.8023362812995911,0.736,0.1,5.129186630249023,reg_dropout_05,Dropout 0.5,regularization,2026,v2,False
9,0.3112434629837672,0.8907777777777778,0.8257923711776733,0.755,0.1,5.119214057922363,reg_dropout_05,Dropout 0.5,regularization,2026,v2,False
10,0.23493849753273857,0.9177555555555555,0.7792119663238526,0.7746,0.1,5.16706395149231,reg_dropout_05,Dropout 0.5,regularization,2026,v2,False
11,0.1738490799612469,0.9392888888888888,0.8939534690856934,0.7734,0.1,5.440682411193848,reg_dropout_05,Dropout 0.5,regularization,2026,v2,False
12,0.13204196025530499,0.9548,0.8913641201972962,0.7914,0.1,5.2019383907318115,reg_dropout_05,Dropout 0.5,regularization,2026,v2,False
13,0.09691044964194298,0.9663333333333334,0.9230694269180297,0.7828,0.1,5.2159483432769775,reg_dropout_05,Dropout 0.5,regularization,2026,v2,False
14,0.08191020884513855,0.9712,1.0779375240325928,0.7758,0.1,5.106055974960327,reg_dropout_05,Dropout 0.5,regularization,2026,v2,False
15,0.06738051216072506,0.9761111111111112,1.1060185762405395,0.7826,0.1,5.089184522628784,reg_dropout_05,Dropout 0.5,regularization,2026,v2,False
16,0.052948632702562545,0.9819777777777777,1.139664047241211,0.7734,0.1,5.130854606628418,reg_dropout_05,Dropout 0.5,regularization,2026,v2,False
17,0.04231823980609576,0.9852888888888889,1.0308777040481567,0.8014,0.1,5.210924386978149,reg_dropout_05,Dropout 0.5,regularization,2026,v2,False
18,0.0301038691404793,0.9901111111111112,1.1630280177116394,0.7908,0.1,5.263822078704834,reg_dropout_05,Dropout 0.5,regularization,2026,v2,False
19,0.03148395914543006,0.9891111111111112,1.1176211805343628,0.8016,0.1,5.116110563278198,reg_dropout_05,Dropout 0.5,regularization,2026,v2,False
20,0.028860912315381897,0.9898666666666667,1.1224234836578368,0.7986,0.1,5.134340763092041,reg_dropout_05,Dropout 0.5,regularization,2026,v2,False
1,2.177365943230523,0.22715555555555556,1.7777687923431396,0.3334,0.1,9.51030707359314,reg_augmentation,Data augmentation,regularization,42,v2,False
2,1.6487324810875787,0.3795777777777778,1.5103069425582887,0.4404,0.1,9.343531370162964,reg_augmentation,Data augmentation,regularization,42,v2,False
3,1.416786673842536,0.47917777777777776,1.3126576740264893,0.5302,0.1,9.258431434631348,reg_augmentation,Data augmentation,regularization,42,v2,False
4,1.2194303368462456,0.5602666666666667,1.188133801651001,0.5802,0.1,9.434551477432251,reg_augmentation,Data augmentation,regularization,42,v2,False
5,1.0620069294399685,0.6197777777777778,1.0048017577171326,0.642,0.1,9.284897089004517,reg_augmentation,Data augmentation,regularization,42,v2,False
6,0.9338891571468777,0.6695333333333333,0.977054013633728,0.6668,0.1,9.321150779724121,reg_augmentation,Data augmentation,regularization,42,v2,False
7,0.8318119009759691,0.7052888888888889,0.7699419852256775,0.7388,0.1,9.353686571121216,reg_augmentation,Data augmentation,regularization,42,v2,False
8,0.7367075585471259,0.7423777777777778,0.753239261341095,0.742,0.1,9.26187801361084,reg_augmentation,Data augmentation,regularization,42,v2,False
9,0.6576774747954475,0.7687555555555555,0.681612083530426,0.7648,0.1,9.26670241355896,reg_augmentation,Data augmentation,regularization,42,v2,False
10,0.5967325506952074,0.7929333333333334,0.6642298803329468,0.7748,0.1,9.254050254821777,reg_augmentation,Data augmentation,regularization,42,v2,False
11,0.5436556720309788,0.8109333333333333,0.5752432388305664,0.8048,0.1,9.297691583633423,reg_augmentation,Data augmentation,regularization,42,v2,False
12,0.492846745830112,0.8282222222222222,0.5836228481292725,0.8034,0.1,9.247606992721558,reg_augmentation,Data augmentation,regularization,42,v2,False
13,0.45846147259606257,0.8394222222222222,0.5646818039417267,0.814,0.1,9.254460334777832,reg_augmentation,Data augmentation,regularization,42,v2,False
14,0.4273485463089413,0.8496222222222222,0.5124208778858185,0.8316,0.1,9.178387880325317,reg_augmentation,Data augmentation,regularization,42,v2,False
15,0.3951065185520384,0.8630444444444444,0.46160111083984373,0.8488,0.1,9.324878454208374,reg_augmentation,Data augmentation,regularization,42,v2,False
16,0.37070694654252795,0.8716222222222222,0.46397482180595395,0.846,0.1,9.208030223846436,reg_augmentation,Data augmentation,regularization,42,v2,False
17,0.34170385025342304,0.8799333333333333,0.4503797990322113,0.8468,0.1,9.18296504020691,reg_augmentation,Data augmentation,regularization,42,v2,False
18,0.3158650779777103,0.8890444444444444,0.42299829683303836,0.8558,0.1,9.185304641723633,reg_augmentation,Data augmentation,regularization,42,v2,False
19,0.29855232543415494,0.8952444444444444,0.41739492778778076,0.8624,0.1,9.185532808303833,reg_augmentation,Data augmentation,regularization,42,v2,False
20,0.28058775135146247,0.9015777777777778,0.5037488781452178,0.8456,0.1,9.245177745819092,reg_augmentation,Data augmentation,regularization,42,v2,False
1,1.9258598104053073,0.30435555555555555,1.5452247705459594,0.4256,0.1,9.234841108322144,reg_augmentation,Data augmentation,regularization,2026,v2,False
2,1.4020064206441243,0.48786666666666667,1.3018060928344726,0.5462,0.1,9.306071281433105,reg_augmentation,Data augmentation,regularization,2026,v2,False
3,1.075049117596944,0.6154888888888889,0.932769965171814,0.6792,0.1,9.433155059814453,reg_augmentation,Data augmentation,regularization,2026,v2,False
4,0.8449122173733181,0.7016222222222223,0.8789591332435608,0.7102,0.1,9.316689014434814,reg_augmentation,Data augmentation,regularization,2026,v2,False
5,0.7024384596188863,0.7552,0.7181143262863159,0.7608,0.1,9.271345615386963,reg_augmentation,Data augmentation,regularization,2026,v2,False
6,0.6059189802805582,0.7898444444444445,0.6712753735542297,0.77,0.1,9.201817035675049,reg_augmentation,Data augmentation,regularization,2026,v2,False
7,0.5391005354563395,0.8139333333333333,0.6909859773635865,0.7634,0.1,9.438371896743774,reg_augmentation,Data augmentation,regularization,2026,v2,False
8,0.4827119635687934,0.8337777777777777,0.5502913383483887,0.8234,0.1,9.229516506195068,reg_augmentation,Data augmentation,regularization,2026,v2,False
9,0.44565754851235284,0.8467111111111111,0.5487789665222168,0.8162,0.1,9.289776086807251,reg_augmentation,Data augmentation,regularization,2026,v2,False
10,0.4013124657207065,0.8608,0.43684898371696473,0.8554,0.1,9.350526094436646,reg_augmentation,Data augmentation,regularization,2026,v2,False
11,0.3711332001368205,0.8708,0.4557820298194885,0.844,0.1,9.1409912109375,reg_augmentation,Data augmentation,regularization,2026,v2,False
12,0.3402630497614543,0.8809777777777777,0.37057105417251585,0.8714,0.1,9.302523136138916,reg_augmentation,Data augmentation,regularization,2026,v2,False
13,0.3131506427605947,0.8910444444444444,0.4151676749229431,0.8628,0.1,9.336904764175415,reg_augmentation,Data augmentation,regularization,2026,v2,False
14,0.2957686944431729,0.8962666666666667,0.45082849569320677,0.8548,0.1,9.267700672149658,reg_augmentation,Data augmentation,regularization,2026,v2,False
15,0.2696340625815921,0.9055777777777778,0.42681026945114137,0.8646,0.1,9.175000190734863,reg_augmentation,Data augmentation,regularization,2026,v2,False
16,0.25182883296542696,0.9120222222222222,0.3703135281562805,0.8796,0.1,9.203954219818115,reg_augmentation,Data augmentation,regularization,2026,v2,False
17,0.2335253764708837,0.9185111111111111,0.3761239933013916,0.885,0.1,9.14374852180481,reg_augmentation,Data augmentation,regularization,2026,v2,False
18,0.22307614179187352,0.9218222222222222,0.3642715138912201,0.891,0.1,9.173681497573853,reg_augmentation,Data augmentation,regularization,2026,v2,False
19,0.20393275107542674,0.9290666666666667,0.38805099391937253,0.884,0.1,9.164059400558472,reg_augmentation,Data augmentation,regularization,2026,v2,False
20,0.18607904615932042,0.9341111111111111,0.3644288450241089,0.891,0.1,9.227769374847412,reg_augmentation,Data augmentation,regularization,2026,v2,False
1,2.1902608760409885,0.2412,1.675061701965332,0.3888,0.1,5.096508979797363,reg_early_stop,Early stopping,regularization,42,v2,False
2,1.516188406308492,0.44093333333333334,1.4793833084106445,0.4678,0.1,5.195745229721069,reg_early_stop,Early stopping,regularization,42,v2,False
3,1.207501214981079,0.5645111111111111,1.1756695051193238,0.5848,0.1,5.228222131729126,reg_early_stop,Early stopping,regularization,42,v2,False
4,0.9511865120463902,0.6622,0.9381699069023133,0.67,0.1,5.183179616928101,reg_early_stop,Early stopping,regularization,42,v2,False
5,0.7629684545622931,0.7308444444444444,0.8406547571182251,0.7128,0.1,5.089361906051636,reg_early_stop,Early stopping,regularization,42,v2,False
6,0.604150059943729,0.7879111111111111,0.8221010464668274,0.7218,0.1,5.149201393127441,reg_early_stop,Early stopping,regularization,42,v2,False
7,0.47678013749652437,0.8317111111111111,0.6783851509094239,0.771,0.1,5.111725330352783,reg_early_stop,Early stopping,regularization,42,v2,False
8,0.3482756036599477,0.8774,0.7401404088020325,0.77,0.1,5.269260406494141,reg_early_stop,Early stopping,regularization,42,v2,False
9,0.23895858907169765,0.9137333333333333,0.822602668762207,0.7622,0.1,5.124282121658325,reg_early_stop,Early stopping,regularization,42,v2,False
10,0.1690175848537021,0.9407111111111112,0.851676425743103,0.7792,0.1,5.136068344116211,reg_early_stop,Early stopping,regularization,42,v2,False
11,0.11588374263445536,0.9592222222222222,0.8777876742362976,0.778,0.1,5.1289684772491455,reg_early_stop,Early stopping,regularization,42,v2,False
1,1.840422556453281,0.34944444444444445,1.4864662607192993,0.4538,0.1,5.1520867347717285,reg_early_stop,Early stopping,regularization,2026,v2,False
2,1.309521791987949,0.5223111111111111,1.257365807533264,0.5504,0.1,5.085384845733643,reg_early_stop,Early stopping,regularization,2026,v2,False
3,1.03969156665802,0.6298888888888889,0.9560649624824524,0.6658,0.1,5.1941001415252686,reg_early_stop,Early stopping,regularization,2026,v2,False
4,0.8270237758424547,0.7081333333333333,0.9218983019828796,0.6788,0.1,5.305781841278076,reg_early_stop,Early stopping,regularization,2026,v2,False
5,0.662682941309611,0.7671555555555556,0.8060249479293823,0.7198,0.1,5.257328987121582,reg_early_stop,Early stopping,regularization,2026,v2,False
6,0.5194645355648465,0.817,0.8244894981384278,0.7286,0.1,5.176366329193115,reg_early_stop,Early stopping,regularization,2026,v2,False
7,0.3966310110727946,0.8590666666666666,0.7286206967353821,0.7514,0.1,5.139896869659424,reg_early_stop,Early stopping,regularization,2026,v2,False
8,0.29183444922765095,0.8948666666666667,0.8013900538444519,0.7392,0.1,5.1609697341918945,reg_early_stop,Early stopping,regularization,2026,v2,False
9,0.20362708730697632,0.9282,0.8537239374160767,0.7528,0.1,5.137423515319824,reg_early_stop,Early stopping,regularization,2026,v2,False
10,0.14391731810569763,0.9490888888888889,0.9155155358314514,0.7684,0.1,5.157722473144531,reg_early_stop,Early stopping,regularization,2026,v2,False
11,0.1046557383855184,0.9635111111111111,0.9301591065406799,0.7716,0.1,5.251138925552368,reg_early_stop,Early stopping,regularization,2026,v2,False
1,2.1533322388119167,0.23613333333333333,1.6725581300735473,0.3698,0.1,9.356280088424683,reg_combined,WD + Dropout 0.3 + augmentation + early stopping,regularization,42,v2,False
2,1.5704494495815702,0.41324444444444447,1.4614551712036132,0.4624,0.1,9.237784385681152,reg_combined,WD + Dropout 0.3 + augmentation + early stopping,regularization,42,v2,False
3,1.326144941605462,0.5161555555555556,1.2250459829330445,0.5678,0.1,9.28186297416687,reg_combined,WD + Dropout 0.3 + augmentation + early stopping,regularization,42,v2,False
4,1.1265743508232964,0.5952666666666667,1.1835104679107666,0.5962,0.1,9.18655252456665,reg_combined,WD + Dropout 0.3 + augmentation + early stopping,regularization,42,v2,False
5,0.9632318272484673,0.6586,1.0041676414489746,0.6482,0.1,9.324694633483887,reg_combined,WD + Dropout 0.3 + augmentation + early stopping,regularization,42,v2,False
6,0.8217169720013936,0.7138888888888889,0.9024526218414307,0.6964,0.1,9.28455638885498,reg_combined,WD + Dropout 0.3 + augmentation + early stopping,regularization,42,v2,False
7,0.7360561918152703,0.7452888888888889,0.7559146858215332,0.7392,0.1,9.228484392166138,reg_combined,WD + Dropout 0.3 + augmentation + early stopping,regularization,42,v2,False
8,0.6532077473640442,0.7744666666666666,0.6324845706939697,0.7876,0.1,9.316855192184448,reg_combined,WD + Dropout 0.3 + augmentation + early stopping,regularization,42,v2,False
9,0.6019180062929789,0.7919777777777778,0.7684013250350952,0.7334,0.1,9.29356598854065,reg_combined,WD + Dropout 0.3 + augmentation + early stopping,regularization,42,v2,False
10,0.5671882634374831,0.8057555555555556,0.7012559713363647,0.7706,0.1,9.257701396942139,reg_combined,WD + Dropout 0.3 + augmentation + early stopping,regularization,42,v2,False
11,0.5382842329555088,0.8153555555555555,0.6904085370063782,0.7762,0.1,9.288819789886475,reg_combined,WD + Dropout 0.3 + augmentation + early stopping,regularization,42,v2,False
12,0.5068728316518996,0.8277777777777777,0.5648837261199952,0.8074,0.1,9.2596914768219,reg_combined,WD + Dropout 0.3 + augmentation + early stopping,regularization,42,v2,False
13,0.49275185928874543,0.8319333333333333,0.5655531821250915,0.815,0.1,9.154744863510132,reg_combined,WD + Dropout 0.3 + augmentation + early stopping,regularization,42,v2,False
14,0.47233062188360425,0.8389777777777778,0.732761254119873,0.7564,0.1,9.358989953994751,reg_combined,WD + Dropout 0.3 + augmentation + early stopping,regularization,42,v2,False
15,0.4536455261018541,0.8457777777777777,0.5742939118385315,0.8046,0.1,9.282246351242065,reg_combined,WD + Dropout 0.3 + augmentation + early stopping,regularization,42,v2,False
16,0.44252333162095814,0.8485777777777778,0.5151500626564026,0.8292,0.1,9.228305339813232,reg_combined,WD + Dropout 0.3 + augmentation + early stopping,regularization,42,v2,False
17,0.4315229459232754,0.8508666666666667,0.6340909010887146,0.7956,0.1,9.248453378677368,reg_combined,WD + Dropout 0.3 + augmentation + early stopping,regularization,42,v2,False
18,0.41256163455115424,0.8583777777777778,0.5387745359897613,0.8146,0.1,9.267620325088501,reg_combined,WD + Dropout 0.3 + augmentation + early stopping,regularization,42,v2,False
19,0.4039851408004761,0.8626666666666667,0.5823915736198425,0.8148,0.1,9.217098712921143,reg_combined,WD + Dropout 0.3 + augmentation + early stopping,regularization,42,v2,False
20,0.39778399824566313,0.8655777777777778,0.5703692080497742,0.8132,0.1,9.230977535247803,reg_combined,WD + Dropout 0.3 + augmentation + early stopping,regularization,42,v2,False
1,2.0365068116082083,0.27653333333333335,1.606911340713501,0.3992,0.1,9.248455047607422,reg_combined,WD + Dropout 0.3 + augmentation + early stopping,regularization,2026,v2,False
2,1.4980620774798923,0.4464666666666667,1.4756724861145019,0.4688,0.1,9.36233901977539,reg_combined,WD + Dropout 0.3 + augmentation + early stopping,regularization,2026,v2,False
3,1.2136868279774984,0.5625777777777777,1.2180645318984986,0.575,0.1,9.20547103881836,reg_combined,WD + Dropout 0.3 + augmentation + early stopping,regularization,2026,v2,False
4,0.9638159873326619,0.6601111111111111,1.0011075384140016,0.6688,0.1,9.209275007247925,reg_combined,WD + Dropout 0.3 + augmentation + early stopping,regularization,2026,v2,False
5,0.8077765327877469,0.7197111111111111,0.8758089416503906,0.704,0.1,9.279406785964966,reg_combined,WD + Dropout 0.3 + augmentation + early stopping,regularization,2026,v2,False
6,0.7028968376371596,0.7590666666666667,0.7388340423583984,0.7428,0.1,9.180800914764404,reg_combined,WD + Dropout 0.3 + augmentation + early stopping,regularization,2026,v2,False
7,0.6414193525950114,0.7801777777777777,0.6738678790092468,0.7718,0.1,9.143694162368774,reg_combined,WD + Dropout 0.3 + augmentation + early stopping,regularization,2026,v2,False
8,0.6004388746420543,0.7962666666666667,0.6520217628479004,0.7862,0.1,9.177652835845947,reg_combined,WD + Dropout 0.3 + augmentation + early stopping,regularization,2026,v2,False
9,0.5652752828174167,0.8067555555555556,0.6917170168876648,0.778,0.1,9.255229711532593,reg_combined,WD + Dropout 0.3 + augmentation + early stopping,regularization,2026,v2,False
10,0.5376271442996131,0.8172666666666667,0.6135653337478638,0.796,0.1,9.184327363967896,reg_combined,WD + Dropout 0.3 + augmentation + early stopping,regularization,2026,v2,False
11,0.5126249229855008,0.8252888888888888,0.6827551319122315,0.7818,0.1,9.25997543334961,reg_combined,WD + Dropout 0.3 + augmentation + early stopping,regularization,2026,v2,False
12,0.4886858515315586,0.8330222222222222,0.6117721495628357,0.7982,0.1,9.290783643722534,reg_combined,WD + Dropout 0.3 + augmentation + early stopping,regularization,2026,v2,False
13,0.47065377781126233,0.8381555555555555,0.7258407093048096,0.7604,0.1,9.176453351974487,reg_combined,WD + Dropout 0.3 + augmentation + early stopping,regularization,2026,v2,False
14,0.45738644047843086,0.8436,0.5344244831085205,0.8172,0.1,9.163127422332764,reg_combined,WD + Dropout 0.3 + augmentation + early stopping,regularization,2026,v2,False
15,0.4436175533718533,0.8482222222222222,0.49567734351158144,0.837,0.1,9.159914016723633,reg_combined,WD + Dropout 0.3 + augmentation + early stopping,regularization,2026,v2,False
16,0.4302982518196106,0.8533777777777778,0.5055755839824676,0.831,0.1,9.173460721969604,reg_combined,WD + Dropout 0.3 + augmentation + early stopping,regularization,2026,v2,False
17,0.4191093189822303,0.8583555555555555,0.47741065254211423,0.8426,0.1,9.261243343353271,reg_combined,WD + Dropout 0.3 + augmentation + early stopping,regularization,2026,v2,False
18,0.4112151585684882,0.8604444444444445,0.48777244863510133,0.836,0.1,9.917503118515015,reg_combined,WD + Dropout 0.3 + augmentation + early stopping,regularization,2026,v2,False
19,0.39903651985592314,0.8643777777777778,0.5424016081333161,0.821,0.1,9.312198877334595,reg_combined,WD + Dropout 0.3 + augmentation + early stopping,regularization,2026,v2,False
20,0.3960038968616062,0.8654,0.4365447542667389,0.8502,0.1,9.26548719406128,reg_combined,WD + Dropout 0.3 + augmentation + early stopping,regularization,2026,v2,False
