global_step,objective_loss,hard_ce_loss,learning_rate,epoch,experiment_id,label,seed,label_smoothing,notebook_version,debug
0,2.5629372596740723,2.5690088272094727,0.1,1,ext_label_smoothing_01,Label smoothing ε=0.1,42,0.1,v3-extension,False
20,2.3861210346221924,2.3734219074249268,0.1,1,ext_label_smoothing_01,Label smoothing ε=0.1,42,0.1,v3-extension,False
40,2.302212715148926,2.2987005710601807,0.1,1,ext_label_smoothing_01,Label smoothing ε=0.1,42,0.1,v3-extension,False
60,2.272196054458618,2.2648849487304688,0.1,1,ext_label_smoothing_01,Label smoothing ε=0.1,42,0.1,v3-extension,False
80,2.2519328594207764,2.240443468093872,0.1,1,ext_label_smoothing_01,Label smoothing ε=0.1,42,0.1,v3-extension,False
100,2.1885929107666016,2.157592296600342,0.1,1,ext_label_smoothing_01,Label smoothing ε=0.1,42,0.1,v3-extension,False
120,2.110492706298828,2.0709376335144043,0.1,1,ext_label_smoothing_01,Label smoothing ε=0.1,42,0.1,v3-extension,False
140,2.122288942337036,2.0661983489990234,0.1,1,ext_label_smoothing_01,Label smoothing ε=0.1,42,0.1,v3-extension,False
160,2.11142635345459,2.056727886199951,0.1,1,ext_label_smoothing_01,Label smoothing ε=0.1,42,0.1,v3-extension,False
180,2.0423383712768555,1.9736782312393188,0.1,1,ext_label_smoothing_01,Label smoothing ε=0.1,42,0.1,v3-extension,False
200,1.974051594734192,1.8885711431503296,0.1,1,ext_label_smoothing_01,Label smoothing ε=0.1,42,0.1,v3-extension,False
220,1.8954906463623047,1.8025233745574951,0.1,1,ext_label_smoothing_01,Label smoothing ε=0.1,42,0.1,v3-extension,False
240,1.9802592992782593,1.901895523071289,0.1,1,ext_label_smoothing_01,Label smoothing ε=0.1,42,0.1,v3-extension,False
260,1.8909544944763184,1.7948071956634521,0.1,1,ext_label_smoothing_01,Label smoothing ε=0.1,42,0.1,v3-extension,False
280,1.8748910427093506,1.775164008140564,0.1,1,ext_label_smoothing_01,Label smoothing ε=0.1,42,0.1,v3-extension,False
300,1.7958495616912842,1.6758918762207031,0.1,1,ext_label_smoothing_01,Label smoothing ε=0.1,42,0.1,v3-extension,False
320,1.8189717531204224,1.697009801864624,0.1,1,ext_label_smoothing_01,Label smoothing ε=0.1,42,0.1,v3-extension,False
340,1.7758097648620605,1.648120641708374,0.1,1,ext_label_smoothing_01,Label smoothing ε=0.1,42,0.1,v3-extension,False
360,1.871511459350586,1.7436296939849854,0.1,2,ext_label_smoothing_01,Label smoothing ε=0.1,42,0.1,v3-extension,False
380,1.89536714553833,1.7739418745040894,0.1,2,ext_label_smoothing_01,Label smoothing ε=0.1,42,0.1,v3-extension,False
400,1.6535792350769043,1.4718424081802368,0.1,2,ext_label_smoothing_01,Label smoothing ε=0.1,42,0.1,v3-extension,False
420,1.7448073625564575,1.6037541627883911,0.1,2,ext_label_smoothing_01,Label smoothing ε=0.1,42,0.1,v3-extension,False
440,1.7248380184173584,1.5779502391815186,0.1,2,ext_label_smoothing_01,Label smoothing ε=0.1,42,0.1,v3-extension,False
460,1.685273289680481,1.5330207347869873,0.1,2,ext_label_smoothing_01,Label smoothing ε=0.1,42,0.1,v3-extension,False
480,1.7184220552444458,1.5731029510498047,0.1,2,ext_label_smoothing_01,Label smoothing ε=0.1,42,0.1,v3-extension,False
500,1.5683135986328125,1.3977227210998535,0.1,2,ext_label_smoothing_01,Label smoothing ε=0.1,42,0.1,v3-extension,False
520,1.545605182647705,1.3540785312652588,0.1,2,ext_label_smoothing_01,Label smoothing ε=0.1,42,0.1,v3-extension,False
540,1.7235897779464722,1.560049057006836,0.1,2,ext_label_smoothing_01,Label smoothing ε=0.1,42,0.1,v3-extension,False
560,1.6452113389968872,1.479010820388794,0.1,2,ext_label_smoothing_01,Label smoothing ε=0.1,42,0.1,v3-extension,False
580,1.609454870223999,1.4164224863052368,0.1,2,ext_label_smoothing_01,Label smoothing ε=0.1,42,0.1,v3-extension,False
600,1.6218888759613037,1.442850947380066,0.1,2,ext_label_smoothing_01,Label smoothing ε=0.1,42,0.1,v3-extension,False
620,1.4983717203140259,1.2988282442092896,0.1,2,ext_label_smoothing_01,Label smoothing ε=0.1,42,0.1,v3-extension,False
640,1.5571447610855103,1.3777412176132202,0.1,2,ext_label_smoothing_01,Label smoothing ε=0.1,42,0.1,v3-extension,False
660,1.3775277137756348,1.1552757024765015,0.1,2,ext_label_smoothing_01,Label smoothing ε=0.1,42,0.1,v3-extension,False
680,1.650363564491272,1.4808869361877441,0.1,2,ext_label_smoothing_01,Label smoothing ε=0.1,42,0.1,v3-extension,False
700,1.4854421615600586,1.281329870223999,0.1,2,ext_label_smoothing_01,Label smoothing ε=0.1,42,0.1,v3-extension,False
720,1.442751407623291,1.222719669342041,0.1,3,ext_label_smoothing_01,Label smoothing ε=0.1,42,0.1,v3-extension,False
740,1.5374947786331177,1.3365893363952637,0.1,3,ext_label_smoothing_01,Label smoothing ε=0.1,42,0.1,v3-extension,False
760,1.4699193239212036,1.260978102684021,0.1,3,ext_label_smoothing_01,Label smoothing ε=0.1,42,0.1,v3-extension,False
780,1.4871158599853516,1.2617729902267456,0.1,3,ext_label_smoothing_01,Label smoothing ε=0.1,42,0.1,v3-extension,False
800,1.3997375965118408,1.189065933227539,0.1,3,ext_label_smoothing_01,Label smoothing ε=0.1,42,0.1,v3-extension,False
820,1.4553608894348145,1.2452588081359863,0.1,3,ext_label_smoothing_01,Label smoothing ε=0.1,42,0.1,v3-extension,False
840,1.5039949417114258,1.3100886344909668,0.1,3,ext_label_smoothing_01,Label smoothing ε=0.1,42,0.1,v3-extension,False
860,1.4106993675231934,1.1673946380615234,0.1,3,ext_label_smoothing_01,Label smoothing ε=0.1,42,0.1,v3-extension,False
880,1.4400322437286377,1.2429070472717285,0.1,3,ext_label_smoothing_01,Label smoothing ε=0.1,42,0.1,v3-extension,False
900,1.4387685060501099,1.2177417278289795,0.1,3,ext_label_smoothing_01,Label smoothing ε=0.1,42,0.1,v3-extension,False
920,1.3272576332092285,1.075965404510498,0.1,3,ext_label_smoothing_01,Label smoothing ε=0.1,42,0.1,v3-extension,False
940,1.4238728284835815,1.2015948295593262,0.1,3,ext_label_smoothing_01,Label smoothing ε=0.1,42,0.1,v3-extension,False
960,1.4178211688995361,1.191306710243225,0.1,3,ext_label_smoothing_01,Label smoothing ε=0.1,42,0.1,v3-extension,False
980,1.2795064449310303,1.0171788930892944,0.1,3,ext_label_smoothing_01,Label smoothing ε=0.1,42,0.1,v3-extension,False
1000,1.2610965967178345,1.007140874862671,0.1,3,ext_label_smoothing_01,Label smoothing ε=0.1,42,0.1,v3-extension,False
1020,1.3696048259735107,1.1111977100372314,0.1,3,ext_label_smoothing_01,Label smoothing ε=0.1,42,0.1,v3-extension,False
1040,1.3650468587875366,1.1270519495010376,0.1,3,ext_label_smoothing_01,Label smoothing ε=0.1,42,0.1,v3-extension,False
1060,1.2269346714019775,0.9830631017684937,0.1,4,ext_label_smoothing_01,Label smoothing ε=0.1,42,0.1,v3-extension,False
1080,1.3169416189193726,1.0761191844940186,0.1,4,ext_label_smoothing_01,Label smoothing ε=0.1,42,0.1,v3-extension,False
1100,1.4836164712905884,1.2760369777679443,0.1,4,ext_label_smoothing_01,Label smoothing ε=0.1,42,0.1,v3-extension,False
1120,1.2871067523956299,1.0408568382263184,0.1,4,ext_label_smoothing_01,Label smoothing ε=0.1,42,0.1,v3-extension,False
1140,1.2161839008331299,0.9212069511413574,0.1,4,ext_label_smoothing_01,Label smoothing ε=0.1,42,0.1,v3-extension,False
1160,1.2210805416107178,0.9624439477920532,0.1,4,ext_label_smoothing_01,Label smoothing ε=0.1,42,0.1,v3-extension,False
1180,1.1788535118103027,0.9105568528175354,0.1,4,ext_label_smoothing_01,Label smoothing ε=0.1,42,0.1,v3-extension,False
1200,1.1553869247436523,0.8501853942871094,0.1,4,ext_label_smoothing_01,Label smoothing ε=0.1,42,0.1,v3-extension,False
1220,1.2667510509490967,0.9938217997550964,0.1,4,ext_label_smoothing_01,Label smoothing ε=0.1,42,0.1,v3-extension,False
1240,1.0711779594421387,0.786077082157135,0.1,4,ext_label_smoothing_01,Label smoothing ε=0.1,42,0.1,v3-extension,False
1260,1.2232588529586792,0.9626032114028931,0.1,4,ext_label_smoothing_01,Label smoothing ε=0.1,42,0.1,v3-extension,False
1280,1.2371797561645508,1.0187206268310547,0.1,4,ext_label_smoothing_01,Label smoothing ε=0.1,42,0.1,v3-extension,False
1300,1.1498174667358398,0.8648396730422974,0.1,4,ext_label_smoothing_01,Label smoothing ε=0.1,42,0.1,v3-extension,False
1320,1.1015982627868652,0.7967401146888733,0.1,4,ext_label_smoothing_01,Label smoothing ε=0.1,42,0.1,v3-extension,False
1340,1.114241123199463,0.8071149587631226,0.1,4,ext_label_smoothing_01,Label smoothing ε=0.1,42,0.1,v3-extension,False
1360,1.154206395149231,0.8791837692260742,0.1,4,ext_label_smoothing_01,Label smoothing ε=0.1,42,0.1,v3-extension,False
1380,1.1787704229354858,0.8922061920166016,0.1,4,ext_label_smoothing_01,Label smoothing ε=0.1,42,0.1,v3-extension,False
1400,1.2377125024795532,0.9873067140579224,0.1,4,ext_label_smoothing_01,Label smoothing ε=0.1,42,0.1,v3-extension,False
1420,1.1796541213989258,0.8902224898338318,0.1,5,ext_label_smoothing_01,Label smoothing ε=0.1,42,0.1,v3-extension,False
1440,1.08340585231781,0.7947492599487305,0.1,5,ext_label_smoothing_01,Label smoothing ε=0.1,42,0.1,v3-extension,False
1460,1.163456916809082,0.8806363344192505,0.1,5,ext_label_smoothing_01,Label smoothing ε=0.1,42,0.1,v3-extension,False
1480,1.106536626815796,0.812553882598877,0.1,5,ext_label_smoothing_01,Label smoothing ε=0.1,42,0.1,v3-extension,False
1500,1.0378241539001465,0.7066777944564819,0.1,5,ext_label_smoothing_01,Label smoothing ε=0.1,42,0.1,v3-extension,False
1520,0.9184924960136414,0.5378802418708801,0.1,5,ext_label_smoothing_01,Label smoothing ε=0.1,42,0.1,v3-extension,False
1540,1.0535869598388672,0.735014796257019,0.1,5,ext_label_smoothing_01,Label smoothing ε=0.1,42,0.1,v3-extension,False
1560,1.1034612655639648,0.7926164865493774,0.1,5,ext_label_smoothing_01,Label smoothing ε=0.1,42,0.1,v3-extension,False
1580,1.0761191844940186,0.7724426984786987,0.1,5,ext_label_smoothing_01,Label smoothing ε=0.1,42,0.1,v3-extension,False
1600,1.0703256130218506,0.7678312659263611,0.1,5,ext_label_smoothing_01,Label smoothing ε=0.1,42,0.1,v3-extension,False
1620,1.1120073795318604,0.822654128074646,0.1,5,ext_label_smoothing_01,Label smoothing ε=0.1,42,0.1,v3-extension,False
1640,0.9171725511550903,0.5672426223754883,0.1,5,ext_label_smoothing_01,Label smoothing ε=0.1,42,0.1,v3-extension,False
1660,1.1098017692565918,0.8099386692047119,0.1,5,ext_label_smoothing_01,Label smoothing ε=0.1,42,0.1,v3-extension,False
1680,1.1177088022232056,0.8292204141616821,0.1,5,ext_label_smoothing_01,Label smoothing ε=0.1,42,0.1,v3-extension,False
1700,1.1845201253890991,0.9120645523071289,0.1,5,ext_label_smoothing_01,Label smoothing ε=0.1,42,0.1,v3-extension,False
1720,0.9319695234298706,0.5933904647827148,0.1,5,ext_label_smoothing_01,Label smoothing ε=0.1,42,0.1,v3-extension,False
1740,1.081312894821167,0.7786592245101929,0.1,5,ext_label_smoothing_01,Label smoothing ε=0.1,42,0.1,v3-extension,False
1760,0.9670900106430054,0.6471278667449951,0.1,6,ext_label_smoothing_01,Label smoothing ε=0.1,42,0.1,v3-extension,False
1780,0.9813129901885986,0.6426210403442383,0.1,6,ext_label_smoothing_01,Label smoothing ε=0.1,42,0.1,v3-extension,False
1800,1.069709062576294,0.7394528388977051,0.1,6,ext_label_smoothing_01,Label smoothing ε=0.1,42,0.1,v3-extension,False
1820,1.0294992923736572,0.7086045145988464,0.1,6,ext_label_smoothing_01,Label smoothing ε=0.1,42,0.1,v3-extension,False
1840,0.9614887237548828,0.6336002349853516,0.1,6,ext_label_smoothing_01,Label smoothing ε=0.1,42,0.1,v3-extension,False
1860,0.9622324705123901,0.6180073618888855,0.1,6,ext_label_smoothing_01,Label smoothing ε=0.1,42,0.1,v3-extension,False
1880,0.9742382764816284,0.6592779159545898,0.1,6,ext_label_smoothing_01,Label smoothing ε=0.1,42,0.1,v3-extension,False
1900,1.0040206909179688,0.7119007110595703,0.1,6,ext_label_smoothing_01,Label smoothing ε=0.1,42,0.1,v3-extension,False
1920,1.1240795850753784,0.8305374979972839,0.1,6,ext_label_smoothing_01,Label smoothing ε=0.1,42,0.1,v3-extension,False
1940,0.9652602076530457,0.6451661586761475,0.1,6,ext_label_smoothing_01,Label smoothing ε=0.1,42,0.1,v3-extension,False
1960,0.9709949493408203,0.6408898830413818,0.1,6,ext_label_smoothing_01,Label smoothing ε=0.1,42,0.1,v3-extension,False
1980,0.9333168268203735,0.6122074723243713,0.1,6,ext_label_smoothing_01,Label smoothing ε=0.1,42,0.1,v3-extension,False
2000,0.9906847476959229,0.6848546266555786,0.1,6,ext_label_smoothing_01,Label smoothing ε=0.1,42,0.1,v3-extension,False
2020,1.028229832649231,0.7036195993423462,0.1,6,ext_label_smoothing_01,Label smoothing ε=0.1,42,0.1,v3-extension,False
2040,0.9814369082450867,0.6628923416137695,0.1,6,ext_label_smoothing_01,Label smoothing ε=0.1,42,0.1,v3-extension,False
2060,1.0407140254974365,0.7489913105964661,0.1,6,ext_label_smoothing_01,Label smoothing ε=0.1,42,0.1,v3-extension,False
2080,1.0125035047531128,0.6811262369155884,0.1,6,ext_label_smoothing_01,Label smoothing ε=0.1,42,0.1,v3-extension,False
2100,1.0076649188995361,0.6865189671516418,0.1,6,ext_label_smoothing_01,Label smoothing ε=0.1,42,0.1,v3-extension,False
2120,0.8680497407913208,0.5009795427322388,0.1,7,ext_label_smoothing_01,Label smoothing ε=0.1,42,0.1,v3-extension,False
2140,0.8316479921340942,0.4432646334171295,0.1,7,ext_label_smoothing_01,Label smoothing ε=0.1,42,0.1,v3-extension,False
2160,0.7734730243682861,0.36827367544174194,0.1,7,ext_label_smoothing_01,Label smoothing ε=0.1,42,0.1,v3-extension,False
2180,0.8741573691368103,0.5014809370040894,0.1,7,ext_label_smoothing_01,Label smoothing ε=0.1,42,0.1,v3-extension,False
2200,0.8418986797332764,0.5099296569824219,0.1,7,ext_label_smoothing_01,Label smoothing ε=0.1,42,0.1,v3-extension,False
2220,0.8870464563369751,0.5148913860321045,0.1,7,ext_label_smoothing_01,Label smoothing ε=0.1,42,0.1,v3-extension,False
2240,0.8339793682098389,0.5079498291015625,0.1,7,ext_label_smoothing_01,Label smoothing ε=0.1,42,0.1,v3-extension,False
2260,0.8471751809120178,0.5182726383209229,0.1,7,ext_label_smoothing_01,Label smoothing ε=0.1,42,0.1,v3-extension,False
2280,0.9150317907333374,0.580669641494751,0.1,7,ext_label_smoothing_01,Label smoothing ε=0.1,42,0.1,v3-extension,False
2300,0.83141028881073,0.48142141103744507,0.1,7,ext_label_smoothing_01,Label smoothing ε=0.1,42,0.1,v3-extension,False
2320,0.8603758215904236,0.47843438386917114,0.1,7,ext_label_smoothing_01,Label smoothing ε=0.1,42,0.1,v3-extension,False
2340,0.8706735968589783,0.5379565954208374,0.1,7,ext_label_smoothing_01,Label smoothing ε=0.1,42,0.1,v3-extension,False
2360,0.7978627681732178,0.4389882981777191,0.1,7,ext_label_smoothing_01,Label smoothing ε=0.1,42,0.1,v3-extension,False
2380,0.84076988697052,0.47166794538497925,0.1,7,ext_label_smoothing_01,Label smoothing ε=0.1,42,0.1,v3-extension,False
2400,0.9198026657104492,0.5641282796859741,0.1,7,ext_label_smoothing_01,Label smoothing ε=0.1,42,0.1,v3-extension,False
2420,0.8719369769096375,0.49815288186073303,0.1,7,ext_label_smoothing_01,Label smoothing ε=0.1,42,0.1,v3-extension,False
2440,0.8742843866348267,0.5143535733222961,0.1,7,ext_label_smoothing_01,Label smoothing ε=0.1,42,0.1,v3-extension,False
2460,0.8908360600471497,0.5259069204330444,0.1,7,ext_label_smoothing_01,Label smoothing ε=0.1,42,0.1,v3-extension,False
2480,0.7514480948448181,0.34837305545806885,0.1,8,ext_label_smoothing_01,Label smoothing ε=0.1,42,0.1,v3-extension,False
2500,0.6864008903503418,0.2834829092025757,0.1,8,ext_label_smoothing_01,Label smoothing ε=0.1,42,0.1,v3-extension,False
2520,0.6897726058959961,0.27082520723342896,0.1,8,ext_label_smoothing_01,Label smoothing ε=0.1,42,0.1,v3-extension,False
2540,0.7142950296401978,0.31072455644607544,0.1,8,ext_label_smoothing_01,Label smoothing ε=0.1,42,0.1,v3-extension,False
2560,0.691376805305481,0.2883324921131134,0.1,8,ext_label_smoothing_01,Label smoothing ε=0.1,42,0.1,v3-extension,False
2580,0.7452952861785889,0.3889681398868561,0.1,8,ext_label_smoothing_01,Label smoothing ε=0.1,42,0.1,v3-extension,False
2600,0.6767331957817078,0.30312782526016235,0.1,8,ext_label_smoothing_01,Label smoothing ε=0.1,42,0.1,v3-extension,False
2620,0.750977098941803,0.3583410084247589,0.1,8,ext_label_smoothing_01,Label smoothing ε=0.1,42,0.1,v3-extension,False
2640,0.7023847103118896,0.30689579248428345,0.1,8,ext_label_smoothing_01,Label smoothing ε=0.1,42,0.1,v3-extension,False
2660,0.8075186610221863,0.43938958644866943,0.1,8,ext_label_smoothing_01,Label smoothing ε=0.1,42,0.1,v3-extension,False
2680,0.6899901628494263,0.29383307695388794,0.1,8,ext_label_smoothing_01,Label smoothing ε=0.1,42,0.1,v3-extension,False
2700,0.7678614854812622,0.4265555441379547,0.1,8,ext_label_smoothing_01,Label smoothing ε=0.1,42,0.1,v3-extension,False
2720,0.749313235282898,0.3635663390159607,0.1,8,ext_label_smoothing_01,Label smoothing ε=0.1,42,0.1,v3-extension,False
2740,0.7522331476211548,0.36133772134780884,0.1,8,ext_label_smoothing_01,Label smoothing ε=0.1,42,0.1,v3-extension,False
2760,0.8193536400794983,0.4604323208332062,0.1,8,ext_label_smoothing_01,Label smoothing ε=0.1,42,0.1,v3-extension,False
2780,0.7633883953094482,0.40320998430252075,0.1,8,ext_label_smoothing_01,Label smoothing ε=0.1,42,0.1,v3-extension,False
2800,0.7569620609283447,0.378448486328125,0.1,8,ext_label_smoothing_01,Label smoothing ε=0.1,42,0.1,v3-extension,False
2820,0.6943206787109375,0.2909643054008484,0.1,9,ext_label_smoothing_01,Label smoothing ε=0.1,42,0.1,v3-extension,False
2840,0.6889054775238037,0.27997493743896484,0.1,9,ext_label_smoothing_01,Label smoothing ε=0.1,42,0.1,v3-extension,False
2860,0.6603917479515076,0.2601069509983063,0.1,9,ext_label_smoothing_01,Label smoothing ε=0.1,42,0.1,v3-extension,False
2880,0.6460133790969849,0.23862062394618988,0.1,9,ext_label_smoothing_01,Label smoothing ε=0.1,42,0.1,v3-extension,False
2900,0.6510531902313232,0.24077297747135162,0.1,9,ext_label_smoothing_01,Label smoothing ε=0.1,42,0.1,v3-extension,False
2920,0.6389337778091431,0.23805926740169525,0.1,9,ext_label_smoothing_01,Label smoothing ε=0.1,42,0.1,v3-extension,False
2940,0.6181337833404541,0.22097566723823547,0.1,9,ext_label_smoothing_01,Label smoothing ε=0.1,42,0.1,v3-extension,False
2960,0.6470446586608887,0.23202121257781982,0.1,9,ext_label_smoothing_01,Label smoothing ε=0.1,42,0.1,v3-extension,False
2980,0.6264049410820007,0.23570367693901062,0.1,9,ext_label_smoothing_01,Label smoothing ε=0.1,42,0.1,v3-extension,False
3000,0.6315510272979736,0.24288839101791382,0.1,9,ext_label_smoothing_01,Label smoothing ε=0.1,42,0.1,v3-extension,False
3020,0.6468546986579895,0.24272844195365906,0.1,9,ext_label_smoothing_01,Label smoothing ε=0.1,42,0.1,v3-extension,False
3040,0.6210459470748901,0.219138503074646,0.1,9,ext_label_smoothing_01,Label smoothing ε=0.1,42,0.1,v3-extension,False
3060,0.6594682931900024,0.2569212317466736,0.1,9,ext_label_smoothing_01,Label smoothing ε=0.1,42,0.1,v3-extension,False
3080,0.6400554776191711,0.20779259502887726,0.1,9,ext_label_smoothing_01,Label smoothing ε=0.1,42,0.1,v3-extension,False
3100,0.688441276550293,0.313041627407074,0.1,9,ext_label_smoothing_01,Label smoothing ε=0.1,42,0.1,v3-extension,False
3120,0.6778721809387207,0.29979175329208374,0.1,9,ext_label_smoothing_01,Label smoothing ε=0.1,42,0.1,v3-extension,False
3140,0.6704299449920654,0.2712763845920563,0.1,9,ext_label_smoothing_01,Label smoothing ε=0.1,42,0.1,v3-extension,False
3160,0.62969571352005,0.22952494025230408,0.1,9,ext_label_smoothing_01,Label smoothing ε=0.1,42,0.1,v3-extension,False
3180,0.5937139987945557,0.1684195101261139,0.1,10,ext_label_smoothing_01,Label smoothing ε=0.1,42,0.1,v3-extension,False
3200,0.5938815474510193,0.18270784616470337,0.1,10,ext_label_smoothing_01,Label smoothing ε=0.1,42,0.1,v3-extension,False
3220,0.5683869123458862,0.1481534242630005,0.1,10,ext_label_smoothing_01,Label smoothing ε=0.1,42,0.1,v3-extension,False
3240,0.5596479773521423,0.1370294988155365,0.1,10,ext_label_smoothing_01,Label smoothing ε=0.1,42,0.1,v3-extension,False
3260,0.5908574461936951,0.17074449360370636,0.1,10,ext_label_smoothing_01,Label smoothing ε=0.1,42,0.1,v3-extension,False
3280,0.6060878038406372,0.1937885582447052,0.1,10,ext_label_smoothing_01,Label smoothing ε=0.1,42,0.1,v3-extension,False
3300,0.5756212472915649,0.1779845505952835,0.1,10,ext_label_smoothing_01,Label smoothing ε=0.1,42,0.1,v3-extension,False
3320,0.5713708996772766,0.16070690751075745,0.1,10,ext_label_smoothing_01,Label smoothing ε=0.1,42,0.1,v3-extension,False
3340,0.564045786857605,0.1370266079902649,0.1,10,ext_label_smoothing_01,Label smoothing ε=0.1,42,0.1,v3-extension,False
3360,0.5614315271377563,0.14038370549678802,0.1,10,ext_label_smoothing_01,Label smoothing ε=0.1,42,0.1,v3-extension,False
3380,0.5816668272018433,0.1654258668422699,0.1,10,ext_label_smoothing_01,Label smoothing ε=0.1,42,0.1,v3-extension,False
3400,0.5872195959091187,0.16791528463363647,0.1,10,ext_label_smoothing_01,Label smoothing ε=0.1,42,0.1,v3-extension,False
3420,0.5877687335014343,0.16891872882843018,0.1,10,ext_label_smoothing_01,Label smoothing ε=0.1,42,0.1,v3-extension,False
3440,0.6048954129219055,0.18848271667957306,0.1,10,ext_label_smoothing_01,Label smoothing ε=0.1,42,0.1,v3-extension,False
3460,0.5830535888671875,0.20484000444412231,0.1,10,ext_label_smoothing_01,Label smoothing ε=0.1,42,0.1,v3-extension,False
3480,0.6013830900192261,0.17927616834640503,0.1,10,ext_label_smoothing_01,Label smoothing ε=0.1,42,0.1,v3-extension,False
3500,0.5947312116622925,0.15385323762893677,0.1,10,ext_label_smoothing_01,Label smoothing ε=0.1,42,0.1,v3-extension,False
3520,0.5600616931915283,0.11960481107234955,0.1,11,ext_label_smoothing_01,Label smoothing ε=0.1,42,0.1,v3-extension,False
3540,0.5505868196487427,0.10503652691841125,0.1,11,ext_label_smoothing_01,Label smoothing ε=0.1,42,0.1,v3-extension,False
3560,0.5460421442985535,0.1356644332408905,0.1,11,ext_label_smoothing_01,Label smoothing ε=0.1,42,0.1,v3-extension,False
3580,0.5423130989074707,0.1319502294063568,0.1,11,ext_label_smoothing_01,Label smoothing ε=0.1,42,0.1,v3-extension,False
3600,0.5427314639091492,0.1183898001909256,0.1,11,ext_label_smoothing_01,Label smoothing ε=0.1,42,0.1,v3-extension,False
3620,0.538943886756897,0.12749159336090088,0.1,11,ext_label_smoothing_01,Label smoothing ε=0.1,42,0.1,v3-extension,False
3640,0.5435298681259155,0.130650594830513,0.1,11,ext_label_smoothing_01,Label smoothing ε=0.1,42,0.1,v3-extension,False
3660,0.5487536191940308,0.12263516336679459,0.1,11,ext_label_smoothing_01,Label smoothing ε=0.1,42,0.1,v3-extension,False
3680,0.5460903644561768,0.13712924718856812,0.1,11,ext_label_smoothing_01,Label smoothing ε=0.1,42,0.1,v3-extension,False
3700,0.5552827715873718,0.15119388699531555,0.1,11,ext_label_smoothing_01,Label smoothing ε=0.1,42,0.1,v3-extension,False
3720,0.5346648693084717,0.11041662096977234,0.1,11,ext_label_smoothing_01,Label smoothing ε=0.1,42,0.1,v3-extension,False
3740,0.5466147065162659,0.12502947449684143,0.1,11,ext_label_smoothing_01,Label smoothing ε=0.1,42,0.1,v3-extension,False
3760,0.5407348871231079,0.11260132491588593,0.1,11,ext_label_smoothing_01,Label smoothing ε=0.1,42,0.1,v3-extension,False
3780,0.5371063947677612,0.11294381320476532,0.1,11,ext_label_smoothing_01,Label smoothing ε=0.1,42,0.1,v3-extension,False
3800,0.5418317317962646,0.12437766045331955,0.1,11,ext_label_smoothing_01,Label smoothing ε=0.1,42,0.1,v3-extension,False
3820,0.5594301819801331,0.13200175762176514,0.1,11,ext_label_smoothing_01,Label smoothing ε=0.1,42,0.1,v3-extension,False
3840,0.5409432649612427,0.10350584983825684,0.1,11,ext_label_smoothing_01,Label smoothing ε=0.1,42,0.1,v3-extension,False
3860,0.551434338092804,0.13843272626399994,0.1,11,ext_label_smoothing_01,Label smoothing ε=0.1,42,0.1,v3-extension,False
3880,0.543410062789917,0.14635662734508514,0.1,12,ext_label_smoothing_01,Label smoothing ε=0.1,42,0.1,v3-extension,False
3900,0.5339376330375671,0.12485602498054504,0.1,12,ext_label_smoothing_01,Label smoothing ε=0.1,42,0.1,v3-extension,False
3920,0.5239081978797913,0.1196712851524353,0.1,12,ext_label_smoothing_01,Label smoothing ε=0.1,42,0.1,v3-extension,False
3940,0.5276917815208435,0.11700820922851562,0.1,12,ext_label_smoothing_01,Label smoothing ε=0.1,42,0.1,v3-extension,False
3960,0.5361287593841553,0.135332390666008,0.1,12,ext_label_smoothing_01,Label smoothing ε=0.1,42,0.1,v3-extension,False
3980,0.5314366221427917,0.10154864192008972,0.1,12,ext_label_smoothing_01,Label smoothing ε=0.1,42,0.1,v3-extension,False
4000,0.5237020254135132,0.09401311725378036,0.1,12,ext_label_smoothing_01,Label smoothing ε=0.1,42,0.1,v3-extension,False
4020,0.5364139080047607,0.12440350651741028,0.1,12,ext_label_smoothing_01,Label smoothing ε=0.1,42,0.1,v3-extension,False
4040,0.5258193016052246,0.08949814736843109,0.1,12,ext_label_smoothing_01,Label smoothing ε=0.1,42,0.1,v3-extension,False
4060,0.5256666541099548,0.13446839153766632,0.1,12,ext_label_smoothing_01,Label smoothing ε=0.1,42,0.1,v3-extension,False
4080,0.531321108341217,0.11316687613725662,0.1,12,ext_label_smoothing_01,Label smoothing ε=0.1,42,0.1,v3-extension,False
4100,0.5240272283554077,0.09900391101837158,0.1,12,ext_label_smoothing_01,Label smoothing ε=0.1,42,0.1,v3-extension,False
4120,0.539770781993866,0.12056787312030792,0.1,12,ext_label_smoothing_01,Label smoothing ε=0.1,42,0.1,v3-extension,False
4140,0.5337300896644592,0.10879888385534286,0.1,12,ext_label_smoothing_01,Label smoothing ε=0.1,42,0.1,v3-extension,False
4160,0.5311926603317261,0.10046534985303879,0.1,12,ext_label_smoothing_01,Label smoothing ε=0.1,42,0.1,v3-extension,False
4180,0.5231049656867981,0.10419461876153946,0.1,12,ext_label_smoothing_01,Label smoothing ε=0.1,42,0.1,v3-extension,False
4200,0.5304387807846069,0.10509268939495087,0.1,12,ext_label_smoothing_01,Label smoothing ε=0.1,42,0.1,v3-extension,False
4220,0.525068461894989,0.10229054093360901,0.1,12,ext_label_smoothing_01,Label smoothing ε=0.1,42,0.1,v3-extension,False
4240,0.5223261713981628,0.11968651413917542,0.1,13,ext_label_smoothing_01,Label smoothing ε=0.1,42,0.1,v3-extension,False
4260,0.5193586349487305,0.10721732676029205,0.1,13,ext_label_smoothing_01,Label smoothing ε=0.1,42,0.1,v3-extension,False
4280,0.5151297450065613,0.08933383971452713,0.1,13,ext_label_smoothing_01,Label smoothing ε=0.1,42,0.1,v3-extension,False
4300,0.5238083600997925,0.1193789467215538,0.1,13,ext_label_smoothing_01,Label smoothing ε=0.1,42,0.1,v3-extension,False
4320,0.5141567587852478,0.11014135181903839,0.1,13,ext_label_smoothing_01,Label smoothing ε=0.1,42,0.1,v3-extension,False
4340,0.5186734795570374,0.10376911610364914,0.1,13,ext_label_smoothing_01,Label smoothing ε=0.1,42,0.1,v3-extension,False
4360,0.5157887935638428,0.10130459815263748,0.1,13,ext_label_smoothing_01,Label smoothing ε=0.1,42,0.1,v3-extension,False
4380,0.5278738141059875,0.13051407039165497,0.1,13,ext_label_smoothing_01,Label smoothing ε=0.1,42,0.1,v3-extension,False
4400,0.523878276348114,0.10434660315513611,0.1,13,ext_label_smoothing_01,Label smoothing ε=0.1,42,0.1,v3-extension,False
4420,0.5168853998184204,0.10398000478744507,0.1,13,ext_label_smoothing_01,Label smoothing ε=0.1,42,0.1,v3-extension,False
4440,0.5148021578788757,0.10072767734527588,0.1,13,ext_label_smoothing_01,Label smoothing ε=0.1,42,0.1,v3-extension,False
4460,0.5162488222122192,0.09686070680618286,0.1,13,ext_label_smoothing_01,Label smoothing ε=0.1,42,0.1,v3-extension,False
4480,0.5160739421844482,0.07848542183637619,0.1,13,ext_label_smoothing_01,Label smoothing ε=0.1,42,0.1,v3-extension,False
4500,0.5133077502250671,0.09627654403448105,0.1,13,ext_label_smoothing_01,Label smoothing ε=0.1,42,0.1,v3-extension,False
4520,0.5139860510826111,0.10904078185558319,0.1,13,ext_label_smoothing_01,Label smoothing ε=0.1,42,0.1,v3-extension,False
4540,0.5168704986572266,0.1010744571685791,0.1,13,ext_label_smoothing_01,Label smoothing ε=0.1,42,0.1,v3-extension,False
4560,0.5191758275032043,0.10688623785972595,0.1,13,ext_label_smoothing_01,Label smoothing ε=0.1,42,0.1,v3-extension,False
4580,0.5120590925216675,0.10569947957992554,0.1,14,ext_label_smoothing_01,Label smoothing ε=0.1,42,0.1,v3-extension,False
4600,0.5163118243217468,0.0774460956454277,0.1,14,ext_label_smoothing_01,Label smoothing ε=0.1,42,0.1,v3-extension,False
4620,0.5152110457420349,0.11557689309120178,0.1,14,ext_label_smoothing_01,Label smoothing ε=0.1,42,0.1,v3-extension,False
4640,0.5129888653755188,0.10335579514503479,0.1,14,ext_label_smoothing_01,Label smoothing ε=0.1,42,0.1,v3-extension,False
4660,0.5129446983337402,0.11133261024951935,0.1,14,ext_label_smoothing_01,Label smoothing ε=0.1,42,0.1,v3-extension,False
4680,0.5124608278274536,0.11489878594875336,0.1,14,ext_label_smoothing_01,Label smoothing ε=0.1,42,0.1,v3-extension,False
4700,0.5145961046218872,0.12378958612680435,0.1,14,ext_label_smoothing_01,Label smoothing ε=0.1,42,0.1,v3-extension,False
4720,0.5117663145065308,0.11084023118019104,0.1,14,ext_label_smoothing_01,Label smoothing ε=0.1,42,0.1,v3-extension,False
4740,0.5146268606185913,0.11324059963226318,0.1,14,ext_label_smoothing_01,Label smoothing ε=0.1,42,0.1,v3-extension,False
4760,0.5148864388465881,0.10980299860239029,0.1,14,ext_label_smoothing_01,Label smoothing ε=0.1,42,0.1,v3-extension,False
4780,0.5113194584846497,0.0925958976149559,0.1,14,ext_label_smoothing_01,Label smoothing ε=0.1,42,0.1,v3-extension,False
4800,0.5128616094589233,0.09806416928768158,0.1,14,ext_label_smoothing_01,Label smoothing ε=0.1,42,0.1,v3-extension,False
4820,0.5140187740325928,0.1051800325512886,0.1,14,ext_label_smoothing_01,Label smoothing ε=0.1,42,0.1,v3-extension,False
4840,0.5113798975944519,0.09393319487571716,0.1,14,ext_label_smoothing_01,Label smoothing ε=0.1,42,0.1,v3-extension,False
4860,0.5185040235519409,0.11759179830551147,0.1,14,ext_label_smoothing_01,Label smoothing ε=0.1,42,0.1,v3-extension,False
4880,0.5156529545783997,0.10582314431667328,0.1,14,ext_label_smoothing_01,Label smoothing ε=0.1,42,0.1,v3-extension,False
4900,0.5117618441581726,0.09671030938625336,0.1,14,ext_label_smoothing_01,Label smoothing ε=0.1,42,0.1,v3-extension,False
4920,0.5125139951705933,0.09678908437490463,0.1,14,ext_label_smoothing_01,Label smoothing ε=0.1,42,0.1,v3-extension,False
4940,0.5108553767204285,0.1062832921743393,0.1,15,ext_label_smoothing_01,Label smoothing ε=0.1,42,0.1,v3-extension,False
4960,0.5120562314987183,0.10773036628961563,0.1,15,ext_label_smoothing_01,Label smoothing ε=0.1,42,0.1,v3-extension,False
4980,0.511785089969635,0.0858536809682846,0.1,15,ext_label_smoothing_01,Label smoothing ε=0.1,42,0.1,v3-extension,False
5000,0.5113310813903809,0.11041133105754852,0.1,15,ext_label_smoothing_01,Label smoothing ε=0.1,42,0.1,v3-extension,False
5020,0.5112898349761963,0.09984877705574036,0.1,15,ext_label_smoothing_01,Label smoothing ε=0.1,42,0.1,v3-extension,False
5040,0.5092862844467163,0.10675587505102158,0.1,15,ext_label_smoothing_01,Label smoothing ε=0.1,42,0.1,v3-extension,False
5060,0.5091618895530701,0.11212019622325897,0.1,15,ext_label_smoothing_01,Label smoothing ε=0.1,42,0.1,v3-extension,False
5080,0.5097113847732544,0.1006065309047699,0.1,15,ext_label_smoothing_01,Label smoothing ε=0.1,42,0.1,v3-extension,False
5100,0.5097419023513794,0.09506857395172119,0.1,15,ext_label_smoothing_01,Label smoothing ε=0.1,42,0.1,v3-extension,False
5120,0.5105859041213989,0.09692168980836868,0.1,15,ext_label_smoothing_01,Label smoothing ε=0.1,42,0.1,v3-extension,False
5140,0.5105993151664734,0.09947989881038666,0.1,15,ext_label_smoothing_01,Label smoothing ε=0.1,42,0.1,v3-extension,False
5160,0.5090775489807129,0.10519123077392578,0.1,15,ext_label_smoothing_01,Label smoothing ε=0.1,42,0.1,v3-extension,False
5180,0.5087347030639648,0.08902788907289505,0.1,15,ext_label_smoothing_01,Label smoothing ε=0.1,42,0.1,v3-extension,False
5200,0.5108754634857178,0.07773013412952423,0.1,15,ext_label_smoothing_01,Label smoothing ε=0.1,42,0.1,v3-extension,False
5220,0.5084310173988342,0.09533664584159851,0.1,15,ext_label_smoothing_01,Label smoothing ε=0.1,42,0.1,v3-extension,False
5240,0.5092677474021912,0.10667173564434052,0.1,15,ext_label_smoothing_01,Label smoothing ε=0.1,42,0.1,v3-extension,False
5260,0.5123637318611145,0.10694396495819092,0.1,15,ext_label_smoothing_01,Label smoothing ε=0.1,42,0.1,v3-extension,False
5280,0.5080680847167969,0.08642889559268951,0.1,16,ext_label_smoothing_01,Label smoothing ε=0.1,42,0.1,v3-extension,False
5300,0.508876383304596,0.08133181184530258,0.1,16,ext_label_smoothing_01,Label smoothing ε=0.1,42,0.1,v3-extension,False
5320,0.5076079964637756,0.08757622539997101,0.1,16,ext_label_smoothing_01,Label smoothing ε=0.1,42,0.1,v3-extension,False
5340,0.5098046064376831,0.09125785529613495,0.1,16,ext_label_smoothing_01,Label smoothing ε=0.1,42,0.1,v3-extension,False
5360,0.5104032754898071,0.10465466976165771,0.1,16,ext_label_smoothing_01,Label smoothing ε=0.1,42,0.1,v3-extension,False
5380,0.508660614490509,0.10428883880376816,0.1,16,ext_label_smoothing_01,Label smoothing ε=0.1,42,0.1,v3-extension,False
5400,0.5080139636993408,0.08650366961956024,0.1,16,ext_label_smoothing_01,Label smoothing ε=0.1,42,0.1,v3-extension,False
5420,0.5129610300064087,0.11471661180257797,0.1,16,ext_label_smoothing_01,Label smoothing ε=0.1,42,0.1,v3-extension,False
5440,0.5072487592697144,0.09175461530685425,0.1,16,ext_label_smoothing_01,Label smoothing ε=0.1,42,0.1,v3-extension,False
5460,0.509233832359314,0.0960945188999176,0.1,16,ext_label_smoothing_01,Label smoothing ε=0.1,42,0.1,v3-extension,False
5480,0.5117391347885132,0.10468403995037079,0.1,16,ext_label_smoothing_01,Label smoothing ε=0.1,42,0.1,v3-extension,False
5500,0.5103444457054138,0.10199384391307831,0.1,16,ext_label_smoothing_01,Label smoothing ε=0.1,42,0.1,v3-extension,False
5520,0.5072069764137268,0.10372242331504822,0.1,16,ext_label_smoothing_01,Label smoothing ε=0.1,42,0.1,v3-extension,False
5540,0.5131997466087341,0.09551459550857544,0.1,16,ext_label_smoothing_01,Label smoothing ε=0.1,42,0.1,v3-extension,False
5560,0.5100851655006409,0.08330561220645905,0.1,16,ext_label_smoothing_01,Label smoothing ε=0.1,42,0.1,v3-extension,False
5580,0.5085722208023071,0.08661209046840668,0.1,16,ext_label_smoothing_01,Label smoothing ε=0.1,42,0.1,v3-extension,False
5600,0.5083379745483398,0.09665217250585556,0.1,16,ext_label_smoothing_01,Label smoothing ε=0.1,42,0.1,v3-extension,False
5620,0.5088241696357727,0.09721077978610992,0.1,16,ext_label_smoothing_01,Label smoothing ε=0.1,42,0.1,v3-extension,False
5640,0.5086228251457214,0.07903455197811127,0.1,17,ext_label_smoothing_01,Label smoothing ε=0.1,42,0.1,v3-extension,False
5660,0.5085245370864868,0.10074660181999207,0.1,17,ext_label_smoothing_01,Label smoothing ε=0.1,42,0.1,v3-extension,False
5680,0.5111611485481262,0.11452622711658478,0.1,17,ext_label_smoothing_01,Label smoothing ε=0.1,42,0.1,v3-extension,False
5700,0.5085413455963135,0.09935607761144638,0.1,17,ext_label_smoothing_01,Label smoothing ε=0.1,42,0.1,v3-extension,False
5720,0.5063108801841736,0.0948915183544159,0.1,17,ext_label_smoothing_01,Label smoothing ε=0.1,42,0.1,v3-extension,False
5740,0.5053842067718506,0.09076379239559174,0.1,17,ext_label_smoothing_01,Label smoothing ε=0.1,42,0.1,v3-extension,False
5760,0.5068825483322144,0.10124298185110092,0.1,17,ext_label_smoothing_01,Label smoothing ε=0.1,42,0.1,v3-extension,False
5780,0.5063830614089966,0.08843302726745605,0.1,17,ext_label_smoothing_01,Label smoothing ε=0.1,42,0.1,v3-extension,False
5800,0.5131196975708008,0.12323563545942307,0.1,17,ext_label_smoothing_01,Label smoothing ε=0.1,42,0.1,v3-extension,False
5820,0.5066958069801331,0.102866992354393,0.1,17,ext_label_smoothing_01,Label smoothing ε=0.1,42,0.1,v3-extension,False
5840,0.5087481737136841,0.09454609453678131,0.1,17,ext_label_smoothing_01,Label smoothing ε=0.1,42,0.1,v3-extension,False
5860,0.50815749168396,0.091034434735775,0.1,17,ext_label_smoothing_01,Label smoothing ε=0.1,42,0.1,v3-extension,False
5880,0.507975697517395,0.10385506600141525,0.1,17,ext_label_smoothing_01,Label smoothing ε=0.1,42,0.1,v3-extension,False
5900,0.5059597492218018,0.10339154303073883,0.1,17,ext_label_smoothing_01,Label smoothing ε=0.1,42,0.1,v3-extension,False
5920,0.5086681246757507,0.10461517423391342,0.1,17,ext_label_smoothing_01,Label smoothing ε=0.1,42,0.1,v3-extension,False
5940,0.5072646737098694,0.11370641738176346,0.1,17,ext_label_smoothing_01,Label smoothing ε=0.1,42,0.1,v3-extension,False
5960,0.5057677030563354,0.10042569041252136,0.1,17,ext_label_smoothing_01,Label smoothing ε=0.1,42,0.1,v3-extension,False
5980,0.507544219493866,0.10989049077033997,0.1,17,ext_label_smoothing_01,Label smoothing ε=0.1,42,0.1,v3-extension,False
6000,0.5079570412635803,0.09222105145454407,0.1,18,ext_label_smoothing_01,Label smoothing ε=0.1,42,0.1,v3-extension,False
6020,0.506168782711029,0.09622393548488617,0.1,18,ext_label_smoothing_01,Label smoothing ε=0.1,42,0.1,v3-extension,False
6040,0.5055369138717651,0.09280361980199814,0.1,18,ext_label_smoothing_01,Label smoothing ε=0.1,42,0.1,v3-extension,False
6060,0.5059149265289307,0.0830787792801857,0.1,18,ext_label_smoothing_01,Label smoothing ε=0.1,42,0.1,v3-extension,False
6080,0.5069112777709961,0.08760841935873032,0.1,18,ext_label_smoothing_01,Label smoothing ε=0.1,42,0.1,v3-extension,False
6100,0.5078527927398682,0.10756392776966095,0.1,18,ext_label_smoothing_01,Label smoothing ε=0.1,42,0.1,v3-extension,False
6120,0.5073803067207336,0.09768323600292206,0.1,18,ext_label_smoothing_01,Label smoothing ε=0.1,42,0.1,v3-extension,False
6140,0.5093249678611755,0.1048726737499237,0.1,18,ext_label_smoothing_01,Label smoothing ε=0.1,42,0.1,v3-extension,False
6160,0.5064462423324585,0.10191743075847626,0.1,18,ext_label_smoothing_01,Label smoothing ε=0.1,42,0.1,v3-extension,False
6180,0.5068012475967407,0.09368381649255753,0.1,18,ext_label_smoothing_01,Label smoothing ε=0.1,42,0.1,v3-extension,False
6200,0.508503794670105,0.1141861230134964,0.1,18,ext_label_smoothing_01,Label smoothing ε=0.1,42,0.1,v3-extension,False
6220,0.5051076412200928,0.09461485594511032,0.1,18,ext_label_smoothing_01,Label smoothing ε=0.1,42,0.1,v3-extension,False
6240,0.509673535823822,0.11177753657102585,0.1,18,ext_label_smoothing_01,Label smoothing ε=0.1,42,0.1,v3-extension,False
6260,0.5062985420227051,0.09820316731929779,0.1,18,ext_label_smoothing_01,Label smoothing ε=0.1,42,0.1,v3-extension,False
6280,0.5056532025337219,0.10593082010746002,0.1,18,ext_label_smoothing_01,Label smoothing ε=0.1,42,0.1,v3-extension,False
6300,0.509854793548584,0.11127828061580658,0.1,18,ext_label_smoothing_01,Label smoothing ε=0.1,42,0.1,v3-extension,False
6320,0.5069527626037598,0.08402248471975327,0.1,18,ext_label_smoothing_01,Label smoothing ε=0.1,42,0.1,v3-extension,False
6340,0.5063751339912415,0.08551360666751862,0.1,19,ext_label_smoothing_01,Label smoothing ε=0.1,42,0.1,v3-extension,False
6360,0.5066039562225342,0.09183154255151749,0.1,19,ext_label_smoothing_01,Label smoothing ε=0.1,42,0.1,v3-extension,False
6380,0.5077605843544006,0.11040733754634857,0.1,19,ext_label_smoothing_01,Label smoothing ε=0.1,42,0.1,v3-extension,False
6400,0.5070688128471375,0.10455211997032166,0.1,19,ext_label_smoothing_01,Label smoothing ε=0.1,42,0.1,v3-extension,False
6420,0.5071737766265869,0.1033954918384552,0.1,19,ext_label_smoothing_01,Label smoothing ε=0.1,42,0.1,v3-extension,False
6440,0.5081737041473389,0.10783058404922485,0.1,19,ext_label_smoothing_01,Label smoothing ε=0.1,42,0.1,v3-extension,False
6460,0.5076205134391785,0.0913972556591034,0.1,19,ext_label_smoothing_01,Label smoothing ε=0.1,42,0.1,v3-extension,False
6480,0.504948079586029,0.09991403669118881,0.1,19,ext_label_smoothing_01,Label smoothing ε=0.1,42,0.1,v3-extension,False
6500,0.506249189376831,0.09132532775402069,0.1,19,ext_label_smoothing_01,Label smoothing ε=0.1,42,0.1,v3-extension,False
6520,0.5050735473632812,0.10017958283424377,0.1,19,ext_label_smoothing_01,Label smoothing ε=0.1,42,0.1,v3-extension,False
6540,0.5067140460014343,0.08416996151208878,0.1,19,ext_label_smoothing_01,Label smoothing ε=0.1,42,0.1,v3-extension,False
6560,0.5060206651687622,0.0963219478726387,0.1,19,ext_label_smoothing_01,Label smoothing ε=0.1,42,0.1,v3-extension,False
6580,0.5078161358833313,0.11102832853794098,0.1,19,ext_label_smoothing_01,Label smoothing ε=0.1,42,0.1,v3-extension,False
6600,0.5060477256774902,0.08542235195636749,0.1,19,ext_label_smoothing_01,Label smoothing ε=0.1,42,0.1,v3-extension,False
6620,0.5047246217727661,0.09037076681852341,0.1,19,ext_label_smoothing_01,Label smoothing ε=0.1,42,0.1,v3-extension,False
6640,0.5052223205566406,0.09468983113765717,0.1,19,ext_label_smoothing_01,Label smoothing ε=0.1,42,0.1,v3-extension,False
6660,0.5056487917900085,0.08614318072795868,0.1,19,ext_label_smoothing_01,Label smoothing ε=0.1,42,0.1,v3-extension,False
6680,0.5059430599212646,0.10032913833856583,0.1,19,ext_label_smoothing_01,Label smoothing ε=0.1,42,0.1,v3-extension,False
6700,0.5046103000640869,0.09277291595935822,0.1,20,ext_label_smoothing_01,Label smoothing ε=0.1,42,0.1,v3-extension,False
6720,0.504816472530365,0.09683384001255035,0.1,20,ext_label_smoothing_01,Label smoothing ε=0.1,42,0.1,v3-extension,False
6740,0.5061155557632446,0.10605829954147339,0.1,20,ext_label_smoothing_01,Label smoothing ε=0.1,42,0.1,v3-extension,False
6760,0.5055890083312988,0.1003710925579071,0.1,20,ext_label_smoothing_01,Label smoothing ε=0.1,42,0.1,v3-extension,False
6780,0.505058228969574,0.09122414141893387,0.1,20,ext_label_smoothing_01,Label smoothing ε=0.1,42,0.1,v3-extension,False
6800,0.5066609978675842,0.08611977100372314,0.1,20,ext_label_smoothing_01,Label smoothing ε=0.1,42,0.1,v3-extension,False
6820,0.5049577951431274,0.09441165626049042,0.1,20,ext_label_smoothing_01,Label smoothing ε=0.1,42,0.1,v3-extension,False
6840,0.503804087638855,0.09256575256586075,0.1,20,ext_label_smoothing_01,Label smoothing ε=0.1,42,0.1,v3-extension,False
6860,0.5049792528152466,0.09189102053642273,0.1,20,ext_label_smoothing_01,Label smoothing ε=0.1,42,0.1,v3-extension,False
6880,0.505943775177002,0.08683925867080688,0.1,20,ext_label_smoothing_01,Label smoothing ε=0.1,42,0.1,v3-extension,False
6900,0.5050725340843201,0.07928735017776489,0.1,20,ext_label_smoothing_01,Label smoothing ε=0.1,42,0.1,v3-extension,False
6920,0.505735456943512,0.09419745206832886,0.1,20,ext_label_smoothing_01,Label smoothing ε=0.1,42,0.1,v3-extension,False
6940,0.5065076351165771,0.10453081130981445,0.1,20,ext_label_smoothing_01,Label smoothing ε=0.1,42,0.1,v3-extension,False
6960,0.5074683427810669,0.08926640450954437,0.1,20,ext_label_smoothing_01,Label smoothing ε=0.1,42,0.1,v3-extension,False
6980,0.5051146745681763,0.09942874312400818,0.1,20,ext_label_smoothing_01,Label smoothing ε=0.1,42,0.1,v3-extension,False
7000,0.5064535737037659,0.09836281090974808,0.1,20,ext_label_smoothing_01,Label smoothing ε=0.1,42,0.1,v3-extension,False
7020,0.5070939660072327,0.11548091471195221,0.1,20,ext_label_smoothing_01,Label smoothing ε=0.1,42,0.1,v3-extension,False
0,2.3559370040893555,2.34922456741333,0.1,1,ext_label_smoothing_01,Label smoothing ε=0.1,2026,0.1,v3-extension,False
20,2.772827386856079,2.728037118911743,0.1,1,ext_label_smoothing_01,Label smoothing ε=0.1,2026,0.1,v3-extension,False
40,2.271897554397583,2.239501476287842,0.1,1,ext_label_smoothing_01,Label smoothing ε=0.1,2026,0.1,v3-extension,False
60,2.1332619190216064,2.090770721435547,0.1,1,ext_label_smoothing_01,Label smoothing ε=0.1,2026,0.1,v3-extension,False
80,2.09574294090271,2.026928424835205,0.1,1,ext_label_smoothing_01,Label smoothing ε=0.1,2026,0.1,v3-extension,False
100,2.005037784576416,1.9230380058288574,0.1,1,ext_label_smoothing_01,Label smoothing ε=0.1,2026,0.1,v3-extension,False
120,1.949894666671753,1.8335011005401611,0.1,1,ext_label_smoothing_01,Label smoothing ε=0.1,2026,0.1,v3-extension,False
140,1.9589920043945312,1.8821864128112793,0.1,1,ext_label_smoothing_01,Label smoothing ε=0.1,2026,0.1,v3-extension,False
160,1.9447427988052368,1.8435418605804443,0.1,1,ext_label_smoothing_01,Label smoothing ε=0.1,2026,0.1,v3-extension,False
180,1.9829154014587402,1.8861149549484253,0.1,1,ext_label_smoothing_01,Label smoothing ε=0.1,2026,0.1,v3-extension,False
200,1.6952663660049438,1.5596435070037842,0.1,1,ext_label_smoothing_01,Label smoothing ε=0.1,2026,0.1,v3-extension,False
220,1.7824146747589111,1.6597802639007568,0.1,1,ext_label_smoothing_01,Label smoothing ε=0.1,2026,0.1,v3-extension,False
240,1.7544305324554443,1.5915910005569458,0.1,1,ext_label_smoothing_01,Label smoothing ε=0.1,2026,0.1,v3-extension,False
260,1.769049882888794,1.6352481842041016,0.1,1,ext_label_smoothing_01,Label smoothing ε=0.1,2026,0.1,v3-extension,False
280,1.6667661666870117,1.4953913688659668,0.1,1,ext_label_smoothing_01,Label smoothing ε=0.1,2026,0.1,v3-extension,False
300,1.7790863513946533,1.6242257356643677,0.1,1,ext_label_smoothing_01,Label smoothing ε=0.1,2026,0.1,v3-extension,False
320,1.7023663520812988,1.5520662069320679,0.1,1,ext_label_smoothing_01,Label smoothing ε=0.1,2026,0.1,v3-extension,False
340,1.6704188585281372,1.4920061826705933,0.1,1,ext_label_smoothing_01,Label smoothing ε=0.1,2026,0.1,v3-extension,False
360,1.5753250122070312,1.377175211906433,0.1,2,ext_label_smoothing_01,Label smoothing ε=0.1,2026,0.1,v3-extension,False
380,1.638073205947876,1.4724820852279663,0.1,2,ext_label_smoothing_01,Label smoothing ε=0.1,2026,0.1,v3-extension,False
400,1.7322793006896973,1.596110224723816,0.1,2,ext_label_smoothing_01,Label smoothing ε=0.1,2026,0.1,v3-extension,False
420,1.649111270904541,1.5076147317886353,0.1,2,ext_label_smoothing_01,Label smoothing ε=0.1,2026,0.1,v3-extension,False
440,1.6194579601287842,1.439199686050415,0.1,2,ext_label_smoothing_01,Label smoothing ε=0.1,2026,0.1,v3-extension,False
460,1.6237987279891968,1.4591865539550781,0.1,2,ext_label_smoothing_01,Label smoothing ε=0.1,2026,0.1,v3-extension,False
480,1.564123511314392,1.3857496976852417,0.1,2,ext_label_smoothing_01,Label smoothing ε=0.1,2026,0.1,v3-extension,False
500,1.5318825244903564,1.3512547016143799,0.1,2,ext_label_smoothing_01,Label smoothing ε=0.1,2026,0.1,v3-extension,False
520,1.6092405319213867,1.427427053451538,0.1,2,ext_label_smoothing_01,Label smoothing ε=0.1,2026,0.1,v3-extension,False
540,1.6684409379959106,1.5118416547775269,0.1,2,ext_label_smoothing_01,Label smoothing ε=0.1,2026,0.1,v3-extension,False
560,1.6719017028808594,1.473514199256897,0.1,2,ext_label_smoothing_01,Label smoothing ε=0.1,2026,0.1,v3-extension,False
580,1.4570410251617432,1.2655370235443115,0.1,2,ext_label_smoothing_01,Label smoothing ε=0.1,2026,0.1,v3-extension,False
600,1.4729249477386475,1.3023698329925537,0.1,2,ext_label_smoothing_01,Label smoothing ε=0.1,2026,0.1,v3-extension,False
620,1.4508057832717896,1.2442231178283691,0.1,2,ext_label_smoothing_01,Label smoothing ε=0.1,2026,0.1,v3-extension,False
640,1.4342105388641357,1.2216991186141968,0.1,2,ext_label_smoothing_01,Label smoothing ε=0.1,2026,0.1,v3-extension,False
660,1.4004783630371094,1.1859307289123535,0.1,2,ext_label_smoothing_01,Label smoothing ε=0.1,2026,0.1,v3-extension,False
680,1.2855051755905151,1.0538034439086914,0.1,2,ext_label_smoothing_01,Label smoothing ε=0.1,2026,0.1,v3-extension,False
700,1.4052436351776123,1.1819844245910645,0.1,2,ext_label_smoothing_01,Label smoothing ε=0.1,2026,0.1,v3-extension,False
720,1.2857766151428223,1.0436532497406006,0.1,3,ext_label_smoothing_01,Label smoothing ε=0.1,2026,0.1,v3-extension,False
740,1.2549303770065308,1.0110039710998535,0.1,3,ext_label_smoothing_01,Label smoothing ε=0.1,2026,0.1,v3-extension,False
760,1.2611044645309448,1.0064328908920288,0.1,3,ext_label_smoothing_01,Label smoothing ε=0.1,2026,0.1,v3-extension,False
780,1.4154515266418457,1.1686468124389648,0.1,3,ext_label_smoothing_01,Label smoothing ε=0.1,2026,0.1,v3-extension,False
800,1.3757191896438599,1.1482172012329102,0.1,3,ext_label_smoothing_01,Label smoothing ε=0.1,2026,0.1,v3-extension,False
820,1.4795541763305664,1.2593355178833008,0.1,3,ext_label_smoothing_01,Label smoothing ε=0.1,2026,0.1,v3-extension,False
840,1.4419361352920532,1.200305700302124,0.1,3,ext_label_smoothing_01,Label smoothing ε=0.1,2026,0.1,v3-extension,False
860,1.3784890174865723,1.101538896560669,0.1,3,ext_label_smoothing_01,Label smoothing ε=0.1,2026,0.1,v3-extension,False
880,1.2892193794250488,1.0513259172439575,0.1,3,ext_label_smoothing_01,Label smoothing ε=0.1,2026,0.1,v3-extension,False
900,1.309756875038147,1.0382356643676758,0.1,3,ext_label_smoothing_01,Label smoothing ε=0.1,2026,0.1,v3-extension,False
920,1.175631046295166,0.8558271527290344,0.1,3,ext_label_smoothing_01,Label smoothing ε=0.1,2026,0.1,v3-extension,False
940,1.2641654014587402,0.9767411351203918,0.1,3,ext_label_smoothing_01,Label smoothing ε=0.1,2026,0.1,v3-extension,False
960,1.2504634857177734,0.9560502767562866,0.1,3,ext_label_smoothing_01,Label smoothing ε=0.1,2026,0.1,v3-extension,False
980,1.3624725341796875,1.104727029800415,0.1,3,ext_label_smoothing_01,Label smoothing ε=0.1,2026,0.1,v3-extension,False
1000,1.24713134765625,0.9913086891174316,0.1,3,ext_label_smoothing_01,Label smoothing ε=0.1,2026,0.1,v3-extension,False
1020,1.3003069162368774,1.0406240224838257,0.1,3,ext_label_smoothing_01,Label smoothing ε=0.1,2026,0.1,v3-extension,False
1040,1.1345679759979248,0.8720271587371826,0.1,3,ext_label_smoothing_01,Label smoothing ε=0.1,2026,0.1,v3-extension,False
1060,1.012293815612793,0.6912455558776855,0.1,4,ext_label_smoothing_01,Label smoothing ε=0.1,2026,0.1,v3-extension,False
1080,1.057538390159607,0.7653956413269043,0.1,4,ext_label_smoothing_01,Label smoothing ε=0.1,2026,0.1,v3-extension,False
1100,1.2657642364501953,0.9952905774116516,0.1,4,ext_label_smoothing_01,Label smoothing ε=0.1,2026,0.1,v3-extension,False
1120,1.1781516075134277,0.8983982801437378,0.1,4,ext_label_smoothing_01,Label smoothing ε=0.1,2026,0.1,v3-extension,False
1140,1.1050465106964111,0.7795412540435791,0.1,4,ext_label_smoothing_01,Label smoothing ε=0.1,2026,0.1,v3-extension,False
1160,1.1901928186416626,0.8624458312988281,0.1,4,ext_label_smoothing_01,Label smoothing ε=0.1,2026,0.1,v3-extension,False
1180,1.3175662755966187,1.0545470714569092,0.1,4,ext_label_smoothing_01,Label smoothing ε=0.1,2026,0.1,v3-extension,False
1200,1.1547019481658936,0.8620259761810303,0.1,4,ext_label_smoothing_01,Label smoothing ε=0.1,2026,0.1,v3-extension,False
1220,1.2564936876296997,1.0003876686096191,0.1,4,ext_label_smoothing_01,Label smoothing ε=0.1,2026,0.1,v3-extension,False
1240,1.249143362045288,0.9524024724960327,0.1,4,ext_label_smoothing_01,Label smoothing ε=0.1,2026,0.1,v3-extension,False
1260,1.1323596239089966,0.8282376527786255,0.1,4,ext_label_smoothing_01,Label smoothing ε=0.1,2026,0.1,v3-extension,False
1280,1.1082649230957031,0.8024052381515503,0.1,4,ext_label_smoothing_01,Label smoothing ε=0.1,2026,0.1,v3-extension,False
1300,1.148957371711731,0.8608197569847107,0.1,4,ext_label_smoothing_01,Label smoothing ε=0.1,2026,0.1,v3-extension,False
1320,1.1108530759811401,0.8292099237442017,0.1,4,ext_label_smoothing_01,Label smoothing ε=0.1,2026,0.1,v3-extension,False
1340,1.1481765508651733,0.8713114261627197,0.1,4,ext_label_smoothing_01,Label smoothing ε=0.1,2026,0.1,v3-extension,False
1360,1.198682427406311,0.9420320987701416,0.1,4,ext_label_smoothing_01,Label smoothing ε=0.1,2026,0.1,v3-extension,False
1380,0.996402382850647,0.6665887832641602,0.1,4,ext_label_smoothing_01,Label smoothing ε=0.1,2026,0.1,v3-extension,False
1400,1.0885341167449951,0.8013664484024048,0.1,4,ext_label_smoothing_01,Label smoothing ε=0.1,2026,0.1,v3-extension,False
1420,0.9822050333023071,0.6633602380752563,0.1,5,ext_label_smoothing_01,Label smoothing ε=0.1,2026,0.1,v3-extension,False
1440,1.0726096630096436,0.7222657203674316,0.1,5,ext_label_smoothing_01,Label smoothing ε=0.1,2026,0.1,v3-extension,False
1460,1.031355381011963,0.6748302578926086,0.1,5,ext_label_smoothing_01,Label smoothing ε=0.1,2026,0.1,v3-extension,False
1480,1.0089070796966553,0.6880565881729126,0.1,5,ext_label_smoothing_01,Label smoothing ε=0.1,2026,0.1,v3-extension,False
1500,1.0279160737991333,0.7292318940162659,0.1,5,ext_label_smoothing_01,Label smoothing ε=0.1,2026,0.1,v3-extension,False
1520,1.0079319477081299,0.6829577684402466,0.1,5,ext_label_smoothing_01,Label smoothing ε=0.1,2026,0.1,v3-extension,False
1540,0.925830602645874,0.5559839010238647,0.1,5,ext_label_smoothing_01,Label smoothing ε=0.1,2026,0.1,v3-extension,False
1560,1.0581227540969849,0.7262853384017944,0.1,5,ext_label_smoothing_01,Label smoothing ε=0.1,2026,0.1,v3-extension,False
1580,0.9436608552932739,0.6051831841468811,0.1,5,ext_label_smoothing_01,Label smoothing ε=0.1,2026,0.1,v3-extension,False
1600,0.9371680021286011,0.6176173090934753,0.1,5,ext_label_smoothing_01,Label smoothing ε=0.1,2026,0.1,v3-extension,False
1620,1.0209519863128662,0.7548190355300903,0.1,5,ext_label_smoothing_01,Label smoothing ε=0.1,2026,0.1,v3-extension,False
1640,1.001997947692871,0.6602982878684998,0.1,5,ext_label_smoothing_01,Label smoothing ε=0.1,2026,0.1,v3-extension,False
1660,0.9227375984191895,0.6012066602706909,0.1,5,ext_label_smoothing_01,Label smoothing ε=0.1,2026,0.1,v3-extension,False
1680,0.98783278465271,0.6522364616394043,0.1,5,ext_label_smoothing_01,Label smoothing ε=0.1,2026,0.1,v3-extension,False
1700,1.0139316320419312,0.650327205657959,0.1,5,ext_label_smoothing_01,Label smoothing ε=0.1,2026,0.1,v3-extension,False
1720,0.9626501798629761,0.6218313574790955,0.1,5,ext_label_smoothing_01,Label smoothing ε=0.1,2026,0.1,v3-extension,False
1740,0.9524976015090942,0.6174992322921753,0.1,5,ext_label_smoothing_01,Label smoothing ε=0.1,2026,0.1,v3-extension,False
1760,0.8684184551239014,0.5264803171157837,0.1,6,ext_label_smoothing_01,Label smoothing ε=0.1,2026,0.1,v3-extension,False
1780,0.840622067451477,0.4630880057811737,0.1,6,ext_label_smoothing_01,Label smoothing ε=0.1,2026,0.1,v3-extension,False
1800,0.8434571027755737,0.49897730350494385,0.1,6,ext_label_smoothing_01,Label smoothing ε=0.1,2026,0.1,v3-extension,False
1820,0.8323556184768677,0.4407528042793274,0.1,6,ext_label_smoothing_01,Label smoothing ε=0.1,2026,0.1,v3-extension,False
1840,0.8884896039962769,0.560735821723938,0.1,6,ext_label_smoothing_01,Label smoothing ε=0.1,2026,0.1,v3-extension,False
1860,0.8692736625671387,0.4945472180843353,0.1,6,ext_label_smoothing_01,Label smoothing ε=0.1,2026,0.1,v3-extension,False
1880,0.8103947639465332,0.4581054449081421,0.1,6,ext_label_smoothing_01,Label smoothing ε=0.1,2026,0.1,v3-extension,False
1900,0.8418426513671875,0.46593162417411804,0.1,6,ext_label_smoothing_01,Label smoothing ε=0.1,2026,0.1,v3-extension,False
1920,0.8196328282356262,0.43376362323760986,0.1,6,ext_label_smoothing_01,Label smoothing ε=0.1,2026,0.1,v3-extension,False
1940,0.9038954973220825,0.5450915098190308,0.1,6,ext_label_smoothing_01,Label smoothing ε=0.1,2026,0.1,v3-extension,False
1960,0.9949319362640381,0.6697594523429871,0.1,6,ext_label_smoothing_01,Label smoothing ε=0.1,2026,0.1,v3-extension,False
1980,0.8273105621337891,0.4209158718585968,0.1,6,ext_label_smoothing_01,Label smoothing ε=0.1,2026,0.1,v3-extension,False
2000,0.9490811824798584,0.5833550691604614,0.1,6,ext_label_smoothing_01,Label smoothing ε=0.1,2026,0.1,v3-extension,False
2020,0.7828729152679443,0.40604302287101746,0.1,6,ext_label_smoothing_01,Label smoothing ε=0.1,2026,0.1,v3-extension,False
2040,0.8111780285835266,0.4109795093536377,0.1,6,ext_label_smoothing_01,Label smoothing ε=0.1,2026,0.1,v3-extension,False
2060,0.8097637891769409,0.44698238372802734,0.1,6,ext_label_smoothing_01,Label smoothing ε=0.1,2026,0.1,v3-extension,False
2080,0.8577867746353149,0.4908110499382019,0.1,6,ext_label_smoothing_01,Label smoothing ε=0.1,2026,0.1,v3-extension,False
2100,0.8540673851966858,0.49008041620254517,0.1,6,ext_label_smoothing_01,Label smoothing ε=0.1,2026,0.1,v3-extension,False
2120,0.854224443435669,0.47598695755004883,0.1,7,ext_label_smoothing_01,Label smoothing ε=0.1,2026,0.1,v3-extension,False
2140,0.7763031721115112,0.41348445415496826,0.1,7,ext_label_smoothing_01,Label smoothing ε=0.1,2026,0.1,v3-extension,False
2160,0.7249409556388855,0.3679421544075012,0.1,7,ext_label_smoothing_01,Label smoothing ε=0.1,2026,0.1,v3-extension,False
2180,0.8107810616493225,0.3723407983779907,0.1,7,ext_label_smoothing_01,Label smoothing ε=0.1,2026,0.1,v3-extension,False
2200,0.756271481513977,0.3427445888519287,0.1,7,ext_label_smoothing_01,Label smoothing ε=0.1,2026,0.1,v3-extension,False
2220,0.758685827255249,0.36073535680770874,0.1,7,ext_label_smoothing_01,Label smoothing ε=0.1,2026,0.1,v3-extension,False
2240,0.8172117471694946,0.46529871225357056,0.1,7,ext_label_smoothing_01,Label smoothing ε=0.1,2026,0.1,v3-extension,False
2260,0.8053630590438843,0.43295466899871826,0.1,7,ext_label_smoothing_01,Label smoothing ε=0.1,2026,0.1,v3-extension,False
2280,0.7265509963035583,0.26232093572616577,0.1,7,ext_label_smoothing_01,Label smoothing ε=0.1,2026,0.1,v3-extension,False
2300,0.7464785575866699,0.3807724714279175,0.1,7,ext_label_smoothing_01,Label smoothing ε=0.1,2026,0.1,v3-extension,False
2320,0.7646439075469971,0.3547939956188202,0.1,7,ext_label_smoothing_01,Label smoothing ε=0.1,2026,0.1,v3-extension,False
2340,0.8557971715927124,0.5010456442832947,0.1,7,ext_label_smoothing_01,Label smoothing ε=0.1,2026,0.1,v3-extension,False
2360,0.8619692325592041,0.4302528500556946,0.1,7,ext_label_smoothing_01,Label smoothing ε=0.1,2026,0.1,v3-extension,False
2380,0.7168765068054199,0.32723239064216614,0.1,7,ext_label_smoothing_01,Label smoothing ε=0.1,2026,0.1,v3-extension,False
2400,0.7702239751815796,0.39448657631874084,0.1,7,ext_label_smoothing_01,Label smoothing ε=0.1,2026,0.1,v3-extension,False
2420,0.7974632382392883,0.4443212151527405,0.1,7,ext_label_smoothing_01,Label smoothing ε=0.1,2026,0.1,v3-extension,False
2440,0.8557255268096924,0.5052515268325806,0.1,7,ext_label_smoothing_01,Label smoothing ε=0.1,2026,0.1,v3-extension,False
2460,0.8155131340026855,0.42400887608528137,0.1,7,ext_label_smoothing_01,Label smoothing ε=0.1,2026,0.1,v3-extension,False
2480,0.6502797603607178,0.2620082497596741,0.1,8,ext_label_smoothing_01,Label smoothing ε=0.1,2026,0.1,v3-extension,False
2500,0.6784014105796814,0.29721513390541077,0.1,8,ext_label_smoothing_01,Label smoothing ε=0.1,2026,0.1,v3-extension,False
2520,0.6517531871795654,0.19677504897117615,0.1,8,ext_label_smoothing_01,Label smoothing ε=0.1,2026,0.1,v3-extension,False
2540,0.6464067697525024,0.251660019159317,0.1,8,ext_label_smoothing_01,Label smoothing ε=0.1,2026,0.1,v3-extension,False
2560,0.6689819097518921,0.22277474403381348,0.1,8,ext_label_smoothing_01,Label smoothing ε=0.1,2026,0.1,v3-extension,False
2580,0.6273382902145386,0.23299774527549744,0.1,8,ext_label_smoothing_01,Label smoothing ε=0.1,2026,0.1,v3-extension,False
2600,0.6627334952354431,0.250796914100647,0.1,8,ext_label_smoothing_01,Label smoothing ε=0.1,2026,0.1,v3-extension,False
2620,0.6436789631843567,0.24133309721946716,0.1,8,ext_label_smoothing_01,Label smoothing ε=0.1,2026,0.1,v3-extension,False
2640,0.6664901971817017,0.27152198553085327,0.1,8,ext_label_smoothing_01,Label smoothing ε=0.1,2026,0.1,v3-extension,False
2660,0.7194869518280029,0.30905771255493164,0.1,8,ext_label_smoothing_01,Label smoothing ε=0.1,2026,0.1,v3-extension,False
2680,0.6349496245384216,0.202788844704628,0.1,8,ext_label_smoothing_01,Label smoothing ε=0.1,2026,0.1,v3-extension,False
2700,0.6776880025863647,0.2777203917503357,0.1,8,ext_label_smoothing_01,Label smoothing ε=0.1,2026,0.1,v3-extension,False
2720,0.6984553337097168,0.3339230716228485,0.1,8,ext_label_smoothing_01,Label smoothing ε=0.1,2026,0.1,v3-extension,False
2740,0.6689059734344482,0.27110058069229126,0.1,8,ext_label_smoothing_01,Label smoothing ε=0.1,2026,0.1,v3-extension,False
2760,0.6421365737915039,0.2104908525943756,0.1,8,ext_label_smoothing_01,Label smoothing ε=0.1,2026,0.1,v3-extension,False
2780,0.7924041748046875,0.40716350078582764,0.1,8,ext_label_smoothing_01,Label smoothing ε=0.1,2026,0.1,v3-extension,False
2800,0.6619300842285156,0.23035001754760742,0.1,8,ext_label_smoothing_01,Label smoothing ε=0.1,2026,0.1,v3-extension,False
2820,0.62447190284729,0.1755191683769226,0.1,9,ext_label_smoothing_01,Label smoothing ε=0.1,2026,0.1,v3-extension,False
2840,0.6262707710266113,0.24955111742019653,0.1,9,ext_label_smoothing_01,Label smoothing ε=0.1,2026,0.1,v3-extension,False
2860,0.6230543851852417,0.22159171104431152,0.1,9,ext_label_smoothing_01,Label smoothing ε=0.1,2026,0.1,v3-extension,False
2880,0.6338422298431396,0.23088668286800385,0.1,9,ext_label_smoothing_01,Label smoothing ε=0.1,2026,0.1,v3-extension,False
2900,0.5667353272438049,0.15671005845069885,0.1,9,ext_label_smoothing_01,Label smoothing ε=0.1,2026,0.1,v3-extension,False
2920,0.6143947243690491,0.16385941207408905,0.1,9,ext_label_smoothing_01,Label smoothing ε=0.1,2026,0.1,v3-extension,False
2940,0.6040769815444946,0.20083403587341309,0.1,9,ext_label_smoothing_01,Label smoothing ε=0.1,2026,0.1,v3-extension,False
2960,0.6097592115402222,0.18124672770500183,0.1,9,ext_label_smoothing_01,Label smoothing ε=0.1,2026,0.1,v3-extension,False
2980,0.57689368724823,0.17427727580070496,0.1,9,ext_label_smoothing_01,Label smoothing ε=0.1,2026,0.1,v3-extension,False
3000,0.6059344410896301,0.21059834957122803,0.1,9,ext_label_smoothing_01,Label smoothing ε=0.1,2026,0.1,v3-extension,False
3020,0.59059739112854,0.20013882219791412,0.1,9,ext_label_smoothing_01,Label smoothing ε=0.1,2026,0.1,v3-extension,False
3040,0.5973119735717773,0.15578269958496094,0.1,9,ext_label_smoothing_01,Label smoothing ε=0.1,2026,0.1,v3-extension,False
3060,0.6359336376190186,0.22406110167503357,0.1,9,ext_label_smoothing_01,Label smoothing ε=0.1,2026,0.1,v3-extension,False
3080,0.6337506771087646,0.17918650805950165,0.1,9,ext_label_smoothing_01,Label smoothing ε=0.1,2026,0.1,v3-extension,False
3100,0.5938915610313416,0.16816741228103638,0.1,9,ext_label_smoothing_01,Label smoothing ε=0.1,2026,0.1,v3-extension,False
3120,0.6542454957962036,0.2750855088233948,0.1,9,ext_label_smoothing_01,Label smoothing ε=0.1,2026,0.1,v3-extension,False
3140,0.5802233219146729,0.15015128254890442,0.1,9,ext_label_smoothing_01,Label smoothing ε=0.1,2026,0.1,v3-extension,False
3160,0.677568793296814,0.21218344569206238,0.1,9,ext_label_smoothing_01,Label smoothing ε=0.1,2026,0.1,v3-extension,False
3180,0.579645037651062,0.13233928382396698,0.1,10,ext_label_smoothing_01,Label smoothing ε=0.1,2026,0.1,v3-extension,False
3200,0.5742592215538025,0.08990389108657837,0.1,10,ext_label_smoothing_01,Label smoothing ε=0.1,2026,0.1,v3-extension,False
3220,0.5616790056228638,0.1415930539369583,0.1,10,ext_label_smoothing_01,Label smoothing ε=0.1,2026,0.1,v3-extension,False
3240,0.5501033663749695,0.11016474664211273,0.1,10,ext_label_smoothing_01,Label smoothing ε=0.1,2026,0.1,v3-extension,False
3260,0.5602459907531738,0.16185280680656433,0.1,10,ext_label_smoothing_01,Label smoothing ε=0.1,2026,0.1,v3-extension,False
3280,0.5447359681129456,0.11872220784425735,0.1,10,ext_label_smoothing_01,Label smoothing ε=0.1,2026,0.1,v3-extension,False
3300,0.5672383308410645,0.17381927371025085,0.1,10,ext_label_smoothing_01,Label smoothing ε=0.1,2026,0.1,v3-extension,False
3320,0.5597276091575623,0.14192119240760803,0.1,10,ext_label_smoothing_01,Label smoothing ε=0.1,2026,0.1,v3-extension,False
3340,0.5437877774238586,0.11609147489070892,0.1,10,ext_label_smoothing_01,Label smoothing ε=0.1,2026,0.1,v3-extension,False
3360,0.5624206066131592,0.15307743847370148,0.1,10,ext_label_smoothing_01,Label smoothing ε=0.1,2026,0.1,v3-extension,False
3380,0.5515109896659851,0.14360152184963226,0.1,10,ext_label_smoothing_01,Label smoothing ε=0.1,2026,0.1,v3-extension,False
3400,0.5547598004341125,0.10679617524147034,0.1,10,ext_label_smoothing_01,Label smoothing ε=0.1,2026,0.1,v3-extension,False
3420,0.5429558157920837,0.12744444608688354,0.1,10,ext_label_smoothing_01,Label smoothing ε=0.1,2026,0.1,v3-extension,False
3440,0.5596252679824829,0.1251724660396576,0.1,10,ext_label_smoothing_01,Label smoothing ε=0.1,2026,0.1,v3-extension,False
3460,0.5582823753356934,0.14545947313308716,0.1,10,ext_label_smoothing_01,Label smoothing ε=0.1,2026,0.1,v3-extension,False
3480,0.5653545260429382,0.14997398853302002,0.1,10,ext_label_smoothing_01,Label smoothing ε=0.1,2026,0.1,v3-extension,False
3500,0.5462433099746704,0.1362868845462799,0.1,10,ext_label_smoothing_01,Label smoothing ε=0.1,2026,0.1,v3-extension,False
3520,0.528023898601532,0.12652775645256042,0.1,11,ext_label_smoothing_01,Label smoothing ε=0.1,2026,0.1,v3-extension,False
3540,0.5322051048278809,0.10506878793239594,0.1,11,ext_label_smoothing_01,Label smoothing ε=0.1,2026,0.1,v3-extension,False
3560,0.5317033529281616,0.1237855851650238,0.1,11,ext_label_smoothing_01,Label smoothing ε=0.1,2026,0.1,v3-extension,False
3580,0.5259580016136169,0.09408900141716003,0.1,11,ext_label_smoothing_01,Label smoothing ε=0.1,2026,0.1,v3-extension,False
3600,0.527657151222229,0.08844128251075745,0.1,11,ext_label_smoothing_01,Label smoothing ε=0.1,2026,0.1,v3-extension,False
3620,0.5345135927200317,0.13604918122291565,0.1,11,ext_label_smoothing_01,Label smoothing ε=0.1,2026,0.1,v3-extension,False
3640,0.5216216444969177,0.11604410409927368,0.1,11,ext_label_smoothing_01,Label smoothing ε=0.1,2026,0.1,v3-extension,False
3660,0.5302579998970032,0.13761334121227264,0.1,11,ext_label_smoothing_01,Label smoothing ε=0.1,2026,0.1,v3-extension,False
3680,0.5228244066238403,0.11128464341163635,0.1,11,ext_label_smoothing_01,Label smoothing ε=0.1,2026,0.1,v3-extension,False
3700,0.5508221983909607,0.16706746816635132,0.1,11,ext_label_smoothing_01,Label smoothing ε=0.1,2026,0.1,v3-extension,False
3720,0.5293394923210144,0.1096961721777916,0.1,11,ext_label_smoothing_01,Label smoothing ε=0.1,2026,0.1,v3-extension,False
3740,0.523510754108429,0.11493907868862152,0.1,11,ext_label_smoothing_01,Label smoothing ε=0.1,2026,0.1,v3-extension,False
3760,0.5350447297096252,0.10552142560482025,0.1,11,ext_label_smoothing_01,Label smoothing ε=0.1,2026,0.1,v3-extension,False
3780,0.5332066416740417,0.11099555343389511,0.1,11,ext_label_smoothing_01,Label smoothing ε=0.1,2026,0.1,v3-extension,False
3800,0.5403856039047241,0.11220122128725052,0.1,11,ext_label_smoothing_01,Label smoothing ε=0.1,2026,0.1,v3-extension,False
3820,0.546360969543457,0.1313442587852478,0.1,11,ext_label_smoothing_01,Label smoothing ε=0.1,2026,0.1,v3-extension,False
3840,0.5706082582473755,0.19340647757053375,0.1,11,ext_label_smoothing_01,Label smoothing ε=0.1,2026,0.1,v3-extension,False
3860,0.5370548963546753,0.09179875254631042,0.1,11,ext_label_smoothing_01,Label smoothing ε=0.1,2026,0.1,v3-extension,False
3880,0.5183141827583313,0.09455899894237518,0.1,12,ext_label_smoothing_01,Label smoothing ε=0.1,2026,0.1,v3-extension,False
3900,0.5178053975105286,0.10423620045185089,0.1,12,ext_label_smoothing_01,Label smoothing ε=0.1,2026,0.1,v3-extension,False
3920,0.5229606628417969,0.09814360737800598,0.1,12,ext_label_smoothing_01,Label smoothing ε=0.1,2026,0.1,v3-extension,False
3940,0.5187094211578369,0.12086904048919678,0.1,12,ext_label_smoothing_01,Label smoothing ε=0.1,2026,0.1,v3-extension,False
3960,0.5419875979423523,0.11442506313323975,0.1,12,ext_label_smoothing_01,Label smoothing ε=0.1,2026,0.1,v3-extension,False
3980,0.5154426693916321,0.08812960237264633,0.1,12,ext_label_smoothing_01,Label smoothing ε=0.1,2026,0.1,v3-extension,False
4000,0.535627543926239,0.0897451639175415,0.1,12,ext_label_smoothing_01,Label smoothing ε=0.1,2026,0.1,v3-extension,False
4020,0.5198471546173096,0.10715999454259872,0.1,12,ext_label_smoothing_01,Label smoothing ε=0.1,2026,0.1,v3-extension,False
4040,0.5224727988243103,0.10499908030033112,0.1,12,ext_label_smoothing_01,Label smoothing ε=0.1,2026,0.1,v3-extension,False
4060,0.5171983242034912,0.08585704118013382,0.1,12,ext_label_smoothing_01,Label smoothing ε=0.1,2026,0.1,v3-extension,False
4080,0.5322517156600952,0.1316320300102234,0.1,12,ext_label_smoothing_01,Label smoothing ε=0.1,2026,0.1,v3-extension,False
4100,0.5208137631416321,0.08802196383476257,0.1,12,ext_label_smoothing_01,Label smoothing ε=0.1,2026,0.1,v3-extension,False
4120,0.5215398073196411,0.10749153792858124,0.1,12,ext_label_smoothing_01,Label smoothing ε=0.1,2026,0.1,v3-extension,False
4140,0.5437644720077515,0.13735440373420715,0.1,12,ext_label_smoothing_01,Label smoothing ε=0.1,2026,0.1,v3-extension,False
4160,0.5220346450805664,0.12937042117118835,0.1,12,ext_label_smoothing_01,Label smoothing ε=0.1,2026,0.1,v3-extension,False
4180,0.5212712287902832,0.09071409702301025,0.1,12,ext_label_smoothing_01,Label smoothing ε=0.1,2026,0.1,v3-extension,False
4200,0.5310840010643005,0.1398187279701233,0.1,12,ext_label_smoothing_01,Label smoothing ε=0.1,2026,0.1,v3-extension,False
4220,0.523283839225769,0.09450304508209229,0.1,12,ext_label_smoothing_01,Label smoothing ε=0.1,2026,0.1,v3-extension,False
4240,0.5173614025115967,0.12201669812202454,0.1,13,ext_label_smoothing_01,Label smoothing ε=0.1,2026,0.1,v3-extension,False
4260,0.5184752941131592,0.08964908123016357,0.1,13,ext_label_smoothing_01,Label smoothing ε=0.1,2026,0.1,v3-extension,False
4280,0.5139594078063965,0.11263447999954224,0.1,13,ext_label_smoothing_01,Label smoothing ε=0.1,2026,0.1,v3-extension,False
4300,0.5124782919883728,0.10652513802051544,0.1,13,ext_label_smoothing_01,Label smoothing ε=0.1,2026,0.1,v3-extension,False
4320,0.5169927477836609,0.09522071480751038,0.1,13,ext_label_smoothing_01,Label smoothing ε=0.1,2026,0.1,v3-extension,False
4340,0.5220136046409607,0.10166133940219879,0.1,13,ext_label_smoothing_01,Label smoothing ε=0.1,2026,0.1,v3-extension,False
4360,0.5283509492874146,0.0822473093867302,0.1,13,ext_label_smoothing_01,Label smoothing ε=0.1,2026,0.1,v3-extension,False
4380,0.518457293510437,0.1023324728012085,0.1,13,ext_label_smoothing_01,Label smoothing ε=0.1,2026,0.1,v3-extension,False
4400,0.5132016539573669,0.09588082134723663,0.1,13,ext_label_smoothing_01,Label smoothing ε=0.1,2026,0.1,v3-extension,False
4420,0.5186314582824707,0.11221028119325638,0.1,13,ext_label_smoothing_01,Label smoothing ε=0.1,2026,0.1,v3-extension,False
4440,0.5136783719062805,0.10149240493774414,0.1,13,ext_label_smoothing_01,Label smoothing ε=0.1,2026,0.1,v3-extension,False
4460,0.5127633810043335,0.09799417853355408,0.1,13,ext_label_smoothing_01,Label smoothing ε=0.1,2026,0.1,v3-extension,False
4480,0.5196744203567505,0.12960875034332275,0.1,13,ext_label_smoothing_01,Label smoothing ε=0.1,2026,0.1,v3-extension,False
4500,0.5205923318862915,0.11110834032297134,0.1,13,ext_label_smoothing_01,Label smoothing ε=0.1,2026,0.1,v3-extension,False
4520,0.5171627998352051,0.08070765435695648,0.1,13,ext_label_smoothing_01,Label smoothing ε=0.1,2026,0.1,v3-extension,False
4540,0.517788827419281,0.09847209602594376,0.1,13,ext_label_smoothing_01,Label smoothing ε=0.1,2026,0.1,v3-extension,False
4560,0.5539534687995911,0.1431402713060379,0.1,13,ext_label_smoothing_01,Label smoothing ε=0.1,2026,0.1,v3-extension,False
4580,0.5106449127197266,0.09698997437953949,0.1,14,ext_label_smoothing_01,Label smoothing ε=0.1,2026,0.1,v3-extension,False
4600,0.5123307704925537,0.09950066357851028,0.1,14,ext_label_smoothing_01,Label smoothing ε=0.1,2026,0.1,v3-extension,False
4620,0.5171592235565186,0.09723113477230072,0.1,14,ext_label_smoothing_01,Label smoothing ε=0.1,2026,0.1,v3-extension,False
4640,0.5101979970932007,0.11501745879650116,0.1,14,ext_label_smoothing_01,Label smoothing ε=0.1,2026,0.1,v3-extension,False
4660,0.5150859951972961,0.10818307101726532,0.1,14,ext_label_smoothing_01,Label smoothing ε=0.1,2026,0.1,v3-extension,False
4680,0.5122887492179871,0.09680329263210297,0.1,14,ext_label_smoothing_01,Label smoothing ε=0.1,2026,0.1,v3-extension,False
4700,0.5114737153053284,0.10148540139198303,0.1,14,ext_label_smoothing_01,Label smoothing ε=0.1,2026,0.1,v3-extension,False
4720,0.5165730714797974,0.11029230058193207,0.1,14,ext_label_smoothing_01,Label smoothing ε=0.1,2026,0.1,v3-extension,False
4740,0.5088645219802856,0.10266628861427307,0.1,14,ext_label_smoothing_01,Label smoothing ε=0.1,2026,0.1,v3-extension,False
4760,0.5128799676895142,0.08334729075431824,0.1,14,ext_label_smoothing_01,Label smoothing ε=0.1,2026,0.1,v3-extension,False
4780,0.5079344511032104,0.09791821241378784,0.1,14,ext_label_smoothing_01,Label smoothing ε=0.1,2026,0.1,v3-extension,False
4800,0.5088023543357849,0.10048425197601318,0.1,14,ext_label_smoothing_01,Label smoothing ε=0.1,2026,0.1,v3-extension,False
4820,0.5194134712219238,0.11622339487075806,0.1,14,ext_label_smoothing_01,Label smoothing ε=0.1,2026,0.1,v3-extension,False
4840,0.508796751499176,0.09689941257238388,0.1,14,ext_label_smoothing_01,Label smoothing ε=0.1,2026,0.1,v3-extension,False
4860,0.5109348297119141,0.11126603931188583,0.1,14,ext_label_smoothing_01,Label smoothing ε=0.1,2026,0.1,v3-extension,False
4880,0.510601282119751,0.10316746681928635,0.1,14,ext_label_smoothing_01,Label smoothing ε=0.1,2026,0.1,v3-extension,False
4900,0.5096490383148193,0.11720715463161469,0.1,14,ext_label_smoothing_01,Label smoothing ε=0.1,2026,0.1,v3-extension,False
4920,0.5150681138038635,0.13127048313617706,0.1,14,ext_label_smoothing_01,Label smoothing ε=0.1,2026,0.1,v3-extension,False
4940,0.5339868664741516,0.13101071119308472,0.1,15,ext_label_smoothing_01,Label smoothing ε=0.1,2026,0.1,v3-extension,False
4960,0.5117558836936951,0.10315704345703125,0.1,15,ext_label_smoothing_01,Label smoothing ε=0.1,2026,0.1,v3-extension,False
4980,0.507825493812561,0.09149815142154694,0.1,15,ext_label_smoothing_01,Label smoothing ε=0.1,2026,0.1,v3-extension,False
5000,0.5095648765563965,0.10488468408584595,0.1,15,ext_label_smoothing_01,Label smoothing ε=0.1,2026,0.1,v3-extension,False
5020,0.5112276673316956,0.10704305022954941,0.1,15,ext_label_smoothing_01,Label smoothing ε=0.1,2026,0.1,v3-extension,False
5040,0.5103215575218201,0.1032755896449089,0.1,15,ext_label_smoothing_01,Label smoothing ε=0.1,2026,0.1,v3-extension,False
5060,0.5103766322135925,0.10064525902271271,0.1,15,ext_label_smoothing_01,Label smoothing ε=0.1,2026,0.1,v3-extension,False
5080,0.5144239068031311,0.07913999259471893,0.1,15,ext_label_smoothing_01,Label smoothing ε=0.1,2026,0.1,v3-extension,False
5100,0.5132562518119812,0.08077377080917358,0.1,15,ext_label_smoothing_01,Label smoothing ε=0.1,2026,0.1,v3-extension,False
5120,0.5131944417953491,0.08878287672996521,0.1,15,ext_label_smoothing_01,Label smoothing ε=0.1,2026,0.1,v3-extension,False
5140,0.5105761289596558,0.10647054016590118,0.1,15,ext_label_smoothing_01,Label smoothing ε=0.1,2026,0.1,v3-extension,False
5160,0.5098490715026855,0.09527966380119324,0.1,15,ext_label_smoothing_01,Label smoothing ε=0.1,2026,0.1,v3-extension,False
5180,0.5098808407783508,0.09375026822090149,0.1,15,ext_label_smoothing_01,Label smoothing ε=0.1,2026,0.1,v3-extension,False
5200,0.509594202041626,0.08557836711406708,0.1,15,ext_label_smoothing_01,Label smoothing ε=0.1,2026,0.1,v3-extension,False
5220,0.5117117166519165,0.0892438292503357,0.1,15,ext_label_smoothing_01,Label smoothing ε=0.1,2026,0.1,v3-extension,False
5240,0.5088589191436768,0.10600747913122177,0.1,15,ext_label_smoothing_01,Label smoothing ε=0.1,2026,0.1,v3-extension,False
5260,0.5211711525917053,0.13878215849399567,0.1,15,ext_label_smoothing_01,Label smoothing ε=0.1,2026,0.1,v3-extension,False
5280,0.5071554780006409,0.09993508458137512,0.1,16,ext_label_smoothing_01,Label smoothing ε=0.1,2026,0.1,v3-extension,False
5300,0.5071451663970947,0.09884874522686005,0.1,16,ext_label_smoothing_01,Label smoothing ε=0.1,2026,0.1,v3-extension,False
5320,0.5061437487602234,0.1001657024025917,0.1,16,ext_label_smoothing_01,Label smoothing ε=0.1,2026,0.1,v3-extension,False
5340,0.5078316926956177,0.09849293529987335,0.1,16,ext_label_smoothing_01,Label smoothing ε=0.1,2026,0.1,v3-extension,False
5360,0.5116474628448486,0.08279220014810562,0.1,16,ext_label_smoothing_01,Label smoothing ε=0.1,2026,0.1,v3-extension,False
5380,0.5174033641815186,0.07952895760536194,0.1,16,ext_label_smoothing_01,Label smoothing ε=0.1,2026,0.1,v3-extension,False
5400,0.5099896788597107,0.09497672319412231,0.1,16,ext_label_smoothing_01,Label smoothing ε=0.1,2026,0.1,v3-extension,False
5420,0.5110509991645813,0.1212124228477478,0.1,16,ext_label_smoothing_01,Label smoothing ε=0.1,2026,0.1,v3-extension,False
5440,0.5159318447113037,0.11232651770114899,0.1,16,ext_label_smoothing_01,Label smoothing ε=0.1,2026,0.1,v3-extension,False
5460,0.5093591213226318,0.0887572318315506,0.1,16,ext_label_smoothing_01,Label smoothing ε=0.1,2026,0.1,v3-extension,False
5480,0.5088547468185425,0.09559354931116104,0.1,16,ext_label_smoothing_01,Label smoothing ε=0.1,2026,0.1,v3-extension,False
5500,0.510277271270752,0.09581738710403442,0.1,16,ext_label_smoothing_01,Label smoothing ε=0.1,2026,0.1,v3-extension,False
5520,0.5113474130630493,0.11175364255905151,0.1,16,ext_label_smoothing_01,Label smoothing ε=0.1,2026,0.1,v3-extension,False
5540,0.5188585519790649,0.08911499381065369,0.1,16,ext_label_smoothing_01,Label smoothing ε=0.1,2026,0.1,v3-extension,False
5560,0.5092586874961853,0.10590866953134537,0.1,16,ext_label_smoothing_01,Label smoothing ε=0.1,2026,0.1,v3-extension,False
5580,0.5098879933357239,0.11223660409450531,0.1,16,ext_label_smoothing_01,Label smoothing ε=0.1,2026,0.1,v3-extension,False
5600,0.5095223188400269,0.10524144768714905,0.1,16,ext_label_smoothing_01,Label smoothing ε=0.1,2026,0.1,v3-extension,False
5620,0.5062329173088074,0.10259588062763214,0.1,16,ext_label_smoothing_01,Label smoothing ε=0.1,2026,0.1,v3-extension,False
5640,0.5057985782623291,0.10631108283996582,0.1,17,ext_label_smoothing_01,Label smoothing ε=0.1,2026,0.1,v3-extension,False
5660,0.510927677154541,0.10073824971914291,0.1,17,ext_label_smoothing_01,Label smoothing ε=0.1,2026,0.1,v3-extension,False
5680,0.5050877928733826,0.08945693075656891,0.1,17,ext_label_smoothing_01,Label smoothing ε=0.1,2026,0.1,v3-extension,False
5700,0.5076586008071899,0.10619992017745972,0.1,17,ext_label_smoothing_01,Label smoothing ε=0.1,2026,0.1,v3-extension,False
5720,0.505731999874115,0.09518711268901825,0.1,17,ext_label_smoothing_01,Label smoothing ε=0.1,2026,0.1,v3-extension,False
5740,0.5071569085121155,0.11235371232032776,0.1,17,ext_label_smoothing_01,Label smoothing ε=0.1,2026,0.1,v3-extension,False
5760,0.5061786770820618,0.09279514849185944,0.1,17,ext_label_smoothing_01,Label smoothing ε=0.1,2026,0.1,v3-extension,False
5780,0.5389739871025085,0.1384732872247696,0.1,17,ext_label_smoothing_01,Label smoothing ε=0.1,2026,0.1,v3-extension,False
5800,0.5220538377761841,0.12381818890571594,0.1,17,ext_label_smoothing_01,Label smoothing ε=0.1,2026,0.1,v3-extension,False
5820,0.512272834777832,0.13089802861213684,0.1,17,ext_label_smoothing_01,Label smoothing ε=0.1,2026,0.1,v3-extension,False
5840,0.5088027715682983,0.09967933595180511,0.1,17,ext_label_smoothing_01,Label smoothing ε=0.1,2026,0.1,v3-extension,False
5860,0.5113359093666077,0.12044715881347656,0.1,17,ext_label_smoothing_01,Label smoothing ε=0.1,2026,0.1,v3-extension,False
5880,0.5066425800323486,0.08485563099384308,0.1,17,ext_label_smoothing_01,Label smoothing ε=0.1,2026,0.1,v3-extension,False
5900,0.5070668458938599,0.10139200091362,0.1,17,ext_label_smoothing_01,Label smoothing ε=0.1,2026,0.1,v3-extension,False
5920,0.5053614377975464,0.09376919269561768,0.1,17,ext_label_smoothing_01,Label smoothing ε=0.1,2026,0.1,v3-extension,False
5940,0.508614182472229,0.09573180228471756,0.1,17,ext_label_smoothing_01,Label smoothing ε=0.1,2026,0.1,v3-extension,False
5960,0.5139698386192322,0.11707136034965515,0.1,17,ext_label_smoothing_01,Label smoothing ε=0.1,2026,0.1,v3-extension,False
5980,0.5084587335586548,0.1128162369132042,0.1,17,ext_label_smoothing_01,Label smoothing ε=0.1,2026,0.1,v3-extension,False
6000,0.5070003867149353,0.1164688915014267,0.1,18,ext_label_smoothing_01,Label smoothing ε=0.1,2026,0.1,v3-extension,False
6020,0.5109249949455261,0.09822092950344086,0.1,18,ext_label_smoothing_01,Label smoothing ε=0.1,2026,0.1,v3-extension,False
6040,0.5074328184127808,0.10355255007743835,0.1,18,ext_label_smoothing_01,Label smoothing ε=0.1,2026,0.1,v3-extension,False
6060,0.5066289901733398,0.0835479348897934,0.1,18,ext_label_smoothing_01,Label smoothing ε=0.1,2026,0.1,v3-extension,False
6080,0.5048467516899109,0.09714505821466446,0.1,18,ext_label_smoothing_01,Label smoothing ε=0.1,2026,0.1,v3-extension,False
6100,0.5088565349578857,0.09410147368907928,0.1,18,ext_label_smoothing_01,Label smoothing ε=0.1,2026,0.1,v3-extension,False
6120,0.5054636597633362,0.08726895600557327,0.1,18,ext_label_smoothing_01,Label smoothing ε=0.1,2026,0.1,v3-extension,False
6140,0.507815420627594,0.09662861377000809,0.1,18,ext_label_smoothing_01,Label smoothing ε=0.1,2026,0.1,v3-extension,False
6160,0.5067387819290161,0.09407424181699753,0.1,18,ext_label_smoothing_01,Label smoothing ε=0.1,2026,0.1,v3-extension,False
6180,0.5072221159934998,0.11273793876171112,0.1,18,ext_label_smoothing_01,Label smoothing ε=0.1,2026,0.1,v3-extension,False
6200,0.5077810287475586,0.08850070089101791,0.1,18,ext_label_smoothing_01,Label smoothing ε=0.1,2026,0.1,v3-extension,False
6220,0.5064820647239685,0.07968983799219131,0.1,18,ext_label_smoothing_01,Label smoothing ε=0.1,2026,0.1,v3-extension,False
6240,0.5093718767166138,0.1223781406879425,0.1,18,ext_label_smoothing_01,Label smoothing ε=0.1,2026,0.1,v3-extension,False
6260,0.5053969621658325,0.0985674038529396,0.1,18,ext_label_smoothing_01,Label smoothing ε=0.1,2026,0.1,v3-extension,False
6280,0.505937933921814,0.09249554574489594,0.1,18,ext_label_smoothing_01,Label smoothing ε=0.1,2026,0.1,v3-extension,False
6300,0.5077531933784485,0.08210688084363937,0.1,18,ext_label_smoothing_01,Label smoothing ε=0.1,2026,0.1,v3-extension,False
6320,0.5055294632911682,0.08941955864429474,0.1,18,ext_label_smoothing_01,Label smoothing ε=0.1,2026,0.1,v3-extension,False
6340,0.5066249370574951,0.10262221097946167,0.1,19,ext_label_smoothing_01,Label smoothing ε=0.1,2026,0.1,v3-extension,False
6360,0.5050330758094788,0.09164588898420334,0.1,19,ext_label_smoothing_01,Label smoothing ε=0.1,2026,0.1,v3-extension,False
6380,0.5063226222991943,0.08720704913139343,0.1,19,ext_label_smoothing_01,Label smoothing ε=0.1,2026,0.1,v3-extension,False
6400,0.5055820345878601,0.09626305103302002,0.1,19,ext_label_smoothing_01,Label smoothing ε=0.1,2026,0.1,v3-extension,False
6420,0.5062125325202942,0.08259069174528122,0.1,19,ext_label_smoothing_01,Label smoothing ε=0.1,2026,0.1,v3-extension,False
6440,0.508949875831604,0.07141216099262238,0.1,19,ext_label_smoothing_01,Label smoothing ε=0.1,2026,0.1,v3-extension,False
6460,0.5121913552284241,0.07891944795846939,0.1,19,ext_label_smoothing_01,Label smoothing ε=0.1,2026,0.1,v3-extension,False
6480,0.505229115486145,0.0883263647556305,0.1,19,ext_label_smoothing_01,Label smoothing ε=0.1,2026,0.1,v3-extension,False
6500,0.505388617515564,0.10124275088310242,0.1,19,ext_label_smoothing_01,Label smoothing ε=0.1,2026,0.1,v3-extension,False
6520,0.5060428380966187,0.1039569079875946,0.1,19,ext_label_smoothing_01,Label smoothing ε=0.1,2026,0.1,v3-extension,False
6540,0.505915105342865,0.08910036832094193,0.1,19,ext_label_smoothing_01,Label smoothing ε=0.1,2026,0.1,v3-extension,False
6560,0.5065268278121948,0.10199552774429321,0.1,19,ext_label_smoothing_01,Label smoothing ε=0.1,2026,0.1,v3-extension,False
6580,0.5051144361495972,0.0963478609919548,0.1,19,ext_label_smoothing_01,Label smoothing ε=0.1,2026,0.1,v3-extension,False
6600,0.5059525370597839,0.09413501620292664,0.1,19,ext_label_smoothing_01,Label smoothing ε=0.1,2026,0.1,v3-extension,False
6620,0.5057979226112366,0.09203851222991943,0.1,19,ext_label_smoothing_01,Label smoothing ε=0.1,2026,0.1,v3-extension,False
6640,0.5072246193885803,0.11047828197479248,0.1,19,ext_label_smoothing_01,Label smoothing ε=0.1,2026,0.1,v3-extension,False
6660,0.5129492282867432,0.11728312075138092,0.1,19,ext_label_smoothing_01,Label smoothing ε=0.1,2026,0.1,v3-extension,False
6680,0.5081591010093689,0.0858052521944046,0.1,19,ext_label_smoothing_01,Label smoothing ε=0.1,2026,0.1,v3-extension,False
6700,0.5052432417869568,0.1029149740934372,0.1,20,ext_label_smoothing_01,Label smoothing ε=0.1,2026,0.1,v3-extension,False
6720,0.5119143128395081,0.11679557710886002,0.1,20,ext_label_smoothing_01,Label smoothing ε=0.1,2026,0.1,v3-extension,False
6740,0.5068058967590332,0.10655966401100159,0.1,20,ext_label_smoothing_01,Label smoothing ε=0.1,2026,0.1,v3-extension,False
6760,0.5042961239814758,0.08432911336421967,0.1,20,ext_label_smoothing_01,Label smoothing ε=0.1,2026,0.1,v3-extension,False
6780,0.5045815706253052,0.09110867232084274,0.1,20,ext_label_smoothing_01,Label smoothing ε=0.1,2026,0.1,v3-extension,False
6800,0.5067549347877502,0.10215513408184052,0.1,20,ext_label_smoothing_01,Label smoothing ε=0.1,2026,0.1,v3-extension,False
6820,0.5053387880325317,0.08485791087150574,0.1,20,ext_label_smoothing_01,Label smoothing ε=0.1,2026,0.1,v3-extension,False
6840,0.5056005716323853,0.09663674980401993,0.1,20,ext_label_smoothing_01,Label smoothing ε=0.1,2026,0.1,v3-extension,False
6860,0.5045398473739624,0.10139425843954086,0.1,20,ext_label_smoothing_01,Label smoothing ε=0.1,2026,0.1,v3-extension,False
6880,0.5046015977859497,0.09185735881328583,0.1,20,ext_label_smoothing_01,Label smoothing ε=0.1,2026,0.1,v3-extension,False
6900,0.5080941915512085,0.10572679340839386,0.1,20,ext_label_smoothing_01,Label smoothing ε=0.1,2026,0.1,v3-extension,False
6920,0.5063563585281372,0.09890202432870865,0.1,20,ext_label_smoothing_01,Label smoothing ε=0.1,2026,0.1,v3-extension,False
6940,0.5064889192581177,0.09338807314634323,0.1,20,ext_label_smoothing_01,Label smoothing ε=0.1,2026,0.1,v3-extension,False
6960,0.5061171054840088,0.09994575381278992,0.1,20,ext_label_smoothing_01,Label smoothing ε=0.1,2026,0.1,v3-extension,False
6980,0.5122677683830261,0.11907724291086197,0.1,20,ext_label_smoothing_01,Label smoothing ε=0.1,2026,0.1,v3-extension,False
7000,0.5051836371421814,0.08533155918121338,0.1,20,ext_label_smoothing_01,Label smoothing ε=0.1,2026,0.1,v3-extension,False
7020,0.5057656168937683,0.08924371004104614,0.1,20,ext_label_smoothing_01,Label smoothing ε=0.1,2026,0.1,v3-extension,False
0,2.5690088272094727,2.5690088272094727,0.1,1,ext_control_v3,Control v3 (label smoothing=0),42,0.0,v3-extension,False
20,3.1793410778045654,3.1793410778045654,0.1,1,ext_control_v3,Control v3 (label smoothing=0),42,0.0,v3-extension,False
40,2.3032593727111816,2.3032593727111816,0.1,1,ext_control_v3,Control v3 (label smoothing=0),42,0.0,v3-extension,False
60,2.2666587829589844,2.2666587829589844,0.1,1,ext_control_v3,Control v3 (label smoothing=0),42,0.0,v3-extension,False
80,2.251277208328247,2.251277208328247,0.1,1,ext_control_v3,Control v3 (label smoothing=0),42,0.0,v3-extension,False
100,2.1608943939208984,2.1608943939208984,0.1,1,ext_control_v3,Control v3 (label smoothing=0),42,0.0,v3-extension,False
120,2.0113487243652344,2.0113487243652344,0.1,1,ext_control_v3,Control v3 (label smoothing=0),42,0.0,v3-extension,False
140,2.0294415950775146,2.0294415950775146,0.1,1,ext_control_v3,Control v3 (label smoothing=0),42,0.0,v3-extension,False
160,2.07846736907959,2.07846736907959,0.1,1,ext_control_v3,Control v3 (label smoothing=0),42,0.0,v3-extension,False
180,1.9511852264404297,1.9511852264404297,0.1,1,ext_control_v3,Control v3 (label smoothing=0),42,0.0,v3-extension,False
200,1.9349961280822754,1.9349961280822754,0.1,1,ext_control_v3,Control v3 (label smoothing=0),42,0.0,v3-extension,False
220,1.7847912311553955,1.7847912311553955,0.1,1,ext_control_v3,Control v3 (label smoothing=0),42,0.0,v3-extension,False
240,1.9361133575439453,1.9361133575439453,0.1,1,ext_control_v3,Control v3 (label smoothing=0),42,0.0,v3-extension,False
260,1.8085579872131348,1.8085579872131348,0.1,1,ext_control_v3,Control v3 (label smoothing=0),42,0.0,v3-extension,False
280,1.7554280757904053,1.7554280757904053,0.1,1,ext_control_v3,Control v3 (label smoothing=0),42,0.0,v3-extension,False
300,1.7168705463409424,1.7168705463409424,0.1,1,ext_control_v3,Control v3 (label smoothing=0),42,0.0,v3-extension,False
320,1.807237148284912,1.807237148284912,0.1,1,ext_control_v3,Control v3 (label smoothing=0),42,0.0,v3-extension,False
340,1.6807987689971924,1.6807987689971924,0.1,1,ext_control_v3,Control v3 (label smoothing=0),42,0.0,v3-extension,False
360,1.7738313674926758,1.7738313674926758,0.1,2,ext_control_v3,Control v3 (label smoothing=0),42,0.0,v3-extension,False
380,1.7775543928146362,1.7775543928146362,0.1,2,ext_control_v3,Control v3 (label smoothing=0),42,0.0,v3-extension,False
400,1.4714462757110596,1.4714462757110596,0.1,2,ext_control_v3,Control v3 (label smoothing=0),42,0.0,v3-extension,False
420,1.6165294647216797,1.6165294647216797,0.1,2,ext_control_v3,Control v3 (label smoothing=0),42,0.0,v3-extension,False
440,1.6367051601409912,1.6367051601409912,0.1,2,ext_control_v3,Control v3 (label smoothing=0),42,0.0,v3-extension,False
460,1.578023076057434,1.578023076057434,0.1,2,ext_control_v3,Control v3 (label smoothing=0),42,0.0,v3-extension,False
480,1.6410484313964844,1.6410484313964844,0.1,2,ext_control_v3,Control v3 (label smoothing=0),42,0.0,v3-extension,False
500,1.4752789735794067,1.4752789735794067,0.1,2,ext_control_v3,Control v3 (label smoothing=0),42,0.0,v3-extension,False
520,1.50897216796875,1.50897216796875,0.1,2,ext_control_v3,Control v3 (label smoothing=0),42,0.0,v3-extension,False
540,1.698652982711792,1.698652982711792,0.1,2,ext_control_v3,Control v3 (label smoothing=0),42,0.0,v3-extension,False
560,1.4601285457611084,1.4601285457611084,0.1,2,ext_control_v3,Control v3 (label smoothing=0),42,0.0,v3-extension,False
580,1.4502002000808716,1.4502002000808716,0.1,2,ext_control_v3,Control v3 (label smoothing=0),42,0.0,v3-extension,False
600,1.4956697225570679,1.4956697225570679,0.1,2,ext_control_v3,Control v3 (label smoothing=0),42,0.0,v3-extension,False
620,1.3098454475402832,1.3098454475402832,0.1,2,ext_control_v3,Control v3 (label smoothing=0),42,0.0,v3-extension,False
640,1.4423067569732666,1.4423067569732666,0.1,2,ext_control_v3,Control v3 (label smoothing=0),42,0.0,v3-extension,False
660,1.3053169250488281,1.3053169250488281,0.1,2,ext_control_v3,Control v3 (label smoothing=0),42,0.0,v3-extension,False
680,1.4130542278289795,1.4130542278289795,0.1,2,ext_control_v3,Control v3 (label smoothing=0),42,0.0,v3-extension,False
700,1.2713041305541992,1.2713041305541992,0.1,2,ext_control_v3,Control v3 (label smoothing=0),42,0.0,v3-extension,False
720,1.21340811252594,1.21340811252594,0.1,3,ext_control_v3,Control v3 (label smoothing=0),42,0.0,v3-extension,False
740,1.3297626972198486,1.3297626972198486,0.1,3,ext_control_v3,Control v3 (label smoothing=0),42,0.0,v3-extension,False
760,1.322875738143921,1.322875738143921,0.1,3,ext_control_v3,Control v3 (label smoothing=0),42,0.0,v3-extension,False
780,1.3315423727035522,1.3315423727035522,0.1,3,ext_control_v3,Control v3 (label smoothing=0),42,0.0,v3-extension,False
800,1.2135989665985107,1.2135989665985107,0.1,3,ext_control_v3,Control v3 (label smoothing=0),42,0.0,v3-extension,False
820,1.222926139831543,1.222926139831543,0.1,3,ext_control_v3,Control v3 (label smoothing=0),42,0.0,v3-extension,False
840,1.4037482738494873,1.4037482738494873,0.1,3,ext_control_v3,Control v3 (label smoothing=0),42,0.0,v3-extension,False
860,1.152186393737793,1.152186393737793,0.1,3,ext_control_v3,Control v3 (label smoothing=0),42,0.0,v3-extension,False
880,1.2655377388000488,1.2655377388000488,0.1,3,ext_control_v3,Control v3 (label smoothing=0),42,0.0,v3-extension,False
900,1.2943812608718872,1.2943812608718872,0.1,3,ext_control_v3,Control v3 (label smoothing=0),42,0.0,v3-extension,False
920,1.0253092050552368,1.0253092050552368,0.1,3,ext_control_v3,Control v3 (label smoothing=0),42,0.0,v3-extension,False
940,1.3536078929901123,1.3536078929901123,0.1,3,ext_control_v3,Control v3 (label smoothing=0),42,0.0,v3-extension,False
960,1.2225751876831055,1.2225751876831055,0.1,3,ext_control_v3,Control v3 (label smoothing=0),42,0.0,v3-extension,False
980,0.9914456009864807,0.9914456009864807,0.1,3,ext_control_v3,Control v3 (label smoothing=0),42,0.0,v3-extension,False
1000,1.062278151512146,1.062278151512146,0.1,3,ext_control_v3,Control v3 (label smoothing=0),42,0.0,v3-extension,False
1020,1.0530049800872803,1.0530049800872803,0.1,3,ext_control_v3,Control v3 (label smoothing=0),42,0.0,v3-extension,False
1040,1.240356683731079,1.240356683731079,0.1,3,ext_control_v3,Control v3 (label smoothing=0),42,0.0,v3-extension,False
1060,1.0240859985351562,1.0240859985351562,0.1,4,ext_control_v3,Control v3 (label smoothing=0),42,0.0,v3-extension,False
1080,1.0232021808624268,1.0232021808624268,0.1,4,ext_control_v3,Control v3 (label smoothing=0),42,0.0,v3-extension,False
1100,1.2637182474136353,1.2637182474136353,0.1,4,ext_control_v3,Control v3 (label smoothing=0),42,0.0,v3-extension,False
1120,0.9888144731521606,0.9888144731521606,0.1,4,ext_control_v3,Control v3 (label smoothing=0),42,0.0,v3-extension,False
1140,1.01017165184021,1.01017165184021,0.1,4,ext_control_v3,Control v3 (label smoothing=0),42,0.0,v3-extension,False
1160,0.9490548372268677,0.9490548372268677,0.1,4,ext_control_v3,Control v3 (label smoothing=0),42,0.0,v3-extension,False
1180,0.9377313852310181,0.9377313852310181,0.1,4,ext_control_v3,Control v3 (label smoothing=0),42,0.0,v3-extension,False
1200,0.922871470451355,0.922871470451355,0.1,4,ext_control_v3,Control v3 (label smoothing=0),42,0.0,v3-extension,False
1220,0.8864308595657349,0.8864308595657349,0.1,4,ext_control_v3,Control v3 (label smoothing=0),42,0.0,v3-extension,False
1240,0.7062115669250488,0.7062115669250488,0.1,4,ext_control_v3,Control v3 (label smoothing=0),42,0.0,v3-extension,False
1260,0.8645365834236145,0.8645365834236145,0.1,4,ext_control_v3,Control v3 (label smoothing=0),42,0.0,v3-extension,False
1280,0.9694119691848755,0.9694119691848755,0.1,4,ext_control_v3,Control v3 (label smoothing=0),42,0.0,v3-extension,False
1300,0.8777558207511902,0.8777558207511902,0.1,4,ext_control_v3,Control v3 (label smoothing=0),42,0.0,v3-extension,False
1320,0.7769038081169128,0.7769038081169128,0.1,4,ext_control_v3,Control v3 (label smoothing=0),42,0.0,v3-extension,False
1340,0.710952877998352,0.710952877998352,0.1,4,ext_control_v3,Control v3 (label smoothing=0),42,0.0,v3-extension,False
1360,0.8048360347747803,0.8048360347747803,0.1,4,ext_control_v3,Control v3 (label smoothing=0),42,0.0,v3-extension,False
1380,0.9281890392303467,0.9281890392303467,0.1,4,ext_control_v3,Control v3 (label smoothing=0),42,0.0,v3-extension,False
1400,1.0315418243408203,1.0315418243408203,0.1,4,ext_control_v3,Control v3 (label smoothing=0),42,0.0,v3-extension,False
1420,0.9265381097793579,0.9265381097793579,0.1,5,ext_control_v3,Control v3 (label smoothing=0),42,0.0,v3-extension,False
1440,0.8642824292182922,0.8642824292182922,0.1,5,ext_control_v3,Control v3 (label smoothing=0),42,0.0,v3-extension,False
1460,0.8255467414855957,0.8255467414855957,0.1,5,ext_control_v3,Control v3 (label smoothing=0),42,0.0,v3-extension,False
1480,0.8354626893997192,0.8354626893997192,0.1,5,ext_control_v3,Control v3 (label smoothing=0),42,0.0,v3-extension,False
1500,0.6911439895629883,0.6911439895629883,0.1,5,ext_control_v3,Control v3 (label smoothing=0),42,0.0,v3-extension,False
1520,0.5762786269187927,0.5762786269187927,0.1,5,ext_control_v3,Control v3 (label smoothing=0),42,0.0,v3-extension,False
1540,0.7300430536270142,0.7300430536270142,0.1,5,ext_control_v3,Control v3 (label smoothing=0),42,0.0,v3-extension,False
1560,0.6877691745758057,0.6877691745758057,0.1,5,ext_control_v3,Control v3 (label smoothing=0),42,0.0,v3-extension,False
1580,0.7829756140708923,0.7829756140708923,0.1,5,ext_control_v3,Control v3 (label smoothing=0),42,0.0,v3-extension,False
1600,0.7172160148620605,0.7172160148620605,0.1,5,ext_control_v3,Control v3 (label smoothing=0),42,0.0,v3-extension,False
1620,0.7944567203521729,0.7944567203521729,0.1,5,ext_control_v3,Control v3 (label smoothing=0),42,0.0,v3-extension,False
1640,0.49889081716537476,0.49889081716537476,0.1,5,ext_control_v3,Control v3 (label smoothing=0),42,0.0,v3-extension,False
1660,0.8168846368789673,0.8168846368789673,0.1,5,ext_control_v3,Control v3 (label smoothing=0),42,0.0,v3-extension,False
1680,0.8747795820236206,0.8747795820236206,0.1,5,ext_control_v3,Control v3 (label smoothing=0),42,0.0,v3-extension,False
1700,0.9048810005187988,0.9048810005187988,0.1,5,ext_control_v3,Control v3 (label smoothing=0),42,0.0,v3-extension,False
1720,0.5906821489334106,0.5906821489334106,0.1,5,ext_control_v3,Control v3 (label smoothing=0),42,0.0,v3-extension,False
1740,0.807075023651123,0.807075023651123,0.1,5,ext_control_v3,Control v3 (label smoothing=0),42,0.0,v3-extension,False
1760,0.5839881896972656,0.5839881896972656,0.1,6,ext_control_v3,Control v3 (label smoothing=0),42,0.0,v3-extension,False
1780,0.6452855467796326,0.6452855467796326,0.1,6,ext_control_v3,Control v3 (label smoothing=0),42,0.0,v3-extension,False
1800,0.7547417879104614,0.7547417879104614,0.1,6,ext_control_v3,Control v3 (label smoothing=0),42,0.0,v3-extension,False
1820,0.7038528323173523,0.7038528323173523,0.1,6,ext_control_v3,Control v3 (label smoothing=0),42,0.0,v3-extension,False
1840,0.5973582863807678,0.5973582863807678,0.1,6,ext_control_v3,Control v3 (label smoothing=0),42,0.0,v3-extension,False
1860,0.5432835817337036,0.5432835817337036,0.1,6,ext_control_v3,Control v3 (label smoothing=0),42,0.0,v3-extension,False
1880,0.6672848463058472,0.6672848463058472,0.1,6,ext_control_v3,Control v3 (label smoothing=0),42,0.0,v3-extension,False
1900,0.6769123077392578,0.6769123077392578,0.1,6,ext_control_v3,Control v3 (label smoothing=0),42,0.0,v3-extension,False
1920,0.9439778327941895,0.9439778327941895,0.1,6,ext_control_v3,Control v3 (label smoothing=0),42,0.0,v3-extension,False
1940,0.6384455561637878,0.6384455561637878,0.1,6,ext_control_v3,Control v3 (label smoothing=0),42,0.0,v3-extension,False
1960,0.5339990258216858,0.5339990258216858,0.1,6,ext_control_v3,Control v3 (label smoothing=0),42,0.0,v3-extension,False
1980,0.4953169822692871,0.4953169822692871,0.1,6,ext_control_v3,Control v3 (label smoothing=0),42,0.0,v3-extension,False
2000,0.7492649555206299,0.7492649555206299,0.1,6,ext_control_v3,Control v3 (label smoothing=0),42,0.0,v3-extension,False
2020,0.7757742404937744,0.7757742404937744,0.1,6,ext_control_v3,Control v3 (label smoothing=0),42,0.0,v3-extension,False
2040,0.7173219919204712,0.7173219919204712,0.1,6,ext_control_v3,Control v3 (label smoothing=0),42,0.0,v3-extension,False
2060,0.6655348539352417,0.6655348539352417,0.1,6,ext_control_v3,Control v3 (label smoothing=0),42,0.0,v3-extension,False
2080,0.5785248279571533,0.5785248279571533,0.1,6,ext_control_v3,Control v3 (label smoothing=0),42,0.0,v3-extension,False
2100,0.5378602743148804,0.5378602743148804,0.1,6,ext_control_v3,Control v3 (label smoothing=0),42,0.0,v3-extension,False
2120,0.5008807182312012,0.5008807182312012,0.1,7,ext_control_v3,Control v3 (label smoothing=0),42,0.0,v3-extension,False
2140,0.5042319893836975,0.5042319893836975,0.1,7,ext_control_v3,Control v3 (label smoothing=0),42,0.0,v3-extension,False
2160,0.41781318187713623,0.41781318187713623,0.1,7,ext_control_v3,Control v3 (label smoothing=0),42,0.0,v3-extension,False
2180,0.5667068958282471,0.5667068958282471,0.1,7,ext_control_v3,Control v3 (label smoothing=0),42,0.0,v3-extension,False
2200,0.434440553188324,0.434440553188324,0.1,7,ext_control_v3,Control v3 (label smoothing=0),42,0.0,v3-extension,False
2220,0.498141884803772,0.498141884803772,0.1,7,ext_control_v3,Control v3 (label smoothing=0),42,0.0,v3-extension,False
2240,0.553085446357727,0.553085446357727,0.1,7,ext_control_v3,Control v3 (label smoothing=0),42,0.0,v3-extension,False
2260,0.429911732673645,0.429911732673645,0.1,7,ext_control_v3,Control v3 (label smoothing=0),42,0.0,v3-extension,False
2280,0.6135953664779663,0.6135953664779663,0.1,7,ext_control_v3,Control v3 (label smoothing=0),42,0.0,v3-extension,False
2300,0.530976414680481,0.530976414680481,0.1,7,ext_control_v3,Control v3 (label smoothing=0),42,0.0,v3-extension,False
2320,0.42440885305404663,0.42440885305404663,0.1,7,ext_control_v3,Control v3 (label smoothing=0),42,0.0,v3-extension,False
2340,0.36541420221328735,0.36541420221328735,0.1,7,ext_control_v3,Control v3 (label smoothing=0),42,0.0,v3-extension,False
2360,0.2806294560432434,0.2806294560432434,0.1,7,ext_control_v3,Control v3 (label smoothing=0),42,0.0,v3-extension,False
2380,0.4299909472465515,0.4299909472465515,0.1,7,ext_control_v3,Control v3 (label smoothing=0),42,0.0,v3-extension,False
2400,0.6018545627593994,0.6018545627593994,0.1,7,ext_control_v3,Control v3 (label smoothing=0),42,0.0,v3-extension,False
2420,0.4966455101966858,0.4966455101966858,0.1,7,ext_control_v3,Control v3 (label smoothing=0),42,0.0,v3-extension,False
2440,0.4337172508239746,0.4337172508239746,0.1,7,ext_control_v3,Control v3 (label smoothing=0),42,0.0,v3-extension,False
2460,0.6155823469161987,0.6155823469161987,0.1,7,ext_control_v3,Control v3 (label smoothing=0),42,0.0,v3-extension,False
2480,0.33691006898880005,0.33691006898880005,0.1,8,ext_control_v3,Control v3 (label smoothing=0),42,0.0,v3-extension,False
2500,0.3218331038951874,0.3218331038951874,0.1,8,ext_control_v3,Control v3 (label smoothing=0),42,0.0,v3-extension,False
2520,0.23419922590255737,0.23419922590255737,0.1,8,ext_control_v3,Control v3 (label smoothing=0),42,0.0,v3-extension,False
2540,0.321556031703949,0.321556031703949,0.1,8,ext_control_v3,Control v3 (label smoothing=0),42,0.0,v3-extension,False
2560,0.19815978407859802,0.19815978407859802,0.1,8,ext_control_v3,Control v3 (label smoothing=0),42,0.0,v3-extension,False
2580,0.3204067349433899,0.3204067349433899,0.1,8,ext_control_v3,Control v3 (label smoothing=0),42,0.0,v3-extension,False
2600,0.2540385127067566,0.2540385127067566,0.1,8,ext_control_v3,Control v3 (label smoothing=0),42,0.0,v3-extension,False
2620,0.31118157505989075,0.31118157505989075,0.1,8,ext_control_v3,Control v3 (label smoothing=0),42,0.0,v3-extension,False
2640,0.33385396003723145,0.33385396003723145,0.1,8,ext_control_v3,Control v3 (label smoothing=0),42,0.0,v3-extension,False
2660,0.43856415152549744,0.43856415152549744,0.1,8,ext_control_v3,Control v3 (label smoothing=0),42,0.0,v3-extension,False
2680,0.2472989410161972,0.2472989410161972,0.1,8,ext_control_v3,Control v3 (label smoothing=0),42,0.0,v3-extension,False
2700,0.37306225299835205,0.37306225299835205,0.1,8,ext_control_v3,Control v3 (label smoothing=0),42,0.0,v3-extension,False
2720,0.2545626759529114,0.2545626759529114,0.1,8,ext_control_v3,Control v3 (label smoothing=0),42,0.0,v3-extension,False
2740,0.3974079489707947,0.3974079489707947,0.1,8,ext_control_v3,Control v3 (label smoothing=0),42,0.0,v3-extension,False
2760,0.45006752014160156,0.45006752014160156,0.1,8,ext_control_v3,Control v3 (label smoothing=0),42,0.0,v3-extension,False
2780,0.37903034687042236,0.37903034687042236,0.1,8,ext_control_v3,Control v3 (label smoothing=0),42,0.0,v3-extension,False
2800,0.2708777189254761,0.2708777189254761,0.1,8,ext_control_v3,Control v3 (label smoothing=0),42,0.0,v3-extension,False
2820,0.2862612307071686,0.2862612307071686,0.1,9,ext_control_v3,Control v3 (label smoothing=0),42,0.0,v3-extension,False
2840,0.17241081595420837,0.17241081595420837,0.1,9,ext_control_v3,Control v3 (label smoothing=0),42,0.0,v3-extension,False
2860,0.23197013139724731,0.23197013139724731,0.1,9,ext_control_v3,Control v3 (label smoothing=0),42,0.0,v3-extension,False
2880,0.1449170708656311,0.1449170708656311,0.1,9,ext_control_v3,Control v3 (label smoothing=0),42,0.0,v3-extension,False
2900,0.17981693148612976,0.17981693148612976,0.1,9,ext_control_v3,Control v3 (label smoothing=0),42,0.0,v3-extension,False
2920,0.24254027009010315,0.24254027009010315,0.1,9,ext_control_v3,Control v3 (label smoothing=0),42,0.0,v3-extension,False
2940,0.17902132868766785,0.17902132868766785,0.1,9,ext_control_v3,Control v3 (label smoothing=0),42,0.0,v3-extension,False
2960,0.20805449783802032,0.20805449783802032,0.1,9,ext_control_v3,Control v3 (label smoothing=0),42,0.0,v3-extension,False
2980,0.2537479102611542,0.2537479102611542,0.1,9,ext_control_v3,Control v3 (label smoothing=0),42,0.0,v3-extension,False
3000,0.29429519176483154,0.29429519176483154,0.1,9,ext_control_v3,Control v3 (label smoothing=0),42,0.0,v3-extension,False
3020,0.3154715299606323,0.3154715299606323,0.1,9,ext_control_v3,Control v3 (label smoothing=0),42,0.0,v3-extension,False
3040,0.15555927157402039,0.15555927157402039,0.1,9,ext_control_v3,Control v3 (label smoothing=0),42,0.0,v3-extension,False
3060,0.3502730131149292,0.3502730131149292,0.1,9,ext_control_v3,Control v3 (label smoothing=0),42,0.0,v3-extension,False
3080,0.28076469898223877,0.28076469898223877,0.1,9,ext_control_v3,Control v3 (label smoothing=0),42,0.0,v3-extension,False
3100,0.29529690742492676,0.29529690742492676,0.1,9,ext_control_v3,Control v3 (label smoothing=0),42,0.0,v3-extension,False
3120,0.32095807790756226,0.32095807790756226,0.1,9,ext_control_v3,Control v3 (label smoothing=0),42,0.0,v3-extension,False
3140,0.32532113790512085,0.32532113790512085,0.1,9,ext_control_v3,Control v3 (label smoothing=0),42,0.0,v3-extension,False
3160,0.20277580618858337,0.20277580618858337,0.1,9,ext_control_v3,Control v3 (label smoothing=0),42,0.0,v3-extension,False
3180,0.09008900821208954,0.09008900821208954,0.1,10,ext_control_v3,Control v3 (label smoothing=0),42,0.0,v3-extension,False
3200,0.08874914050102234,0.08874914050102234,0.1,10,ext_control_v3,Control v3 (label smoothing=0),42,0.0,v3-extension,False
3220,0.09835907071828842,0.09835907071828842,0.1,10,ext_control_v3,Control v3 (label smoothing=0),42,0.0,v3-extension,False
3240,0.06844192743301392,0.06844192743301392,0.1,10,ext_control_v3,Control v3 (label smoothing=0),42,0.0,v3-extension,False
3260,0.20001570880413055,0.20001570880413055,0.1,10,ext_control_v3,Control v3 (label smoothing=0),42,0.0,v3-extension,False
3280,0.13598854839801788,0.13598854839801788,0.1,10,ext_control_v3,Control v3 (label smoothing=0),42,0.0,v3-extension,False
3300,0.1546459048986435,0.1546459048986435,0.1,10,ext_control_v3,Control v3 (label smoothing=0),42,0.0,v3-extension,False
3320,0.2017338126897812,0.2017338126897812,0.1,10,ext_control_v3,Control v3 (label smoothing=0),42,0.0,v3-extension,False
3340,0.21230700612068176,0.21230700612068176,0.1,10,ext_control_v3,Control v3 (label smoothing=0),42,0.0,v3-extension,False
3360,0.1537265181541443,0.1537265181541443,0.1,10,ext_control_v3,Control v3 (label smoothing=0),42,0.0,v3-extension,False
3380,0.17130990326404572,0.17130990326404572,0.1,10,ext_control_v3,Control v3 (label smoothing=0),42,0.0,v3-extension,False
3400,0.192938894033432,0.192938894033432,0.1,10,ext_control_v3,Control v3 (label smoothing=0),42,0.0,v3-extension,False
3420,0.28720882534980774,0.28720882534980774,0.1,10,ext_control_v3,Control v3 (label smoothing=0),42,0.0,v3-extension,False
3440,0.1428624838590622,0.1428624838590622,0.1,10,ext_control_v3,Control v3 (label smoothing=0),42,0.0,v3-extension,False
3460,0.30577272176742554,0.30577272176742554,0.1,10,ext_control_v3,Control v3 (label smoothing=0),42,0.0,v3-extension,False
3480,0.23703090846538544,0.23703090846538544,0.1,10,ext_control_v3,Control v3 (label smoothing=0),42,0.0,v3-extension,False
3500,0.21355023980140686,0.21355023980140686,0.1,10,ext_control_v3,Control v3 (label smoothing=0),42,0.0,v3-extension,False
3520,0.07210343331098557,0.07210343331098557,0.1,11,ext_control_v3,Control v3 (label smoothing=0),42,0.0,v3-extension,False
3540,0.0918068140745163,0.0918068140745163,0.1,11,ext_control_v3,Control v3 (label smoothing=0),42,0.0,v3-extension,False
3560,0.07672162353992462,0.07672162353992462,0.1,11,ext_control_v3,Control v3 (label smoothing=0),42,0.0,v3-extension,False
3580,0.05316480994224548,0.05316480994224548,0.1,11,ext_control_v3,Control v3 (label smoothing=0),42,0.0,v3-extension,False
3600,0.06599539518356323,0.06599539518356323,0.1,11,ext_control_v3,Control v3 (label smoothing=0),42,0.0,v3-extension,False
3620,0.07363235950469971,0.07363235950469971,0.1,11,ext_control_v3,Control v3 (label smoothing=0),42,0.0,v3-extension,False
3640,0.06591742485761642,0.06591742485761642,0.1,11,ext_control_v3,Control v3 (label smoothing=0),42,0.0,v3-extension,False
3660,0.05306932330131531,0.05306932330131531,0.1,11,ext_control_v3,Control v3 (label smoothing=0),42,0.0,v3-extension,False
3680,0.15607184171676636,0.15607184171676636,0.1,11,ext_control_v3,Control v3 (label smoothing=0),42,0.0,v3-extension,False
3700,0.054910026490688324,0.054910026490688324,0.1,11,ext_control_v3,Control v3 (label smoothing=0),42,0.0,v3-extension,False
3720,0.10366503894329071,0.10366503894329071,0.1,11,ext_control_v3,Control v3 (label smoothing=0),42,0.0,v3-extension,False
3740,0.09563231468200684,0.09563231468200684,0.1,11,ext_control_v3,Control v3 (label smoothing=0),42,0.0,v3-extension,False
3760,0.15519800782203674,0.15519800782203674,0.1,11,ext_control_v3,Control v3 (label smoothing=0),42,0.0,v3-extension,False
3780,0.04238621145486832,0.04238621145486832,0.1,11,ext_control_v3,Control v3 (label smoothing=0),42,0.0,v3-extension,False
3800,0.09232518821954727,0.09232518821954727,0.1,11,ext_control_v3,Control v3 (label smoothing=0),42,0.0,v3-extension,False
3820,0.14192917943000793,0.14192917943000793,0.1,11,ext_control_v3,Control v3 (label smoothing=0),42,0.0,v3-extension,False
3840,0.20174089074134827,0.20174089074134827,0.1,11,ext_control_v3,Control v3 (label smoothing=0),42,0.0,v3-extension,False
3860,0.18776589632034302,0.18776589632034302,0.1,11,ext_control_v3,Control v3 (label smoothing=0),42,0.0,v3-extension,False
3880,0.08768889307975769,0.08768889307975769,0.1,12,ext_control_v3,Control v3 (label smoothing=0),42,0.0,v3-extension,False
3900,0.03322036564350128,0.03322036564350128,0.1,12,ext_control_v3,Control v3 (label smoothing=0),42,0.0,v3-extension,False
3920,0.04557851701974869,0.04557851701974869,0.1,12,ext_control_v3,Control v3 (label smoothing=0),42,0.0,v3-extension,False
3940,0.041977040469646454,0.041977040469646454,0.1,12,ext_control_v3,Control v3 (label smoothing=0),42,0.0,v3-extension,False
3960,0.06431223452091217,0.06431223452091217,0.1,12,ext_control_v3,Control v3 (label smoothing=0),42,0.0,v3-extension,False
3980,0.036475494503974915,0.036475494503974915,0.1,12,ext_control_v3,Control v3 (label smoothing=0),42,0.0,v3-extension,False
4000,0.06490269303321838,0.06490269303321838,0.1,12,ext_control_v3,Control v3 (label smoothing=0),42,0.0,v3-extension,False
4020,0.1290372610092163,0.1290372610092163,0.1,12,ext_control_v3,Control v3 (label smoothing=0),42,0.0,v3-extension,False
4040,0.07775028049945831,0.07775028049945831,0.1,12,ext_control_v3,Control v3 (label smoothing=0),42,0.0,v3-extension,False
4060,0.14579570293426514,0.14579570293426514,0.1,12,ext_control_v3,Control v3 (label smoothing=0),42,0.0,v3-extension,False
4080,0.11237157881259918,0.11237157881259918,0.1,12,ext_control_v3,Control v3 (label smoothing=0),42,0.0,v3-extension,False
4100,0.05800333619117737,0.05800333619117737,0.1,12,ext_control_v3,Control v3 (label smoothing=0),42,0.0,v3-extension,False
4120,0.17857709527015686,0.17857709527015686,0.1,12,ext_control_v3,Control v3 (label smoothing=0),42,0.0,v3-extension,False
4140,0.058345332741737366,0.058345332741737366,0.1,12,ext_control_v3,Control v3 (label smoothing=0),42,0.0,v3-extension,False
4160,0.27865689992904663,0.27865689992904663,0.1,12,ext_control_v3,Control v3 (label smoothing=0),42,0.0,v3-extension,False
4180,0.15392224490642548,0.15392224490642548,0.1,12,ext_control_v3,Control v3 (label smoothing=0),42,0.0,v3-extension,False
4200,0.07972721755504608,0.07972721755504608,0.1,12,ext_control_v3,Control v3 (label smoothing=0),42,0.0,v3-extension,False
4220,0.15213002264499664,0.15213002264499664,0.1,12,ext_control_v3,Control v3 (label smoothing=0),42,0.0,v3-extension,False
4240,0.09959115087985992,0.09959115087985992,0.1,13,ext_control_v3,Control v3 (label smoothing=0),42,0.0,v3-extension,False
4260,0.08975622057914734,0.08975622057914734,0.1,13,ext_control_v3,Control v3 (label smoothing=0),42,0.0,v3-extension,False
4280,0.0968843400478363,0.0968843400478363,0.1,13,ext_control_v3,Control v3 (label smoothing=0),42,0.0,v3-extension,False
4300,0.06723633408546448,0.06723633408546448,0.1,13,ext_control_v3,Control v3 (label smoothing=0),42,0.0,v3-extension,False
4320,0.03605639189481735,0.03605639189481735,0.1,13,ext_control_v3,Control v3 (label smoothing=0),42,0.0,v3-extension,False
4340,0.09042080491781235,0.09042080491781235,0.1,13,ext_control_v3,Control v3 (label smoothing=0),42,0.0,v3-extension,False
4360,0.04393908008933067,0.04393908008933067,0.1,13,ext_control_v3,Control v3 (label smoothing=0),42,0.0,v3-extension,False
4380,0.060845836997032166,0.060845836997032166,0.1,13,ext_control_v3,Control v3 (label smoothing=0),42,0.0,v3-extension,False
4400,0.11963634192943573,0.11963634192943573,0.1,13,ext_control_v3,Control v3 (label smoothing=0),42,0.0,v3-extension,False
4420,0.12837322056293488,0.12837322056293488,0.1,13,ext_control_v3,Control v3 (label smoothing=0),42,0.0,v3-extension,False
4440,0.07023001462221146,0.07023001462221146,0.1,13,ext_control_v3,Control v3 (label smoothing=0),42,0.0,v3-extension,False
4460,0.06929498165845871,0.06929498165845871,0.1,13,ext_control_v3,Control v3 (label smoothing=0),42,0.0,v3-extension,False
4480,0.0974636897444725,0.0974636897444725,0.1,13,ext_control_v3,Control v3 (label smoothing=0),42,0.0,v3-extension,False
4500,0.03600790351629257,0.03600790351629257,0.1,13,ext_control_v3,Control v3 (label smoothing=0),42,0.0,v3-extension,False
4520,0.0242035873234272,0.0242035873234272,0.1,13,ext_control_v3,Control v3 (label smoothing=0),42,0.0,v3-extension,False
4540,0.0805419534444809,0.0805419534444809,0.1,13,ext_control_v3,Control v3 (label smoothing=0),42,0.0,v3-extension,False
4560,0.1908130645751953,0.1908130645751953,0.1,13,ext_control_v3,Control v3 (label smoothing=0),42,0.0,v3-extension,False
4580,0.02658359333872795,0.02658359333872795,0.1,14,ext_control_v3,Control v3 (label smoothing=0),42,0.0,v3-extension,False
4600,0.035659175366163254,0.035659175366163254,0.1,14,ext_control_v3,Control v3 (label smoothing=0),42,0.0,v3-extension,False
4620,0.027415158227086067,0.027415158227086067,0.1,14,ext_control_v3,Control v3 (label smoothing=0),42,0.0,v3-extension,False
4640,0.02382695861160755,0.02382695861160755,0.1,14,ext_control_v3,Control v3 (label smoothing=0),42,0.0,v3-extension,False
4660,0.024810899049043655,0.024810899049043655,0.1,14,ext_control_v3,Control v3 (label smoothing=0),42,0.0,v3-extension,False
4680,0.05315006524324417,0.05315006524324417,0.1,14,ext_control_v3,Control v3 (label smoothing=0),42,0.0,v3-extension,False
4700,0.007851891219615936,0.007851891219615936,0.1,14,ext_control_v3,Control v3 (label smoothing=0),42,0.0,v3-extension,False
4720,0.027038857340812683,0.027038857340812683,0.1,14,ext_control_v3,Control v3 (label smoothing=0),42,0.0,v3-extension,False
4740,0.05599135160446167,0.05599135160446167,0.1,14,ext_control_v3,Control v3 (label smoothing=0),42,0.0,v3-extension,False
4760,0.08803269267082214,0.08803269267082214,0.1,14,ext_control_v3,Control v3 (label smoothing=0),42,0.0,v3-extension,False
4780,0.06924158334732056,0.06924158334732056,0.1,14,ext_control_v3,Control v3 (label smoothing=0),42,0.0,v3-extension,False
4800,0.02450605109333992,0.02450605109333992,0.1,14,ext_control_v3,Control v3 (label smoothing=0),42,0.0,v3-extension,False
4820,0.04204520210623741,0.04204520210623741,0.1,14,ext_control_v3,Control v3 (label smoothing=0),42,0.0,v3-extension,False
4840,0.05096592754125595,0.05096592754125595,0.1,14,ext_control_v3,Control v3 (label smoothing=0),42,0.0,v3-extension,False
4860,0.03395818546414375,0.03395818546414375,0.1,14,ext_control_v3,Control v3 (label smoothing=0),42,0.0,v3-extension,False
4880,0.12801679968833923,0.12801679968833923,0.1,14,ext_control_v3,Control v3 (label smoothing=0),42,0.0,v3-extension,False
4900,0.040192410349845886,0.040192410349845886,0.1,14,ext_control_v3,Control v3 (label smoothing=0),42,0.0,v3-extension,False
4920,0.022803127765655518,0.022803127765655518,0.1,14,ext_control_v3,Control v3 (label smoothing=0),42,0.0,v3-extension,False
4940,0.03275332599878311,0.03275332599878311,0.1,15,ext_control_v3,Control v3 (label smoothing=0),42,0.0,v3-extension,False
4960,0.011751159094274044,0.011751159094274044,0.1,15,ext_control_v3,Control v3 (label smoothing=0),42,0.0,v3-extension,False
4980,0.027497075498104095,0.027497075498104095,0.1,15,ext_control_v3,Control v3 (label smoothing=0),42,0.0,v3-extension,False
5000,0.06412733346223831,0.06412733346223831,0.1,15,ext_control_v3,Control v3 (label smoothing=0),42,0.0,v3-extension,False
5020,0.030911099165678024,0.030911099165678024,0.1,15,ext_control_v3,Control v3 (label smoothing=0),42,0.0,v3-extension,False
5040,0.03661753237247467,0.03661753237247467,0.1,15,ext_control_v3,Control v3 (label smoothing=0),42,0.0,v3-extension,False
5060,0.02147471345961094,0.02147471345961094,0.1,15,ext_control_v3,Control v3 (label smoothing=0),42,0.0,v3-extension,False
5080,0.03865846246480942,0.03865846246480942,0.1,15,ext_control_v3,Control v3 (label smoothing=0),42,0.0,v3-extension,False
5100,0.01132788322865963,0.01132788322865963,0.1,15,ext_control_v3,Control v3 (label smoothing=0),42,0.0,v3-extension,False
5120,0.027465160936117172,0.027465160936117172,0.1,15,ext_control_v3,Control v3 (label smoothing=0),42,0.0,v3-extension,False
5140,0.02426467463374138,0.02426467463374138,0.1,15,ext_control_v3,Control v3 (label smoothing=0),42,0.0,v3-extension,False
5160,0.038266342133283615,0.038266342133283615,0.1,15,ext_control_v3,Control v3 (label smoothing=0),42,0.0,v3-extension,False
5180,0.009931907057762146,0.009931907057762146,0.1,15,ext_control_v3,Control v3 (label smoothing=0),42,0.0,v3-extension,False
5200,0.032132379710674286,0.032132379710674286,0.1,15,ext_control_v3,Control v3 (label smoothing=0),42,0.0,v3-extension,False
5220,0.022170765325427055,0.022170765325427055,0.1,15,ext_control_v3,Control v3 (label smoothing=0),42,0.0,v3-extension,False
5240,0.0362839475274086,0.0362839475274086,0.1,15,ext_control_v3,Control v3 (label smoothing=0),42,0.0,v3-extension,False
5260,0.04765079915523529,0.04765079915523529,0.1,15,ext_control_v3,Control v3 (label smoothing=0),42,0.0,v3-extension,False
5280,0.03545265272259712,0.03545265272259712,0.1,16,ext_control_v3,Control v3 (label smoothing=0),42,0.0,v3-extension,False
5300,0.010926755145192146,0.010926755145192146,0.1,16,ext_control_v3,Control v3 (label smoothing=0),42,0.0,v3-extension,False
5320,0.014284849166870117,0.014284849166870117,0.1,16,ext_control_v3,Control v3 (label smoothing=0),42,0.0,v3-extension,False
5340,0.009714629501104355,0.009714629501104355,0.1,16,ext_control_v3,Control v3 (label smoothing=0),42,0.0,v3-extension,False
5360,0.01721506007015705,0.01721506007015705,0.1,16,ext_control_v3,Control v3 (label smoothing=0),42,0.0,v3-extension,False
5380,0.042120933532714844,0.042120933532714844,0.1,16,ext_control_v3,Control v3 (label smoothing=0),42,0.0,v3-extension,False
5400,0.009437496773898602,0.009437496773898602,0.1,16,ext_control_v3,Control v3 (label smoothing=0),42,0.0,v3-extension,False
5420,0.055036578327417374,0.055036578327417374,0.1,16,ext_control_v3,Control v3 (label smoothing=0),42,0.0,v3-extension,False
5440,0.06584271788597107,0.06584271788597107,0.1,16,ext_control_v3,Control v3 (label smoothing=0),42,0.0,v3-extension,False
5460,0.03151075541973114,0.03151075541973114,0.1,16,ext_control_v3,Control v3 (label smoothing=0),42,0.0,v3-extension,False
5480,0.020346956327557564,0.020346956327557564,0.1,16,ext_control_v3,Control v3 (label smoothing=0),42,0.0,v3-extension,False
5500,0.037403546273708344,0.037403546273708344,0.1,16,ext_control_v3,Control v3 (label smoothing=0),42,0.0,v3-extension,False
5520,0.03349463641643524,0.03349463641643524,0.1,16,ext_control_v3,Control v3 (label smoothing=0),42,0.0,v3-extension,False
5540,0.11432598531246185,0.11432598531246185,0.1,16,ext_control_v3,Control v3 (label smoothing=0),42,0.0,v3-extension,False
5560,0.08028528094291687,0.08028528094291687,0.1,16,ext_control_v3,Control v3 (label smoothing=0),42,0.0,v3-extension,False
5580,0.01593572087585926,0.01593572087585926,0.1,16,ext_control_v3,Control v3 (label smoothing=0),42,0.0,v3-extension,False
5600,0.007335915230214596,0.007335915230214596,0.1,16,ext_control_v3,Control v3 (label smoothing=0),42,0.0,v3-extension,False
5620,0.03500727564096451,0.03500727564096451,0.1,16,ext_control_v3,Control v3 (label smoothing=0),42,0.0,v3-extension,False
5640,0.03770730644464493,0.03770730644464493,0.1,17,ext_control_v3,Control v3 (label smoothing=0),42,0.0,v3-extension,False
5660,0.04640506953001022,0.04640506953001022,0.1,17,ext_control_v3,Control v3 (label smoothing=0),42,0.0,v3-extension,False
5680,0.019228540360927582,0.019228540360927582,0.1,17,ext_control_v3,Control v3 (label smoothing=0),42,0.0,v3-extension,False
5700,0.0065761469304561615,0.0065761469304561615,0.1,17,ext_control_v3,Control v3 (label smoothing=0),42,0.0,v3-extension,False
5720,0.067216657102108,0.067216657102108,0.1,17,ext_control_v3,Control v3 (label smoothing=0),42,0.0,v3-extension,False
5740,0.006150257773697376,0.006150257773697376,0.1,17,ext_control_v3,Control v3 (label smoothing=0),42,0.0,v3-extension,False
5760,0.006039788015186787,0.006039788015186787,0.1,17,ext_control_v3,Control v3 (label smoothing=0),42,0.0,v3-extension,False
5780,0.006675285287201405,0.006675285287201405,0.1,17,ext_control_v3,Control v3 (label smoothing=0),42,0.0,v3-extension,False
5800,0.008127568289637566,0.008127568289637566,0.1,17,ext_control_v3,Control v3 (label smoothing=0),42,0.0,v3-extension,False
5820,0.02294200100004673,0.02294200100004673,0.1,17,ext_control_v3,Control v3 (label smoothing=0),42,0.0,v3-extension,False
5840,0.013820203952491283,0.013820203952491283,0.1,17,ext_control_v3,Control v3 (label smoothing=0),42,0.0,v3-extension,False
5860,0.005213764496147633,0.005213764496147633,0.1,17,ext_control_v3,Control v3 (label smoothing=0),42,0.0,v3-extension,False
5880,0.01818452589213848,0.01818452589213848,0.1,17,ext_control_v3,Control v3 (label smoothing=0),42,0.0,v3-extension,False
5900,0.012466823682188988,0.012466823682188988,0.1,17,ext_control_v3,Control v3 (label smoothing=0),42,0.0,v3-extension,False
5920,0.03241540491580963,0.03241540491580963,0.1,17,ext_control_v3,Control v3 (label smoothing=0),42,0.0,v3-extension,False
5940,0.01268526166677475,0.01268526166677475,0.1,17,ext_control_v3,Control v3 (label smoothing=0),42,0.0,v3-extension,False
5960,0.0063345893286168575,0.0063345893286168575,0.1,17,ext_control_v3,Control v3 (label smoothing=0),42,0.0,v3-extension,False
5980,0.017721861600875854,0.017721861600875854,0.1,17,ext_control_v3,Control v3 (label smoothing=0),42,0.0,v3-extension,False
6000,0.04764264076948166,0.04764264076948166,0.1,18,ext_control_v3,Control v3 (label smoothing=0),42,0.0,v3-extension,False
6020,0.009161919355392456,0.009161919355392456,0.1,18,ext_control_v3,Control v3 (label smoothing=0),42,0.0,v3-extension,False
6040,0.0041518197394907475,0.0041518197394907475,0.1,18,ext_control_v3,Control v3 (label smoothing=0),42,0.0,v3-extension,False
6060,0.014032958075404167,0.014032958075404167,0.1,18,ext_control_v3,Control v3 (label smoothing=0),42,0.0,v3-extension,False
6080,0.022785529494285583,0.022785529494285583,0.1,18,ext_control_v3,Control v3 (label smoothing=0),42,0.0,v3-extension,False
6100,0.004785164259374142,0.004785164259374142,0.1,18,ext_control_v3,Control v3 (label smoothing=0),42,0.0,v3-extension,False
6120,0.0050634173676371574,0.0050634173676371574,0.1,18,ext_control_v3,Control v3 (label smoothing=0),42,0.0,v3-extension,False
6140,0.04203414544463158,0.04203414544463158,0.1,18,ext_control_v3,Control v3 (label smoothing=0),42,0.0,v3-extension,False
6160,0.009014060720801353,0.009014060720801353,0.1,18,ext_control_v3,Control v3 (label smoothing=0),42,0.0,v3-extension,False
6180,0.01167434174567461,0.01167434174567461,0.1,18,ext_control_v3,Control v3 (label smoothing=0),42,0.0,v3-extension,False
6200,0.014323300682008266,0.014323300682008266,0.1,18,ext_control_v3,Control v3 (label smoothing=0),42,0.0,v3-extension,False
6220,0.023344112560153008,0.023344112560153008,0.1,18,ext_control_v3,Control v3 (label smoothing=0),42,0.0,v3-extension,False
6240,0.06594051420688629,0.06594051420688629,0.1,18,ext_control_v3,Control v3 (label smoothing=0),42,0.0,v3-extension,False
6260,0.008476470597088337,0.008476470597088337,0.1,18,ext_control_v3,Control v3 (label smoothing=0),42,0.0,v3-extension,False
6280,0.004938457161188126,0.004938457161188126,0.1,18,ext_control_v3,Control v3 (label smoothing=0),42,0.0,v3-extension,False
6300,0.013667093589901924,0.013667093589901924,0.1,18,ext_control_v3,Control v3 (label smoothing=0),42,0.0,v3-extension,False
6320,0.008367068134248257,0.008367068134248257,0.1,18,ext_control_v3,Control v3 (label smoothing=0),42,0.0,v3-extension,False
6340,0.0037280041724443436,0.0037280041724443436,0.1,19,ext_control_v3,Control v3 (label smoothing=0),42,0.0,v3-extension,False
6360,0.014551523141562939,0.014551523141562939,0.1,19,ext_control_v3,Control v3 (label smoothing=0),42,0.0,v3-extension,False
6380,0.00561340618878603,0.00561340618878603,0.1,19,ext_control_v3,Control v3 (label smoothing=0),42,0.0,v3-extension,False
6400,0.004453037865459919,0.004453037865459919,0.1,19,ext_control_v3,Control v3 (label smoothing=0),42,0.0,v3-extension,False
6420,0.022835111245512962,0.022835111245512962,0.1,19,ext_control_v3,Control v3 (label smoothing=0),42,0.0,v3-extension,False
6440,0.039503805339336395,0.039503805339336395,0.1,19,ext_control_v3,Control v3 (label smoothing=0),42,0.0,v3-extension,False
6460,0.029739513993263245,0.029739513993263245,0.1,19,ext_control_v3,Control v3 (label smoothing=0),42,0.0,v3-extension,False
6480,0.00423048809170723,0.00423048809170723,0.1,19,ext_control_v3,Control v3 (label smoothing=0),42,0.0,v3-extension,False
6500,0.017743565142154694,0.017743565142154694,0.1,19,ext_control_v3,Control v3 (label smoothing=0),42,0.0,v3-extension,False
6520,0.019376372918486595,0.019376372918486595,0.1,19,ext_control_v3,Control v3 (label smoothing=0),42,0.0,v3-extension,False
6540,0.005474252626299858,0.005474252626299858,0.1,19,ext_control_v3,Control v3 (label smoothing=0),42,0.0,v3-extension,False
6560,0.022013964131474495,0.022013964131474495,0.1,19,ext_control_v3,Control v3 (label smoothing=0),42,0.0,v3-extension,False
6580,0.040576376020908356,0.040576376020908356,0.1,19,ext_control_v3,Control v3 (label smoothing=0),42,0.0,v3-extension,False
6600,0.015912450850009918,0.015912450850009918,0.1,19,ext_control_v3,Control v3 (label smoothing=0),42,0.0,v3-extension,False
6620,0.06606142222881317,0.06606142222881317,0.1,19,ext_control_v3,Control v3 (label smoothing=0),42,0.0,v3-extension,False
6640,0.016320958733558655,0.016320958733558655,0.1,19,ext_control_v3,Control v3 (label smoothing=0),42,0.0,v3-extension,False
6660,0.014133342541754246,0.014133342541754246,0.1,19,ext_control_v3,Control v3 (label smoothing=0),42,0.0,v3-extension,False
6680,0.034147970378398895,0.034147970378398895,0.1,19,ext_control_v3,Control v3 (label smoothing=0),42,0.0,v3-extension,False
6700,0.01424332894384861,0.01424332894384861,0.1,20,ext_control_v3,Control v3 (label smoothing=0),42,0.0,v3-extension,False
6720,0.004741732031106949,0.004741732031106949,0.1,20,ext_control_v3,Control v3 (label smoothing=0),42,0.0,v3-extension,False
6740,0.041730672121047974,0.041730672121047974,0.1,20,ext_control_v3,Control v3 (label smoothing=0),42,0.0,v3-extension,False
6760,0.0012590540573000908,0.0012590540573000908,0.1,20,ext_control_v3,Control v3 (label smoothing=0),42,0.0,v3-extension,False
6780,0.012891620397567749,0.012891620397567749,0.1,20,ext_control_v3,Control v3 (label smoothing=0),42,0.0,v3-extension,False
6800,0.015598438680171967,0.015598438680171967,0.1,20,ext_control_v3,Control v3 (label smoothing=0),42,0.0,v3-extension,False
6820,0.009516817517578602,0.009516817517578602,0.1,20,ext_control_v3,Control v3 (label smoothing=0),42,0.0,v3-extension,False
6840,0.010695591568946838,0.010695591568946838,0.1,20,ext_control_v3,Control v3 (label smoothing=0),42,0.0,v3-extension,False
6860,0.022971749305725098,0.022971749305725098,0.1,20,ext_control_v3,Control v3 (label smoothing=0),42,0.0,v3-extension,False
6880,0.03353659063577652,0.03353659063577652,0.1,20,ext_control_v3,Control v3 (label smoothing=0),42,0.0,v3-extension,False
6900,0.033637527376413345,0.033637527376413345,0.1,20,ext_control_v3,Control v3 (label smoothing=0),42,0.0,v3-extension,False
6920,0.019513636827468872,0.019513636827468872,0.1,20,ext_control_v3,Control v3 (label smoothing=0),42,0.0,v3-extension,False
6940,0.01652364619076252,0.01652364619076252,0.1,20,ext_control_v3,Control v3 (label smoothing=0),42,0.0,v3-extension,False
6960,0.00937305111438036,0.00937305111438036,0.1,20,ext_control_v3,Control v3 (label smoothing=0),42,0.0,v3-extension,False
6980,0.02921544760465622,0.02921544760465622,0.1,20,ext_control_v3,Control v3 (label smoothing=0),42,0.0,v3-extension,False
7000,0.05462248623371124,0.05462248623371124,0.1,20,ext_control_v3,Control v3 (label smoothing=0),42,0.0,v3-extension,False
7020,0.023693006485700607,0.023693006485700607,0.1,20,ext_control_v3,Control v3 (label smoothing=0),42,0.0,v3-extension,False
0,2.34922456741333,2.34922456741333,0.1,1,ext_control_v3,Control v3 (label smoothing=0),2026,0.0,v3-extension,False
20,3.651697874069214,3.651697874069214,0.1,1,ext_control_v3,Control v3 (label smoothing=0),2026,0.0,v3-extension,False
40,2.2163031101226807,2.2163031101226807,0.1,1,ext_control_v3,Control v3 (label smoothing=0),2026,0.0,v3-extension,False
60,2.006357431411743,2.006357431411743,0.1,1,ext_control_v3,Control v3 (label smoothing=0),2026,0.0,v3-extension,False
80,2.003936529159546,2.003936529159546,0.1,1,ext_control_v3,Control v3 (label smoothing=0),2026,0.0,v3-extension,False
100,1.8843930959701538,1.8843930959701538,0.1,1,ext_control_v3,Control v3 (label smoothing=0),2026,0.0,v3-extension,False
120,1.7346553802490234,1.7346553802490234,0.1,1,ext_control_v3,Control v3 (label smoothing=0),2026,0.0,v3-extension,False
140,1.7967419624328613,1.7967419624328613,0.1,1,ext_control_v3,Control v3 (label smoothing=0),2026,0.0,v3-extension,False
160,1.8659980297088623,1.8659980297088623,0.1,1,ext_control_v3,Control v3 (label smoothing=0),2026,0.0,v3-extension,False
180,1.7991275787353516,1.7991275787353516,0.1,1,ext_control_v3,Control v3 (label smoothing=0),2026,0.0,v3-extension,False
200,1.4678046703338623,1.4678046703338623,0.1,1,ext_control_v3,Control v3 (label smoothing=0),2026,0.0,v3-extension,False
220,1.4980547428131104,1.4980547428131104,0.1,1,ext_control_v3,Control v3 (label smoothing=0),2026,0.0,v3-extension,False
240,1.6509244441986084,1.6509244441986084,0.1,1,ext_control_v3,Control v3 (label smoothing=0),2026,0.0,v3-extension,False
260,1.6455447673797607,1.6455447673797607,0.1,1,ext_control_v3,Control v3 (label smoothing=0),2026,0.0,v3-extension,False
280,1.6034576892852783,1.6034576892852783,0.1,1,ext_control_v3,Control v3 (label smoothing=0),2026,0.0,v3-extension,False
300,1.5686827898025513,1.5686827898025513,0.1,1,ext_control_v3,Control v3 (label smoothing=0),2026,0.0,v3-extension,False
320,1.4147725105285645,1.4147725105285645,0.1,1,ext_control_v3,Control v3 (label smoothing=0),2026,0.0,v3-extension,False
340,1.4140539169311523,1.4140539169311523,0.1,1,ext_control_v3,Control v3 (label smoothing=0),2026,0.0,v3-extension,False
360,1.3067570924758911,1.3067570924758911,0.1,2,ext_control_v3,Control v3 (label smoothing=0),2026,0.0,v3-extension,False
380,1.3879146575927734,1.3879146575927734,0.1,2,ext_control_v3,Control v3 (label smoothing=0),2026,0.0,v3-extension,False
400,1.4560139179229736,1.4560139179229736,0.1,2,ext_control_v3,Control v3 (label smoothing=0),2026,0.0,v3-extension,False
420,1.5307602882385254,1.5307602882385254,0.1,2,ext_control_v3,Control v3 (label smoothing=0),2026,0.0,v3-extension,False
440,1.3619749546051025,1.3619749546051025,0.1,2,ext_control_v3,Control v3 (label smoothing=0),2026,0.0,v3-extension,False
460,1.3806171417236328,1.3806171417236328,0.1,2,ext_control_v3,Control v3 (label smoothing=0),2026,0.0,v3-extension,False
480,1.3542733192443848,1.3542733192443848,0.1,2,ext_control_v3,Control v3 (label smoothing=0),2026,0.0,v3-extension,False
500,1.4091519117355347,1.4091519117355347,0.1,2,ext_control_v3,Control v3 (label smoothing=0),2026,0.0,v3-extension,False
520,1.3709660768508911,1.3709660768508911,0.1,2,ext_control_v3,Control v3 (label smoothing=0),2026,0.0,v3-extension,False
540,1.378857135772705,1.378857135772705,0.1,2,ext_control_v3,Control v3 (label smoothing=0),2026,0.0,v3-extension,False
560,1.3414685726165771,1.3414685726165771,0.1,2,ext_control_v3,Control v3 (label smoothing=0),2026,0.0,v3-extension,False
580,1.179317831993103,1.179317831993103,0.1,2,ext_control_v3,Control v3 (label smoothing=0),2026,0.0,v3-extension,False
600,1.2418780326843262,1.2418780326843262,0.1,2,ext_control_v3,Control v3 (label smoothing=0),2026,0.0,v3-extension,False
620,1.2187087535858154,1.2187087535858154,0.1,2,ext_control_v3,Control v3 (label smoothing=0),2026,0.0,v3-extension,False
640,1.1437498331069946,1.1437498331069946,0.1,2,ext_control_v3,Control v3 (label smoothing=0),2026,0.0,v3-extension,False
660,1.1213152408599854,1.1213152408599854,0.1,2,ext_control_v3,Control v3 (label smoothing=0),2026,0.0,v3-extension,False
680,0.9887254238128662,0.9887254238128662,0.1,2,ext_control_v3,Control v3 (label smoothing=0),2026,0.0,v3-extension,False
700,1.1870369911193848,1.1870369911193848,0.1,2,ext_control_v3,Control v3 (label smoothing=0),2026,0.0,v3-extension,False
720,0.9746639728546143,0.9746639728546143,0.1,3,ext_control_v3,Control v3 (label smoothing=0),2026,0.0,v3-extension,False
740,1.0053966045379639,1.0053966045379639,0.1,3,ext_control_v3,Control v3 (label smoothing=0),2026,0.0,v3-extension,False
760,1.0970144271850586,1.0970144271850586,0.1,3,ext_control_v3,Control v3 (label smoothing=0),2026,0.0,v3-extension,False
780,1.1576268672943115,1.1576268672943115,0.1,3,ext_control_v3,Control v3 (label smoothing=0),2026,0.0,v3-extension,False
800,1.0702546834945679,1.0702546834945679,0.1,3,ext_control_v3,Control v3 (label smoothing=0),2026,0.0,v3-extension,False
820,1.1818063259124756,1.1818063259124756,0.1,3,ext_control_v3,Control v3 (label smoothing=0),2026,0.0,v3-extension,False
840,1.1663885116577148,1.1663885116577148,0.1,3,ext_control_v3,Control v3 (label smoothing=0),2026,0.0,v3-extension,False
860,1.151477575302124,1.151477575302124,0.1,3,ext_control_v3,Control v3 (label smoothing=0),2026,0.0,v3-extension,False
880,0.9854801893234253,0.9854801893234253,0.1,3,ext_control_v3,Control v3 (label smoothing=0),2026,0.0,v3-extension,False
900,1.0628981590270996,1.0628981590270996,0.1,3,ext_control_v3,Control v3 (label smoothing=0),2026,0.0,v3-extension,False
920,0.8502519130706787,0.8502519130706787,0.1,3,ext_control_v3,Control v3 (label smoothing=0),2026,0.0,v3-extension,False
940,0.9023125171661377,0.9023125171661377,0.1,3,ext_control_v3,Control v3 (label smoothing=0),2026,0.0,v3-extension,False
960,0.9701259136199951,0.9701259136199951,0.1,3,ext_control_v3,Control v3 (label smoothing=0),2026,0.0,v3-extension,False
980,1.1142644882202148,1.1142644882202148,0.1,3,ext_control_v3,Control v3 (label smoothing=0),2026,0.0,v3-extension,False
1000,0.9012066721916199,0.9012066721916199,0.1,3,ext_control_v3,Control v3 (label smoothing=0),2026,0.0,v3-extension,False
1020,1.0511629581451416,1.0511629581451416,0.1,3,ext_control_v3,Control v3 (label smoothing=0),2026,0.0,v3-extension,False
1040,0.826318621635437,0.826318621635437,0.1,3,ext_control_v3,Control v3 (label smoothing=0),2026,0.0,v3-extension,False
1060,0.6007152795791626,0.6007152795791626,0.1,4,ext_control_v3,Control v3 (label smoothing=0),2026,0.0,v3-extension,False
1080,0.6728823184967041,0.6728823184967041,0.1,4,ext_control_v3,Control v3 (label smoothing=0),2026,0.0,v3-extension,False
1100,0.9691979885101318,0.9691979885101318,0.1,4,ext_control_v3,Control v3 (label smoothing=0),2026,0.0,v3-extension,False
1120,0.8211839199066162,0.8211839199066162,0.1,4,ext_control_v3,Control v3 (label smoothing=0),2026,0.0,v3-extension,False
1140,0.7462587952613831,0.7462587952613831,0.1,4,ext_control_v3,Control v3 (label smoothing=0),2026,0.0,v3-extension,False
1160,0.8431022763252258,0.8431022763252258,0.1,4,ext_control_v3,Control v3 (label smoothing=0),2026,0.0,v3-extension,False
1180,1.0366398096084595,1.0366398096084595,0.1,4,ext_control_v3,Control v3 (label smoothing=0),2026,0.0,v3-extension,False
1200,0.7645121216773987,0.7645121216773987,0.1,4,ext_control_v3,Control v3 (label smoothing=0),2026,0.0,v3-extension,False
1220,1.036347508430481,1.036347508430481,0.1,4,ext_control_v3,Control v3 (label smoothing=0),2026,0.0,v3-extension,False
1240,0.9514637589454651,0.9514637589454651,0.1,4,ext_control_v3,Control v3 (label smoothing=0),2026,0.0,v3-extension,False
1260,0.8920753002166748,0.8920753002166748,0.1,4,ext_control_v3,Control v3 (label smoothing=0),2026,0.0,v3-extension,False
1280,0.8350859880447388,0.8350859880447388,0.1,4,ext_control_v3,Control v3 (label smoothing=0),2026,0.0,v3-extension,False
1300,0.7934665679931641,0.7934665679931641,0.1,4,ext_control_v3,Control v3 (label smoothing=0),2026,0.0,v3-extension,False
1320,0.787918210029602,0.787918210029602,0.1,4,ext_control_v3,Control v3 (label smoothing=0),2026,0.0,v3-extension,False
1340,0.8381524085998535,0.8381524085998535,0.1,4,ext_control_v3,Control v3 (label smoothing=0),2026,0.0,v3-extension,False
1360,0.8656324148178101,0.8656324148178101,0.1,4,ext_control_v3,Control v3 (label smoothing=0),2026,0.0,v3-extension,False
1380,0.7176551818847656,0.7176551818847656,0.1,4,ext_control_v3,Control v3 (label smoothing=0),2026,0.0,v3-extension,False
1400,0.9505902528762817,0.9505902528762817,0.1,4,ext_control_v3,Control v3 (label smoothing=0),2026,0.0,v3-extension,False
1420,0.5935554504394531,0.5935554504394531,0.1,5,ext_control_v3,Control v3 (label smoothing=0),2026,0.0,v3-extension,False
1440,0.7804688215255737,0.7804688215255737,0.1,5,ext_control_v3,Control v3 (label smoothing=0),2026,0.0,v3-extension,False
1460,0.6446568965911865,0.6446568965911865,0.1,5,ext_control_v3,Control v3 (label smoothing=0),2026,0.0,v3-extension,False
1480,0.5869359970092773,0.5869359970092773,0.1,5,ext_control_v3,Control v3 (label smoothing=0),2026,0.0,v3-extension,False
1500,0.6762662529945374,0.6762662529945374,0.1,5,ext_control_v3,Control v3 (label smoothing=0),2026,0.0,v3-extension,False
1520,0.6161130666732788,0.6161130666732788,0.1,5,ext_control_v3,Control v3 (label smoothing=0),2026,0.0,v3-extension,False
1540,0.5853266716003418,0.5853266716003418,0.1,5,ext_control_v3,Control v3 (label smoothing=0),2026,0.0,v3-extension,False
1560,0.7661540508270264,0.7661540508270264,0.1,5,ext_control_v3,Control v3 (label smoothing=0),2026,0.0,v3-extension,False
1580,0.6454114317893982,0.6454114317893982,0.1,5,ext_control_v3,Control v3 (label smoothing=0),2026,0.0,v3-extension,False
1600,0.5960304737091064,0.5960304737091064,0.1,5,ext_control_v3,Control v3 (label smoothing=0),2026,0.0,v3-extension,False
1620,0.5694387555122375,0.5694387555122375,0.1,5,ext_control_v3,Control v3 (label smoothing=0),2026,0.0,v3-extension,False
1640,0.7035390138626099,0.7035390138626099,0.1,5,ext_control_v3,Control v3 (label smoothing=0),2026,0.0,v3-extension,False
1660,0.5763096213340759,0.5763096213340759,0.1,5,ext_control_v3,Control v3 (label smoothing=0),2026,0.0,v3-extension,False
1680,0.596836268901825,0.596836268901825,0.1,5,ext_control_v3,Control v3 (label smoothing=0),2026,0.0,v3-extension,False
1700,0.6176846623420715,0.6176846623420715,0.1,5,ext_control_v3,Control v3 (label smoothing=0),2026,0.0,v3-extension,False
1720,0.6839054822921753,0.6839054822921753,0.1,5,ext_control_v3,Control v3 (label smoothing=0),2026,0.0,v3-extension,False
1740,0.7315117716789246,0.7315117716789246,0.1,5,ext_control_v3,Control v3 (label smoothing=0),2026,0.0,v3-extension,False
1760,0.5734127759933472,0.5734127759933472,0.1,6,ext_control_v3,Control v3 (label smoothing=0),2026,0.0,v3-extension,False
1780,0.4655391573905945,0.4655391573905945,0.1,6,ext_control_v3,Control v3 (label smoothing=0),2026,0.0,v3-extension,False
1800,0.45729878544807434,0.45729878544807434,0.1,6,ext_control_v3,Control v3 (label smoothing=0),2026,0.0,v3-extension,False
1820,0.45194655656814575,0.45194655656814575,0.1,6,ext_control_v3,Control v3 (label smoothing=0),2026,0.0,v3-extension,False
1840,0.4975984990596771,0.4975984990596771,0.1,6,ext_control_v3,Control v3 (label smoothing=0),2026,0.0,v3-extension,False
1860,0.5718895792961121,0.5718895792961121,0.1,6,ext_control_v3,Control v3 (label smoothing=0),2026,0.0,v3-extension,False
1880,0.44980183243751526,0.44980183243751526,0.1,6,ext_control_v3,Control v3 (label smoothing=0),2026,0.0,v3-extension,False
1900,0.5466115474700928,0.5466115474700928,0.1,6,ext_control_v3,Control v3 (label smoothing=0),2026,0.0,v3-extension,False
1920,0.46523717045783997,0.46523717045783997,0.1,6,ext_control_v3,Control v3 (label smoothing=0),2026,0.0,v3-extension,False
1940,0.5430285930633545,0.5430285930633545,0.1,6,ext_control_v3,Control v3 (label smoothing=0),2026,0.0,v3-extension,False
1960,0.5980264544487,0.5980264544487,0.1,6,ext_control_v3,Control v3 (label smoothing=0),2026,0.0,v3-extension,False
1980,0.49177223443984985,0.49177223443984985,0.1,6,ext_control_v3,Control v3 (label smoothing=0),2026,0.0,v3-extension,False
2000,0.5112422704696655,0.5112422704696655,0.1,6,ext_control_v3,Control v3 (label smoothing=0),2026,0.0,v3-extension,False
2020,0.4230165481567383,0.4230165481567383,0.1,6,ext_control_v3,Control v3 (label smoothing=0),2026,0.0,v3-extension,False
2040,0.4810278117656708,0.4810278117656708,0.1,6,ext_control_v3,Control v3 (label smoothing=0),2026,0.0,v3-extension,False
2060,0.4898833632469177,0.4898833632469177,0.1,6,ext_control_v3,Control v3 (label smoothing=0),2026,0.0,v3-extension,False
2080,0.4703833758831024,0.4703833758831024,0.1,6,ext_control_v3,Control v3 (label smoothing=0),2026,0.0,v3-extension,False
2100,0.5440413355827332,0.5440413355827332,0.1,6,ext_control_v3,Control v3 (label smoothing=0),2026,0.0,v3-extension,False
2120,0.43172594904899597,0.43172594904899597,0.1,7,ext_control_v3,Control v3 (label smoothing=0),2026,0.0,v3-extension,False
2140,0.39624083042144775,0.39624083042144775,0.1,7,ext_control_v3,Control v3 (label smoothing=0),2026,0.0,v3-extension,False
2160,0.30490952730178833,0.30490952730178833,0.1,7,ext_control_v3,Control v3 (label smoothing=0),2026,0.0,v3-extension,False
2180,0.4836573004722595,0.4836573004722595,0.1,7,ext_control_v3,Control v3 (label smoothing=0),2026,0.0,v3-extension,False
2200,0.313940167427063,0.313940167427063,0.1,7,ext_control_v3,Control v3 (label smoothing=0),2026,0.0,v3-extension,False
2220,0.3923477828502655,0.3923477828502655,0.1,7,ext_control_v3,Control v3 (label smoothing=0),2026,0.0,v3-extension,False
2240,0.5389687418937683,0.5389687418937683,0.1,7,ext_control_v3,Control v3 (label smoothing=0),2026,0.0,v3-extension,False
2260,0.4636078178882599,0.4636078178882599,0.1,7,ext_control_v3,Control v3 (label smoothing=0),2026,0.0,v3-extension,False
2280,0.23778922855854034,0.23778922855854034,0.1,7,ext_control_v3,Control v3 (label smoothing=0),2026,0.0,v3-extension,False
2300,0.4062005281448364,0.4062005281448364,0.1,7,ext_control_v3,Control v3 (label smoothing=0),2026,0.0,v3-extension,False
2320,0.38803860545158386,0.38803860545158386,0.1,7,ext_control_v3,Control v3 (label smoothing=0),2026,0.0,v3-extension,False
2340,0.5070505142211914,0.5070505142211914,0.1,7,ext_control_v3,Control v3 (label smoothing=0),2026,0.0,v3-extension,False
2360,0.6262598633766174,0.6262598633766174,0.1,7,ext_control_v3,Control v3 (label smoothing=0),2026,0.0,v3-extension,False
2380,0.37969517707824707,0.37969517707824707,0.1,7,ext_control_v3,Control v3 (label smoothing=0),2026,0.0,v3-extension,False
2400,0.3337861895561218,0.3337861895561218,0.1,7,ext_control_v3,Control v3 (label smoothing=0),2026,0.0,v3-extension,False
2420,0.429094135761261,0.429094135761261,0.1,7,ext_control_v3,Control v3 (label smoothing=0),2026,0.0,v3-extension,False
2440,0.47893595695495605,0.47893595695495605,0.1,7,ext_control_v3,Control v3 (label smoothing=0),2026,0.0,v3-extension,False
2460,0.42488157749176025,0.42488157749176025,0.1,7,ext_control_v3,Control v3 (label smoothing=0),2026,0.0,v3-extension,False
2480,0.18209153413772583,0.18209153413772583,0.1,8,ext_control_v3,Control v3 (label smoothing=0),2026,0.0,v3-extension,False
2500,0.3555058240890503,0.3555058240890503,0.1,8,ext_control_v3,Control v3 (label smoothing=0),2026,0.0,v3-extension,False
2520,0.17732322216033936,0.17732322216033936,0.1,8,ext_control_v3,Control v3 (label smoothing=0),2026,0.0,v3-extension,False
2540,0.3361092805862427,0.3361092805862427,0.1,8,ext_control_v3,Control v3 (label smoothing=0),2026,0.0,v3-extension,False
2560,0.26771080493927,0.26771080493927,0.1,8,ext_control_v3,Control v3 (label smoothing=0),2026,0.0,v3-extension,False
2580,0.24478837847709656,0.24478837847709656,0.1,8,ext_control_v3,Control v3 (label smoothing=0),2026,0.0,v3-extension,False
2600,0.17152681946754456,0.17152681946754456,0.1,8,ext_control_v3,Control v3 (label smoothing=0),2026,0.0,v3-extension,False
2620,0.23661258816719055,0.23661258816719055,0.1,8,ext_control_v3,Control v3 (label smoothing=0),2026,0.0,v3-extension,False
2640,0.172869473695755,0.172869473695755,0.1,8,ext_control_v3,Control v3 (label smoothing=0),2026,0.0,v3-extension,False
2660,0.23492050170898438,0.23492050170898438,0.1,8,ext_control_v3,Control v3 (label smoothing=0),2026,0.0,v3-extension,False
2680,0.24970361590385437,0.24970361590385437,0.1,8,ext_control_v3,Control v3 (label smoothing=0),2026,0.0,v3-extension,False
2700,0.3488355875015259,0.3488355875015259,0.1,8,ext_control_v3,Control v3 (label smoothing=0),2026,0.0,v3-extension,False
2720,0.3467347025871277,0.3467347025871277,0.1,8,ext_control_v3,Control v3 (label smoothing=0),2026,0.0,v3-extension,False
2740,0.448555588722229,0.448555588722229,0.1,8,ext_control_v3,Control v3 (label smoothing=0),2026,0.0,v3-extension,False
2760,0.24458831548690796,0.24458831548690796,0.1,8,ext_control_v3,Control v3 (label smoothing=0),2026,0.0,v3-extension,False
2780,0.41366270184516907,0.41366270184516907,0.1,8,ext_control_v3,Control v3 (label smoothing=0),2026,0.0,v3-extension,False
2800,0.27638673782348633,0.27638673782348633,0.1,8,ext_control_v3,Control v3 (label smoothing=0),2026,0.0,v3-extension,False
2820,0.1647607684135437,0.1647607684135437,0.1,9,ext_control_v3,Control v3 (label smoothing=0),2026,0.0,v3-extension,False
2840,0.17013335227966309,0.17013335227966309,0.1,9,ext_control_v3,Control v3 (label smoothing=0),2026,0.0,v3-extension,False
2860,0.10332371294498444,0.10332371294498444,0.1,9,ext_control_v3,Control v3 (label smoothing=0),2026,0.0,v3-extension,False
2880,0.2140846848487854,0.2140846848487854,0.1,9,ext_control_v3,Control v3 (label smoothing=0),2026,0.0,v3-extension,False
2900,0.10596992820501328,0.10596992820501328,0.1,9,ext_control_v3,Control v3 (label smoothing=0),2026,0.0,v3-extension,False
2920,0.15568232536315918,0.15568232536315918,0.1,9,ext_control_v3,Control v3 (label smoothing=0),2026,0.0,v3-extension,False
2940,0.25556331872940063,0.25556331872940063,0.1,9,ext_control_v3,Control v3 (label smoothing=0),2026,0.0,v3-extension,False
2960,0.22222590446472168,0.22222590446472168,0.1,9,ext_control_v3,Control v3 (label smoothing=0),2026,0.0,v3-extension,False
2980,0.11794723570346832,0.11794723570346832,0.1,9,ext_control_v3,Control v3 (label smoothing=0),2026,0.0,v3-extension,False
3000,0.14168331027030945,0.14168331027030945,0.1,9,ext_control_v3,Control v3 (label smoothing=0),2026,0.0,v3-extension,False
3020,0.2797568738460541,0.2797568738460541,0.1,9,ext_control_v3,Control v3 (label smoothing=0),2026,0.0,v3-extension,False
3040,0.34347933530807495,0.34347933530807495,0.1,9,ext_control_v3,Control v3 (label smoothing=0),2026,0.0,v3-extension,False
3060,0.1665462851524353,0.1665462851524353,0.1,9,ext_control_v3,Control v3 (label smoothing=0),2026,0.0,v3-extension,False
3080,0.20654574036598206,0.20654574036598206,0.1,9,ext_control_v3,Control v3 (label smoothing=0),2026,0.0,v3-extension,False
3100,0.1740371286869049,0.1740371286869049,0.1,9,ext_control_v3,Control v3 (label smoothing=0),2026,0.0,v3-extension,False
3120,0.2891239523887634,0.2891239523887634,0.1,9,ext_control_v3,Control v3 (label smoothing=0),2026,0.0,v3-extension,False
3140,0.12755918502807617,0.12755918502807617,0.1,9,ext_control_v3,Control v3 (label smoothing=0),2026,0.0,v3-extension,False
3160,0.230709508061409,0.230709508061409,0.1,9,ext_control_v3,Control v3 (label smoothing=0),2026,0.0,v3-extension,False
3180,0.1378028839826584,0.1378028839826584,0.1,10,ext_control_v3,Control v3 (label smoothing=0),2026,0.0,v3-extension,False
3200,0.11106987297534943,0.11106987297534943,0.1,10,ext_control_v3,Control v3 (label smoothing=0),2026,0.0,v3-extension,False
3220,0.07604855298995972,0.07604855298995972,0.1,10,ext_control_v3,Control v3 (label smoothing=0),2026,0.0,v3-extension,False
3240,0.07052972912788391,0.07052972912788391,0.1,10,ext_control_v3,Control v3 (label smoothing=0),2026,0.0,v3-extension,False
3260,0.10377608239650726,0.10377608239650726,0.1,10,ext_control_v3,Control v3 (label smoothing=0),2026,0.0,v3-extension,False
3280,0.09683528542518616,0.09683528542518616,0.1,10,ext_control_v3,Control v3 (label smoothing=0),2026,0.0,v3-extension,False
3300,0.13161475956439972,0.13161475956439972,0.1,10,ext_control_v3,Control v3 (label smoothing=0),2026,0.0,v3-extension,False
3320,0.1259343922138214,0.1259343922138214,0.1,10,ext_control_v3,Control v3 (label smoothing=0),2026,0.0,v3-extension,False
3340,0.14426174759864807,0.14426174759864807,0.1,10,ext_control_v3,Control v3 (label smoothing=0),2026,0.0,v3-extension,False
3360,0.09235729277133942,0.09235729277133942,0.1,10,ext_control_v3,Control v3 (label smoothing=0),2026,0.0,v3-extension,False
3380,0.12473810464143753,0.12473810464143753,0.1,10,ext_control_v3,Control v3 (label smoothing=0),2026,0.0,v3-extension,False
3400,0.18118701875209808,0.18118701875209808,0.1,10,ext_control_v3,Control v3 (label smoothing=0),2026,0.0,v3-extension,False
3420,0.20692183077335358,0.20692183077335358,0.1,10,ext_control_v3,Control v3 (label smoothing=0),2026,0.0,v3-extension,False
3440,0.0828409492969513,0.0828409492969513,0.1,10,ext_control_v3,Control v3 (label smoothing=0),2026,0.0,v3-extension,False
3460,0.24200722575187683,0.24200722575187683,0.1,10,ext_control_v3,Control v3 (label smoothing=0),2026,0.0,v3-extension,False
3480,0.18372635543346405,0.18372635543346405,0.1,10,ext_control_v3,Control v3 (label smoothing=0),2026,0.0,v3-extension,False
3500,0.15780717134475708,0.15780717134475708,0.1,10,ext_control_v3,Control v3 (label smoothing=0),2026,0.0,v3-extension,False
3520,0.099066823720932,0.099066823720932,0.1,11,ext_control_v3,Control v3 (label smoothing=0),2026,0.0,v3-extension,False
3540,0.08293608576059341,0.08293608576059341,0.1,11,ext_control_v3,Control v3 (label smoothing=0),2026,0.0,v3-extension,False
3560,0.036978788673877716,0.036978788673877716,0.1,11,ext_control_v3,Control v3 (label smoothing=0),2026,0.0,v3-extension,False
3580,0.08516724407672882,0.08516724407672882,0.1,11,ext_control_v3,Control v3 (label smoothing=0),2026,0.0,v3-extension,False
3600,0.085137739777565,0.085137739777565,0.1,11,ext_control_v3,Control v3 (label smoothing=0),2026,0.0,v3-extension,False
3620,0.053999364376068115,0.053999364376068115,0.1,11,ext_control_v3,Control v3 (label smoothing=0),2026,0.0,v3-extension,False
3640,0.04541471600532532,0.04541471600532532,0.1,11,ext_control_v3,Control v3 (label smoothing=0),2026,0.0,v3-extension,False
3660,0.09693634510040283,0.09693634510040283,0.1,11,ext_control_v3,Control v3 (label smoothing=0),2026,0.0,v3-extension,False
3680,0.07372662425041199,0.07372662425041199,0.1,11,ext_control_v3,Control v3 (label smoothing=0),2026,0.0,v3-extension,False
3700,0.09317462146282196,0.09317462146282196,0.1,11,ext_control_v3,Control v3 (label smoothing=0),2026,0.0,v3-extension,False
3720,0.053255993872880936,0.053255993872880936,0.1,11,ext_control_v3,Control v3 (label smoothing=0),2026,0.0,v3-extension,False
3740,0.14930307865142822,0.14930307865142822,0.1,11,ext_control_v3,Control v3 (label smoothing=0),2026,0.0,v3-extension,False
3760,0.04765075817704201,0.04765075817704201,0.1,11,ext_control_v3,Control v3 (label smoothing=0),2026,0.0,v3-extension,False
3780,0.0939239114522934,0.0939239114522934,0.1,11,ext_control_v3,Control v3 (label smoothing=0),2026,0.0,v3-extension,False
3800,0.09380953758955002,0.09380953758955002,0.1,11,ext_control_v3,Control v3 (label smoothing=0),2026,0.0,v3-extension,False
3820,0.14568106830120087,0.14568106830120087,0.1,11,ext_control_v3,Control v3 (label smoothing=0),2026,0.0,v3-extension,False
3840,0.17054976522922516,0.17054976522922516,0.1,11,ext_control_v3,Control v3 (label smoothing=0),2026,0.0,v3-extension,False
3860,0.196403369307518,0.196403369307518,0.1,11,ext_control_v3,Control v3 (label smoothing=0),2026,0.0,v3-extension,False
3880,0.0764080286026001,0.0764080286026001,0.1,12,ext_control_v3,Control v3 (label smoothing=0),2026,0.0,v3-extension,False
3900,0.04285135120153427,0.04285135120153427,0.1,12,ext_control_v3,Control v3 (label smoothing=0),2026,0.0,v3-extension,False
3920,0.060494787991046906,0.060494787991046906,0.1,12,ext_control_v3,Control v3 (label smoothing=0),2026,0.0,v3-extension,False
3940,0.1273343861103058,0.1273343861103058,0.1,12,ext_control_v3,Control v3 (label smoothing=0),2026,0.0,v3-extension,False
3960,0.1126808226108551,0.1126808226108551,0.1,12,ext_control_v3,Control v3 (label smoothing=0),2026,0.0,v3-extension,False
3980,0.04670393094420433,0.04670393094420433,0.1,12,ext_control_v3,Control v3 (label smoothing=0),2026,0.0,v3-extension,False
4000,0.034991227090358734,0.034991227090358734,0.1,12,ext_control_v3,Control v3 (label smoothing=0),2026,0.0,v3-extension,False
4020,0.117892786860466,0.117892786860466,0.1,12,ext_control_v3,Control v3 (label smoothing=0),2026,0.0,v3-extension,False
4040,0.06163133680820465,0.06163133680820465,0.1,12,ext_control_v3,Control v3 (label smoothing=0),2026,0.0,v3-extension,False
4060,0.06425045430660248,0.06425045430660248,0.1,12,ext_control_v3,Control v3 (label smoothing=0),2026,0.0,v3-extension,False
4080,0.12997666001319885,0.12997666001319885,0.1,12,ext_control_v3,Control v3 (label smoothing=0),2026,0.0,v3-extension,False
4100,0.06967863440513611,0.06967863440513611,0.1,12,ext_control_v3,Control v3 (label smoothing=0),2026,0.0,v3-extension,False
4120,0.1424793154001236,0.1424793154001236,0.1,12,ext_control_v3,Control v3 (label smoothing=0),2026,0.0,v3-extension,False
4140,0.07311505079269409,0.07311505079269409,0.1,12,ext_control_v3,Control v3 (label smoothing=0),2026,0.0,v3-extension,False
4160,0.1376376748085022,0.1376376748085022,0.1,12,ext_control_v3,Control v3 (label smoothing=0),2026,0.0,v3-extension,False
4180,0.05767970159649849,0.05767970159649849,0.1,12,ext_control_v3,Control v3 (label smoothing=0),2026,0.0,v3-extension,False
4200,0.13100193440914154,0.13100193440914154,0.1,12,ext_control_v3,Control v3 (label smoothing=0),2026,0.0,v3-extension,False
4220,0.14808867871761322,0.14808867871761322,0.1,12,ext_control_v3,Control v3 (label smoothing=0),2026,0.0,v3-extension,False
4240,0.029103152453899384,0.029103152453899384,0.1,13,ext_control_v3,Control v3 (label smoothing=0),2026,0.0,v3-extension,False
4260,0.08490514755249023,0.08490514755249023,0.1,13,ext_control_v3,Control v3 (label smoothing=0),2026,0.0,v3-extension,False
4280,0.04257749021053314,0.04257749021053314,0.1,13,ext_control_v3,Control v3 (label smoothing=0),2026,0.0,v3-extension,False
4300,0.030946237966418266,0.030946237966418266,0.1,13,ext_control_v3,Control v3 (label smoothing=0),2026,0.0,v3-extension,False
4320,0.03978094831109047,0.03978094831109047,0.1,13,ext_control_v3,Control v3 (label smoothing=0),2026,0.0,v3-extension,False
4340,0.03217918798327446,0.03217918798327446,0.1,13,ext_control_v3,Control v3 (label smoothing=0),2026,0.0,v3-extension,False
4360,0.040411509573459625,0.040411509573459625,0.1,13,ext_control_v3,Control v3 (label smoothing=0),2026,0.0,v3-extension,False
4380,0.04737662523984909,0.04737662523984909,0.1,13,ext_control_v3,Control v3 (label smoothing=0),2026,0.0,v3-extension,False
4400,0.08100126683712006,0.08100126683712006,0.1,13,ext_control_v3,Control v3 (label smoothing=0),2026,0.0,v3-extension,False
4420,0.05722648277878761,0.05722648277878761,0.1,13,ext_control_v3,Control v3 (label smoothing=0),2026,0.0,v3-extension,False
4440,0.019332431256771088,0.019332431256771088,0.1,13,ext_control_v3,Control v3 (label smoothing=0),2026,0.0,v3-extension,False
4460,0.03327663615345955,0.03327663615345955,0.1,13,ext_control_v3,Control v3 (label smoothing=0),2026,0.0,v3-extension,False
4480,0.07156267762184143,0.07156267762184143,0.1,13,ext_control_v3,Control v3 (label smoothing=0),2026,0.0,v3-extension,False
4500,0.0381927490234375,0.0381927490234375,0.1,13,ext_control_v3,Control v3 (label smoothing=0),2026,0.0,v3-extension,False
4520,0.05063743144273758,0.05063743144273758,0.1,13,ext_control_v3,Control v3 (label smoothing=0),2026,0.0,v3-extension,False
4540,0.049455851316452026,0.049455851316452026,0.1,13,ext_control_v3,Control v3 (label smoothing=0),2026,0.0,v3-extension,False
4560,0.17364469170570374,0.17364469170570374,0.1,13,ext_control_v3,Control v3 (label smoothing=0),2026,0.0,v3-extension,False
4580,0.08646975457668304,0.08646975457668304,0.1,14,ext_control_v3,Control v3 (label smoothing=0),2026,0.0,v3-extension,False
4600,0.01887461356818676,0.01887461356818676,0.1,14,ext_control_v3,Control v3 (label smoothing=0),2026,0.0,v3-extension,False
4620,0.10076180845499039,0.10076180845499039,0.1,14,ext_control_v3,Control v3 (label smoothing=0),2026,0.0,v3-extension,False
4640,0.025155026465654373,0.025155026465654373,0.1,14,ext_control_v3,Control v3 (label smoothing=0),2026,0.0,v3-extension,False
4660,0.03156495839357376,0.03156495839357376,0.1,14,ext_control_v3,Control v3 (label smoothing=0),2026,0.0,v3-extension,False
4680,0.036369629204273224,0.036369629204273224,0.1,14,ext_control_v3,Control v3 (label smoothing=0),2026,0.0,v3-extension,False
4700,0.018364500254392624,0.018364500254392624,0.1,14,ext_control_v3,Control v3 (label smoothing=0),2026,0.0,v3-extension,False
4720,0.06393022835254669,0.06393022835254669,0.1,14,ext_control_v3,Control v3 (label smoothing=0),2026,0.0,v3-extension,False
4740,0.042834267020225525,0.042834267020225525,0.1,14,ext_control_v3,Control v3 (label smoothing=0),2026,0.0,v3-extension,False
4760,0.014244073070585728,0.014244073070585728,0.1,14,ext_control_v3,Control v3 (label smoothing=0),2026,0.0,v3-extension,False
4780,0.03488622233271599,0.03488622233271599,0.1,14,ext_control_v3,Control v3 (label smoothing=0),2026,0.0,v3-extension,False
4800,0.019107963889837265,0.019107963889837265,0.1,14,ext_control_v3,Control v3 (label smoothing=0),2026,0.0,v3-extension,False
4820,0.06387429684400558,0.06387429684400558,0.1,14,ext_control_v3,Control v3 (label smoothing=0),2026,0.0,v3-extension,False
4840,0.07675833255052567,0.07675833255052567,0.1,14,ext_control_v3,Control v3 (label smoothing=0),2026,0.0,v3-extension,False
4860,0.08194459974765778,0.08194459974765778,0.1,14,ext_control_v3,Control v3 (label smoothing=0),2026,0.0,v3-extension,False
4880,0.11815880984067917,0.11815880984067917,0.1,14,ext_control_v3,Control v3 (label smoothing=0),2026,0.0,v3-extension,False
4900,0.11353160440921783,0.11353160440921783,0.1,14,ext_control_v3,Control v3 (label smoothing=0),2026,0.0,v3-extension,False
4920,0.06537710130214691,0.06537710130214691,0.1,14,ext_control_v3,Control v3 (label smoothing=0),2026,0.0,v3-extension,False
4940,0.0591171458363533,0.0591171458363533,0.1,15,ext_control_v3,Control v3 (label smoothing=0),2026,0.0,v3-extension,False
4960,0.028155412524938583,0.028155412524938583,0.1,15,ext_control_v3,Control v3 (label smoothing=0),2026,0.0,v3-extension,False
4980,0.02717592567205429,0.02717592567205429,0.1,15,ext_control_v3,Control v3 (label smoothing=0),2026,0.0,v3-extension,False
5000,0.0047625890001654625,0.0047625890001654625,0.1,15,ext_control_v3,Control v3 (label smoothing=0),2026,0.0,v3-extension,False
5020,0.005229881964623928,0.005229881964623928,0.1,15,ext_control_v3,Control v3 (label smoothing=0),2026,0.0,v3-extension,False
5040,0.024408169090747833,0.024408169090747833,0.1,15,ext_control_v3,Control v3 (label smoothing=0),2026,0.0,v3-extension,False
5060,0.005356585141271353,0.005356585141271353,0.1,15,ext_control_v3,Control v3 (label smoothing=0),2026,0.0,v3-extension,False
5080,0.036298587918281555,0.036298587918281555,0.1,15,ext_control_v3,Control v3 (label smoothing=0),2026,0.0,v3-extension,False
5100,0.08003683388233185,0.08003683388233185,0.1,15,ext_control_v3,Control v3 (label smoothing=0),2026,0.0,v3-extension,False
5120,0.0084211565554142,0.0084211565554142,0.1,15,ext_control_v3,Control v3 (label smoothing=0),2026,0.0,v3-extension,False
5140,0.047558143734931946,0.047558143734931946,0.1,15,ext_control_v3,Control v3 (label smoothing=0),2026,0.0,v3-extension,False
5160,0.054343320429325104,0.054343320429325104,0.1,15,ext_control_v3,Control v3 (label smoothing=0),2026,0.0,v3-extension,False
5180,0.028233321383595467,0.028233321383595467,0.1,15,ext_control_v3,Control v3 (label smoothing=0),2026,0.0,v3-extension,False
5200,0.08326956629753113,0.08326956629753113,0.1,15,ext_control_v3,Control v3 (label smoothing=0),2026,0.0,v3-extension,False
5220,0.13574542105197906,0.13574542105197906,0.1,15,ext_control_v3,Control v3 (label smoothing=0),2026,0.0,v3-extension,False
5240,0.03799021989107132,0.03799021989107132,0.1,15,ext_control_v3,Control v3 (label smoothing=0),2026,0.0,v3-extension,False
5260,0.06920849531888962,0.06920849531888962,0.1,15,ext_control_v3,Control v3 (label smoothing=0),2026,0.0,v3-extension,False
5280,0.017893878743052483,0.017893878743052483,0.1,16,ext_control_v3,Control v3 (label smoothing=0),2026,0.0,v3-extension,False
5300,0.039846740663051605,0.039846740663051605,0.1,16,ext_control_v3,Control v3 (label smoothing=0),2026,0.0,v3-extension,False
5320,0.06368240714073181,0.06368240714073181,0.1,16,ext_control_v3,Control v3 (label smoothing=0),2026,0.0,v3-extension,False
5340,0.015579362399876118,0.015579362399876118,0.1,16,ext_control_v3,Control v3 (label smoothing=0),2026,0.0,v3-extension,False
5360,0.010786659084260464,0.010786659084260464,0.1,16,ext_control_v3,Control v3 (label smoothing=0),2026,0.0,v3-extension,False
5380,0.009556193836033344,0.009556193836033344,0.1,16,ext_control_v3,Control v3 (label smoothing=0),2026,0.0,v3-extension,False
5400,0.014507019892334938,0.014507019892334938,0.1,16,ext_control_v3,Control v3 (label smoothing=0),2026,0.0,v3-extension,False
5420,0.02422831393778324,0.02422831393778324,0.1,16,ext_control_v3,Control v3 (label smoothing=0),2026,0.0,v3-extension,False
5440,0.04756110906600952,0.04756110906600952,0.1,16,ext_control_v3,Control v3 (label smoothing=0),2026,0.0,v3-extension,False
5460,0.08381901681423187,0.08381901681423187,0.1,16,ext_control_v3,Control v3 (label smoothing=0),2026,0.0,v3-extension,False
5480,0.05446299538016319,0.05446299538016319,0.1,16,ext_control_v3,Control v3 (label smoothing=0),2026,0.0,v3-extension,False
5500,0.013587024062871933,0.013587024062871933,0.1,16,ext_control_v3,Control v3 (label smoothing=0),2026,0.0,v3-extension,False
5520,0.03038020059466362,0.03038020059466362,0.1,16,ext_control_v3,Control v3 (label smoothing=0),2026,0.0,v3-extension,False
5540,0.012146243825554848,0.012146243825554848,0.1,16,ext_control_v3,Control v3 (label smoothing=0),2026,0.0,v3-extension,False
5560,0.014343910850584507,0.014343910850584507,0.1,16,ext_control_v3,Control v3 (label smoothing=0),2026,0.0,v3-extension,False
5580,0.016595635563135147,0.016595635563135147,0.1,16,ext_control_v3,Control v3 (label smoothing=0),2026,0.0,v3-extension,False
5600,0.02858436480164528,0.02858436480164528,0.1,16,ext_control_v3,Control v3 (label smoothing=0),2026,0.0,v3-extension,False
5620,0.04325808584690094,0.04325808584690094,0.1,16,ext_control_v3,Control v3 (label smoothing=0),2026,0.0,v3-extension,False
5640,0.059561628848314285,0.059561628848314285,0.1,17,ext_control_v3,Control v3 (label smoothing=0),2026,0.0,v3-extension,False
5660,0.008660120889544487,0.008660120889544487,0.1,17,ext_control_v3,Control v3 (label smoothing=0),2026,0.0,v3-extension,False
5680,0.029656488448381424,0.029656488448381424,0.1,17,ext_control_v3,Control v3 (label smoothing=0),2026,0.0,v3-extension,False
5700,0.07919908314943314,0.07919908314943314,0.1,17,ext_control_v3,Control v3 (label smoothing=0),2026,0.0,v3-extension,False
5720,0.008655285462737083,0.008655285462737083,0.1,17,ext_control_v3,Control v3 (label smoothing=0),2026,0.0,v3-extension,False
5740,0.01993364654481411,0.01993364654481411,0.1,17,ext_control_v3,Control v3 (label smoothing=0),2026,0.0,v3-extension,False
5760,0.013772957026958466,0.013772957026958466,0.1,17,ext_control_v3,Control v3 (label smoothing=0),2026,0.0,v3-extension,False
5780,0.02899526059627533,0.02899526059627533,0.1,17,ext_control_v3,Control v3 (label smoothing=0),2026,0.0,v3-extension,False
5800,0.03075457364320755,0.03075457364320755,0.1,17,ext_control_v3,Control v3 (label smoothing=0),2026,0.0,v3-extension,False
5820,0.0399930514395237,0.0399930514395237,0.1,17,ext_control_v3,Control v3 (label smoothing=0),2026,0.0,v3-extension,False
5840,0.015352814458310604,0.015352814458310604,0.1,17,ext_control_v3,Control v3 (label smoothing=0),2026,0.0,v3-extension,False
5860,0.07010187953710556,0.07010187953710556,0.1,17,ext_control_v3,Control v3 (label smoothing=0),2026,0.0,v3-extension,False
5880,0.0196420568972826,0.0196420568972826,0.1,17,ext_control_v3,Control v3 (label smoothing=0),2026,0.0,v3-extension,False
5900,0.01190890185534954,0.01190890185534954,0.1,17,ext_control_v3,Control v3 (label smoothing=0),2026,0.0,v3-extension,False
5920,0.027723541483283043,0.027723541483283043,0.1,17,ext_control_v3,Control v3 (label smoothing=0),2026,0.0,v3-extension,False
5940,0.049738187342882156,0.049738187342882156,0.1,17,ext_control_v3,Control v3 (label smoothing=0),2026,0.0,v3-extension,False
5960,0.035040974617004395,0.035040974617004395,0.1,17,ext_control_v3,Control v3 (label smoothing=0),2026,0.0,v3-extension,False
5980,0.02785031870007515,0.02785031870007515,0.1,17,ext_control_v3,Control v3 (label smoothing=0),2026,0.0,v3-extension,False
6000,0.0316125713288784,0.0316125713288784,0.1,18,ext_control_v3,Control v3 (label smoothing=0),2026,0.0,v3-extension,False
6020,0.04090876504778862,0.04090876504778862,0.1,18,ext_control_v3,Control v3 (label smoothing=0),2026,0.0,v3-extension,False
6040,0.022112632170319557,0.022112632170319557,0.1,18,ext_control_v3,Control v3 (label smoothing=0),2026,0.0,v3-extension,False
6060,0.023144645616412163,0.023144645616412163,0.1,18,ext_control_v3,Control v3 (label smoothing=0),2026,0.0,v3-extension,False
6080,0.016513705253601074,0.016513705253601074,0.1,18,ext_control_v3,Control v3 (label smoothing=0),2026,0.0,v3-extension,False
6100,0.011877171695232391,0.011877171695232391,0.1,18,ext_control_v3,Control v3 (label smoothing=0),2026,0.0,v3-extension,False
6120,0.014395833015441895,0.014395833015441895,0.1,18,ext_control_v3,Control v3 (label smoothing=0),2026,0.0,v3-extension,False
6140,0.00770113430917263,0.00770113430917263,0.1,18,ext_control_v3,Control v3 (label smoothing=0),2026,0.0,v3-extension,False
6160,0.008866940625011921,0.008866940625011921,0.1,18,ext_control_v3,Control v3 (label smoothing=0),2026,0.0,v3-extension,False
6180,0.022724082693457603,0.022724082693457603,0.1,18,ext_control_v3,Control v3 (label smoothing=0),2026,0.0,v3-extension,False
6200,0.022355742752552032,0.022355742752552032,0.1,18,ext_control_v3,Control v3 (label smoothing=0),2026,0.0,v3-extension,False
6220,0.006488856393843889,0.006488856393843889,0.1,18,ext_control_v3,Control v3 (label smoothing=0),2026,0.0,v3-extension,False
6240,0.021508989855647087,0.021508989855647087,0.1,18,ext_control_v3,Control v3 (label smoothing=0),2026,0.0,v3-extension,False
6260,0.039773788303136826,0.039773788303136826,0.1,18,ext_control_v3,Control v3 (label smoothing=0),2026,0.0,v3-extension,False
6280,0.020077895373106003,0.020077895373106003,0.1,18,ext_control_v3,Control v3 (label smoothing=0),2026,0.0,v3-extension,False
6300,0.01417138334363699,0.01417138334363699,0.1,18,ext_control_v3,Control v3 (label smoothing=0),2026,0.0,v3-extension,False
6320,0.006085345055907965,0.006085345055907965,0.1,18,ext_control_v3,Control v3 (label smoothing=0),2026,0.0,v3-extension,False
6340,0.006168846972286701,0.006168846972286701,0.1,19,ext_control_v3,Control v3 (label smoothing=0),2026,0.0,v3-extension,False
6360,0.0009525351342745125,0.0009525351342745125,0.1,19,ext_control_v3,Control v3 (label smoothing=0),2026,0.0,v3-extension,False
6380,0.0052550737746059895,0.0052550737746059895,0.1,19,ext_control_v3,Control v3 (label smoothing=0),2026,0.0,v3-extension,False
6400,0.0031559511553496122,0.0031559511553496122,0.1,19,ext_control_v3,Control v3 (label smoothing=0),2026,0.0,v3-extension,False
6420,0.037562429904937744,0.037562429904937744,0.1,19,ext_control_v3,Control v3 (label smoothing=0),2026,0.0,v3-extension,False
6440,0.003766176290810108,0.003766176290810108,0.1,19,ext_control_v3,Control v3 (label smoothing=0),2026,0.0,v3-extension,False
6460,0.003653613617643714,0.003653613617643714,0.1,19,ext_control_v3,Control v3 (label smoothing=0),2026,0.0,v3-extension,False
6480,0.019169198349118233,0.019169198349118233,0.1,19,ext_control_v3,Control v3 (label smoothing=0),2026,0.0,v3-extension,False
6500,0.0034438748843967915,0.0034438748843967915,0.1,19,ext_control_v3,Control v3 (label smoothing=0),2026,0.0,v3-extension,False
6520,0.0045258826576173306,0.0045258826576173306,0.1,19,ext_control_v3,Control v3 (label smoothing=0),2026,0.0,v3-extension,False
6540,0.002321487758308649,0.002321487758308649,0.1,19,ext_control_v3,Control v3 (label smoothing=0),2026,0.0,v3-extension,False
6560,0.00965292938053608,0.00965292938053608,0.1,19,ext_control_v3,Control v3 (label smoothing=0),2026,0.0,v3-extension,False
6580,0.004232242703437805,0.004232242703437805,0.1,19,ext_control_v3,Control v3 (label smoothing=0),2026,0.0,v3-extension,False
6600,0.00380234164185822,0.00380234164185822,0.1,19,ext_control_v3,Control v3 (label smoothing=0),2026,0.0,v3-extension,False
6620,0.007298565004020929,0.007298565004020929,0.1,19,ext_control_v3,Control v3 (label smoothing=0),2026,0.0,v3-extension,False
6640,0.0036779192741960287,0.0036779192741960287,0.1,19,ext_control_v3,Control v3 (label smoothing=0),2026,0.0,v3-extension,False
6660,0.00822338555008173,0.00822338555008173,0.1,19,ext_control_v3,Control v3 (label smoothing=0),2026,0.0,v3-extension,False
6680,0.040348414331674576,0.040348414331674576,0.1,19,ext_control_v3,Control v3 (label smoothing=0),2026,0.0,v3-extension,False
6700,0.003781650448217988,0.003781650448217988,0.1,20,ext_control_v3,Control v3 (label smoothing=0),2026,0.0,v3-extension,False
6720,0.0013924523955211043,0.0013924523955211043,0.1,20,ext_control_v3,Control v3 (label smoothing=0),2026,0.0,v3-extension,False
6740,0.0019441494951024652,0.0019441494951024652,0.1,20,ext_control_v3,Control v3 (label smoothing=0),2026,0.0,v3-extension,False
6760,0.0006790751358494163,0.0006790751358494163,0.1,20,ext_control_v3,Control v3 (label smoothing=0),2026,0.0,v3-extension,False
6780,0.0004223127325531095,0.0004223127325531095,0.1,20,ext_control_v3,Control v3 (label smoothing=0),2026,0.0,v3-extension,False
6800,0.002065927255898714,0.002065927255898714,0.1,20,ext_control_v3,Control v3 (label smoothing=0),2026,0.0,v3-extension,False
6820,0.005763523280620575,0.005763523280620575,0.1,20,ext_control_v3,Control v3 (label smoothing=0),2026,0.0,v3-extension,False
6840,0.011917376890778542,0.011917376890778542,0.1,20,ext_control_v3,Control v3 (label smoothing=0),2026,0.0,v3-extension,False
6860,0.0017384038073942065,0.0017384038073942065,0.1,20,ext_control_v3,Control v3 (label smoothing=0),2026,0.0,v3-extension,False
6880,0.0052582379430532455,0.0052582379430532455,0.1,20,ext_control_v3,Control v3 (label smoothing=0),2026,0.0,v3-extension,False
6900,0.014776322059333324,0.014776322059333324,0.1,20,ext_control_v3,Control v3 (label smoothing=0),2026,0.0,v3-extension,False
6920,0.0025619808584451675,0.0025619808584451675,0.1,20,ext_control_v3,Control v3 (label smoothing=0),2026,0.0,v3-extension,False
6940,0.008759153075516224,0.008759153075516224,0.1,20,ext_control_v3,Control v3 (label smoothing=0),2026,0.0,v3-extension,False
6960,0.020123502239584923,0.020123502239584923,0.1,20,ext_control_v3,Control v3 (label smoothing=0),2026,0.0,v3-extension,False
6980,0.03260905295610428,0.03260905295610428,0.1,20,ext_control_v3,Control v3 (label smoothing=0),2026,0.0,v3-extension,False
7000,0.01066532637923956,0.01066532637923956,0.1,20,ext_control_v3,Control v3 (label smoothing=0),2026,0.0,v3-extension,False
7020,0.004646645858883858,0.004646645858883858,0.1,20,ext_control_v3,Control v3 (label smoothing=0),2026,0.0,v3-extension,False
