global_step,loss,learning_rate,epoch,experiment_id,label,branches,seed,notebook_version,debug
0,2.5689821243286133,0.1,1,anchor,SGD momentum + WD + constant + BN/b128,"optimizer,schedule,normalization,regularization",42,v1,False
20,2.8817431926727295,0.1,1,anchor,SGD momentum + WD + constant + BN/b128,"optimizer,schedule,normalization,regularization",42,v1,False
40,2.301480293273926,0.1,1,anchor,SGD momentum + WD + constant + BN/b128,"optimizer,schedule,normalization,regularization",42,v1,False
60,2.2704925537109375,0.1,1,anchor,SGD momentum + WD + constant + BN/b128,"optimizer,schedule,normalization,regularization",42,v1,False
80,2.303213596343994,0.1,1,anchor,SGD momentum + WD + constant + BN/b128,"optimizer,schedule,normalization,regularization",42,v1,False
100,2.222050428390503,0.1,1,anchor,SGD momentum + WD + constant + BN/b128,"optimizer,schedule,normalization,regularization",42,v1,False
120,2.143954038619995,0.1,1,anchor,SGD momentum + WD + constant + BN/b128,"optimizer,schedule,normalization,regularization",42,v1,False
140,2.0665793418884277,0.1,1,anchor,SGD momentum + WD + constant + BN/b128,"optimizer,schedule,normalization,regularization",42,v1,False
160,2.110252857208252,0.1,1,anchor,SGD momentum + WD + constant + BN/b128,"optimizer,schedule,normalization,regularization",42,v1,False
180,2.0664618015289307,0.1,1,anchor,SGD momentum + WD + constant + BN/b128,"optimizer,schedule,normalization,regularization",42,v1,False
200,2.0413620471954346,0.1,1,anchor,SGD momentum + WD + constant + BN/b128,"optimizer,schedule,normalization,regularization",42,v1,False
220,1.865044355392456,0.1,1,anchor,SGD momentum + WD + constant + BN/b128,"optimizer,schedule,normalization,regularization",42,v1,False
240,2.1041674613952637,0.1,1,anchor,SGD momentum + WD + constant + BN/b128,"optimizer,schedule,normalization,regularization",42,v1,False
260,1.9174671173095703,0.1,1,anchor,SGD momentum + WD + constant + BN/b128,"optimizer,schedule,normalization,regularization",42,v1,False
280,1.881312608718872,0.1,1,anchor,SGD momentum + WD + constant + BN/b128,"optimizer,schedule,normalization,regularization",42,v1,False
300,1.8486716747283936,0.1,1,anchor,SGD momentum + WD + constant + BN/b128,"optimizer,schedule,normalization,regularization",42,v1,False
320,1.8144898414611816,0.1,1,anchor,SGD momentum + WD + constant + BN/b128,"optimizer,schedule,normalization,regularization",42,v1,False
340,1.6966763734817505,0.1,1,anchor,SGD momentum + WD + constant + BN/b128,"optimizer,schedule,normalization,regularization",42,v1,False
360,1.746975064277649,0.1,2,anchor,SGD momentum + WD + constant + BN/b128,"optimizer,schedule,normalization,regularization",42,v1,False
380,1.9352858066558838,0.1,2,anchor,SGD momentum + WD + constant + BN/b128,"optimizer,schedule,normalization,regularization",42,v1,False
400,1.501405954360962,0.1,2,anchor,SGD momentum + WD + constant + BN/b128,"optimizer,schedule,normalization,regularization",42,v1,False
420,1.6508731842041016,0.1,2,anchor,SGD momentum + WD + constant + BN/b128,"optimizer,schedule,normalization,regularization",42,v1,False
440,1.6375973224639893,0.1,2,anchor,SGD momentum + WD + constant + BN/b128,"optimizer,schedule,normalization,regularization",42,v1,False
460,1.6537208557128906,0.1,2,anchor,SGD momentum + WD + constant + BN/b128,"optimizer,schedule,normalization,regularization",42,v1,False
480,1.5698511600494385,0.1,2,anchor,SGD momentum + WD + constant + BN/b128,"optimizer,schedule,normalization,regularization",42,v1,False
500,1.4518762826919556,0.1,2,anchor,SGD momentum + WD + constant + BN/b128,"optimizer,schedule,normalization,regularization",42,v1,False
520,1.426774263381958,0.1,2,anchor,SGD momentum + WD + constant + BN/b128,"optimizer,schedule,normalization,regularization",42,v1,False
540,1.7107648849487305,0.1,2,anchor,SGD momentum + WD + constant + BN/b128,"optimizer,schedule,normalization,regularization",42,v1,False
560,1.5912728309631348,0.1,2,anchor,SGD momentum + WD + constant + BN/b128,"optimizer,schedule,normalization,regularization",42,v1,False
580,1.4398999214172363,0.1,2,anchor,SGD momentum + WD + constant + BN/b128,"optimizer,schedule,normalization,regularization",42,v1,False
600,1.5250451564788818,0.1,2,anchor,SGD momentum + WD + constant + BN/b128,"optimizer,schedule,normalization,regularization",42,v1,False
620,1.2979912757873535,0.1,2,anchor,SGD momentum + WD + constant + BN/b128,"optimizer,schedule,normalization,regularization",42,v1,False
640,1.3987503051757812,0.1,2,anchor,SGD momentum + WD + constant + BN/b128,"optimizer,schedule,normalization,regularization",42,v1,False
660,1.2143771648406982,0.1,2,anchor,SGD momentum + WD + constant + BN/b128,"optimizer,schedule,normalization,regularization",42,v1,False
680,1.5419032573699951,0.1,2,anchor,SGD momentum + WD + constant + BN/b128,"optimizer,schedule,normalization,regularization",42,v1,False
700,1.2790366411209106,0.1,2,anchor,SGD momentum + WD + constant + BN/b128,"optimizer,schedule,normalization,regularization",42,v1,False
720,1.243939995765686,0.1,3,anchor,SGD momentum + WD + constant + BN/b128,"optimizer,schedule,normalization,regularization",42,v1,False
740,1.4869279861450195,0.1,3,anchor,SGD momentum + WD + constant + BN/b128,"optimizer,schedule,normalization,regularization",42,v1,False
760,1.3486627340316772,0.1,3,anchor,SGD momentum + WD + constant + BN/b128,"optimizer,schedule,normalization,regularization",42,v1,False
780,1.3180087804794312,0.1,3,anchor,SGD momentum + WD + constant + BN/b128,"optimizer,schedule,normalization,regularization",42,v1,False
800,1.2722547054290771,0.1,3,anchor,SGD momentum + WD + constant + BN/b128,"optimizer,schedule,normalization,regularization",42,v1,False
820,1.272947907447815,0.1,3,anchor,SGD momentum + WD + constant + BN/b128,"optimizer,schedule,normalization,regularization",42,v1,False
840,1.3687435388565063,0.1,3,anchor,SGD momentum + WD + constant + BN/b128,"optimizer,schedule,normalization,regularization",42,v1,False
860,1.3360390663146973,0.1,3,anchor,SGD momentum + WD + constant + BN/b128,"optimizer,schedule,normalization,regularization",42,v1,False
880,1.2856507301330566,0.1,3,anchor,SGD momentum + WD + constant + BN/b128,"optimizer,schedule,normalization,regularization",42,v1,False
900,1.3583654165267944,0.1,3,anchor,SGD momentum + WD + constant + BN/b128,"optimizer,schedule,normalization,regularization",42,v1,False
920,1.1276497840881348,0.1,3,anchor,SGD momentum + WD + constant + BN/b128,"optimizer,schedule,normalization,regularization",42,v1,False
940,1.366353154182434,0.1,3,anchor,SGD momentum + WD + constant + BN/b128,"optimizer,schedule,normalization,regularization",42,v1,False
960,1.2124693393707275,0.1,3,anchor,SGD momentum + WD + constant + BN/b128,"optimizer,schedule,normalization,regularization",42,v1,False
980,1.0827915668487549,0.1,3,anchor,SGD momentum + WD + constant + BN/b128,"optimizer,schedule,normalization,regularization",42,v1,False
1000,1.0303690433502197,0.1,3,anchor,SGD momentum + WD + constant + BN/b128,"optimizer,schedule,normalization,regularization",42,v1,False
1020,1.107231616973877,0.1,3,anchor,SGD momentum + WD + constant + BN/b128,"optimizer,schedule,normalization,regularization",42,v1,False
1040,1.234777569770813,0.1,3,anchor,SGD momentum + WD + constant + BN/b128,"optimizer,schedule,normalization,regularization",42,v1,False
1060,1.0969455242156982,0.1,4,anchor,SGD momentum + WD + constant + BN/b128,"optimizer,schedule,normalization,regularization",42,v1,False
1080,1.1089062690734863,0.1,4,anchor,SGD momentum + WD + constant + BN/b128,"optimizer,schedule,normalization,regularization",42,v1,False
1100,1.3952404260635376,0.1,4,anchor,SGD momentum + WD + constant + BN/b128,"optimizer,schedule,normalization,regularization",42,v1,False
1120,1.1905617713928223,0.1,4,anchor,SGD momentum + WD + constant + BN/b128,"optimizer,schedule,normalization,regularization",42,v1,False
1140,1.068862795829773,0.1,4,anchor,SGD momentum + WD + constant + BN/b128,"optimizer,schedule,normalization,regularization",42,v1,False
1160,0.9977837800979614,0.1,4,anchor,SGD momentum + WD + constant + BN/b128,"optimizer,schedule,normalization,regularization",42,v1,False
1180,0.9389350414276123,0.1,4,anchor,SGD momentum + WD + constant + BN/b128,"optimizer,schedule,normalization,regularization",42,v1,False
1200,0.9309700131416321,0.1,4,anchor,SGD momentum + WD + constant + BN/b128,"optimizer,schedule,normalization,regularization",42,v1,False
1220,0.9762908220291138,0.1,4,anchor,SGD momentum + WD + constant + BN/b128,"optimizer,schedule,normalization,regularization",42,v1,False
1240,0.7458087205886841,0.1,4,anchor,SGD momentum + WD + constant + BN/b128,"optimizer,schedule,normalization,regularization",42,v1,False
1260,0.9469274282455444,0.1,4,anchor,SGD momentum + WD + constant + BN/b128,"optimizer,schedule,normalization,regularization",42,v1,False
1280,1.0176286697387695,0.1,4,anchor,SGD momentum + WD + constant + BN/b128,"optimizer,schedule,normalization,regularization",42,v1,False
1300,1.0136994123458862,0.1,4,anchor,SGD momentum + WD + constant + BN/b128,"optimizer,schedule,normalization,regularization",42,v1,False
1320,0.9208520650863647,0.1,4,anchor,SGD momentum + WD + constant + BN/b128,"optimizer,schedule,normalization,regularization",42,v1,False
1340,0.7015767097473145,0.1,4,anchor,SGD momentum + WD + constant + BN/b128,"optimizer,schedule,normalization,regularization",42,v1,False
1360,0.9457668662071228,0.1,4,anchor,SGD momentum + WD + constant + BN/b128,"optimizer,schedule,normalization,regularization",42,v1,False
1380,1.0460233688354492,0.1,4,anchor,SGD momentum + WD + constant + BN/b128,"optimizer,schedule,normalization,regularization",42,v1,False
1400,1.046957015991211,0.1,4,anchor,SGD momentum + WD + constant + BN/b128,"optimizer,schedule,normalization,regularization",42,v1,False
1420,1.0373306274414062,0.1,5,anchor,SGD momentum + WD + constant + BN/b128,"optimizer,schedule,normalization,regularization",42,v1,False
1440,0.8133342862129211,0.1,5,anchor,SGD momentum + WD + constant + BN/b128,"optimizer,schedule,normalization,regularization",42,v1,False
1460,0.8889142274856567,0.1,5,anchor,SGD momentum + WD + constant + BN/b128,"optimizer,schedule,normalization,regularization",42,v1,False
1480,0.8961413502693176,0.1,5,anchor,SGD momentum + WD + constant + BN/b128,"optimizer,schedule,normalization,regularization",42,v1,False
1500,0.831628143787384,0.1,5,anchor,SGD momentum + WD + constant + BN/b128,"optimizer,schedule,normalization,regularization",42,v1,False
1520,0.7059447765350342,0.1,5,anchor,SGD momentum + WD + constant + BN/b128,"optimizer,schedule,normalization,regularization",42,v1,False
1540,0.913019061088562,0.1,5,anchor,SGD momentum + WD + constant + BN/b128,"optimizer,schedule,normalization,regularization",42,v1,False
1560,0.8791167736053467,0.1,5,anchor,SGD momentum + WD + constant + BN/b128,"optimizer,schedule,normalization,regularization",42,v1,False
1580,0.8602973222732544,0.1,5,anchor,SGD momentum + WD + constant + BN/b128,"optimizer,schedule,normalization,regularization",42,v1,False
1600,0.7870584726333618,0.1,5,anchor,SGD momentum + WD + constant + BN/b128,"optimizer,schedule,normalization,regularization",42,v1,False
1620,1.1289474964141846,0.1,5,anchor,SGD momentum + WD + constant + BN/b128,"optimizer,schedule,normalization,regularization",42,v1,False
1640,0.6623408794403076,0.1,5,anchor,SGD momentum + WD + constant + BN/b128,"optimizer,schedule,normalization,regularization",42,v1,False
1660,0.8863487243652344,0.1,5,anchor,SGD momentum + WD + constant + BN/b128,"optimizer,schedule,normalization,regularization",42,v1,False
1680,0.928451657295227,0.1,5,anchor,SGD momentum + WD + constant + BN/b128,"optimizer,schedule,normalization,regularization",42,v1,False
1700,1.0883244276046753,0.1,5,anchor,SGD momentum + WD + constant + BN/b128,"optimizer,schedule,normalization,regularization",42,v1,False
1720,0.6427730321884155,0.1,5,anchor,SGD momentum + WD + constant + BN/b128,"optimizer,schedule,normalization,regularization",42,v1,False
1740,1.018891453742981,0.1,5,anchor,SGD momentum + WD + constant + BN/b128,"optimizer,schedule,normalization,regularization",42,v1,False
1760,0.6968734264373779,0.1,6,anchor,SGD momentum + WD + constant + BN/b128,"optimizer,schedule,normalization,regularization",42,v1,False
1780,0.7137752771377563,0.1,6,anchor,SGD momentum + WD + constant + BN/b128,"optimizer,schedule,normalization,regularization",42,v1,False
1800,0.8789383172988892,0.1,6,anchor,SGD momentum + WD + constant + BN/b128,"optimizer,schedule,normalization,regularization",42,v1,False
1820,0.7333115339279175,0.1,6,anchor,SGD momentum + WD + constant + BN/b128,"optimizer,schedule,normalization,regularization",42,v1,False
1840,0.679481029510498,0.1,6,anchor,SGD momentum + WD + constant + BN/b128,"optimizer,schedule,normalization,regularization",42,v1,False
1860,0.7311042547225952,0.1,6,anchor,SGD momentum + WD + constant + BN/b128,"optimizer,schedule,normalization,regularization",42,v1,False
1880,0.8659927248954773,0.1,6,anchor,SGD momentum + WD + constant + BN/b128,"optimizer,schedule,normalization,regularization",42,v1,False
1900,0.7952530384063721,0.1,6,anchor,SGD momentum + WD + constant + BN/b128,"optimizer,schedule,normalization,regularization",42,v1,False
1920,0.8979887366294861,0.1,6,anchor,SGD momentum + WD + constant + BN/b128,"optimizer,schedule,normalization,regularization",42,v1,False
1940,0.7431821823120117,0.1,6,anchor,SGD momentum + WD + constant + BN/b128,"optimizer,schedule,normalization,regularization",42,v1,False
1960,0.6766250133514404,0.1,6,anchor,SGD momentum + WD + constant + BN/b128,"optimizer,schedule,normalization,regularization",42,v1,False
1980,0.5885058045387268,0.1,6,anchor,SGD momentum + WD + constant + BN/b128,"optimizer,schedule,normalization,regularization",42,v1,False
2000,0.896497368812561,0.1,6,anchor,SGD momentum + WD + constant + BN/b128,"optimizer,schedule,normalization,regularization",42,v1,False
2020,0.7992298603057861,0.1,6,anchor,SGD momentum + WD + constant + BN/b128,"optimizer,schedule,normalization,regularization",42,v1,False
2040,0.741284191608429,0.1,6,anchor,SGD momentum + WD + constant + BN/b128,"optimizer,schedule,normalization,regularization",42,v1,False
2060,0.7867729067802429,0.1,6,anchor,SGD momentum + WD + constant + BN/b128,"optimizer,schedule,normalization,regularization",42,v1,False
2080,0.7167346477508545,0.1,6,anchor,SGD momentum + WD + constant + BN/b128,"optimizer,schedule,normalization,regularization",42,v1,False
2100,0.7817720770835876,0.1,6,anchor,SGD momentum + WD + constant + BN/b128,"optimizer,schedule,normalization,regularization",42,v1,False
2120,0.6224980354309082,0.1,7,anchor,SGD momentum + WD + constant + BN/b128,"optimizer,schedule,normalization,regularization",42,v1,False
2140,0.6220967769622803,0.1,7,anchor,SGD momentum + WD + constant + BN/b128,"optimizer,schedule,normalization,regularization",42,v1,False
2160,0.5191694498062134,0.1,7,anchor,SGD momentum + WD + constant + BN/b128,"optimizer,schedule,normalization,regularization",42,v1,False
2180,0.7487303018569946,0.1,7,anchor,SGD momentum + WD + constant + BN/b128,"optimizer,schedule,normalization,regularization",42,v1,False
2200,0.5489444732666016,0.1,7,anchor,SGD momentum + WD + constant + BN/b128,"optimizer,schedule,normalization,regularization",42,v1,False
2220,0.6878767013549805,0.1,7,anchor,SGD momentum + WD + constant + BN/b128,"optimizer,schedule,normalization,regularization",42,v1,False
2240,0.622294008731842,0.1,7,anchor,SGD momentum + WD + constant + BN/b128,"optimizer,schedule,normalization,regularization",42,v1,False
2260,0.6516919732093811,0.1,7,anchor,SGD momentum + WD + constant + BN/b128,"optimizer,schedule,normalization,regularization",42,v1,False
2280,0.7355681657791138,0.1,7,anchor,SGD momentum + WD + constant + BN/b128,"optimizer,schedule,normalization,regularization",42,v1,False
2300,0.6565408706665039,0.1,7,anchor,SGD momentum + WD + constant + BN/b128,"optimizer,schedule,normalization,regularization",42,v1,False
2320,0.6332249641418457,0.1,7,anchor,SGD momentum + WD + constant + BN/b128,"optimizer,schedule,normalization,regularization",42,v1,False
2340,0.5722264051437378,0.1,7,anchor,SGD momentum + WD + constant + BN/b128,"optimizer,schedule,normalization,regularization",42,v1,False
2360,0.408100962638855,0.1,7,anchor,SGD momentum + WD + constant + BN/b128,"optimizer,schedule,normalization,regularization",42,v1,False
2380,0.6196860074996948,0.1,7,anchor,SGD momentum + WD + constant + BN/b128,"optimizer,schedule,normalization,regularization",42,v1,False
2400,0.7413467168807983,0.1,7,anchor,SGD momentum + WD + constant + BN/b128,"optimizer,schedule,normalization,regularization",42,v1,False
2420,0.6258641481399536,0.1,7,anchor,SGD momentum + WD + constant + BN/b128,"optimizer,schedule,normalization,regularization",42,v1,False
2440,0.5615749359130859,0.1,7,anchor,SGD momentum + WD + constant + BN/b128,"optimizer,schedule,normalization,regularization",42,v1,False
2460,0.6743309497833252,0.1,7,anchor,SGD momentum + WD + constant + BN/b128,"optimizer,schedule,normalization,regularization",42,v1,False
2480,0.4782368242740631,0.1,8,anchor,SGD momentum + WD + constant + BN/b128,"optimizer,schedule,normalization,regularization",42,v1,False
2500,0.48978346586227417,0.1,8,anchor,SGD momentum + WD + constant + BN/b128,"optimizer,schedule,normalization,regularization",42,v1,False
2520,0.5573452711105347,0.1,8,anchor,SGD momentum + WD + constant + BN/b128,"optimizer,schedule,normalization,regularization",42,v1,False
2540,0.42694714665412903,0.1,8,anchor,SGD momentum + WD + constant + BN/b128,"optimizer,schedule,normalization,regularization",42,v1,False
2560,0.4763086140155792,0.1,8,anchor,SGD momentum + WD + constant + BN/b128,"optimizer,schedule,normalization,regularization",42,v1,False
2580,0.5967797040939331,0.1,8,anchor,SGD momentum + WD + constant + BN/b128,"optimizer,schedule,normalization,regularization",42,v1,False
2600,0.47646114230155945,0.1,8,anchor,SGD momentum + WD + constant + BN/b128,"optimizer,schedule,normalization,regularization",42,v1,False
2620,0.4317486584186554,0.1,8,anchor,SGD momentum + WD + constant + BN/b128,"optimizer,schedule,normalization,regularization",42,v1,False
2640,0.5211660265922546,0.1,8,anchor,SGD momentum + WD + constant + BN/b128,"optimizer,schedule,normalization,regularization",42,v1,False
2660,0.5741594433784485,0.1,8,anchor,SGD momentum + WD + constant + BN/b128,"optimizer,schedule,normalization,regularization",42,v1,False
2680,0.4743952453136444,0.1,8,anchor,SGD momentum + WD + constant + BN/b128,"optimizer,schedule,normalization,regularization",42,v1,False
2700,0.5665818452835083,0.1,8,anchor,SGD momentum + WD + constant + BN/b128,"optimizer,schedule,normalization,regularization",42,v1,False
2720,0.37858420610427856,0.1,8,anchor,SGD momentum + WD + constant + BN/b128,"optimizer,schedule,normalization,regularization",42,v1,False
2740,0.5354251265525818,0.1,8,anchor,SGD momentum + WD + constant + BN/b128,"optimizer,schedule,normalization,regularization",42,v1,False
2760,0.6259458065032959,0.1,8,anchor,SGD momentum + WD + constant + BN/b128,"optimizer,schedule,normalization,regularization",42,v1,False
2780,0.3646562099456787,0.1,8,anchor,SGD momentum + WD + constant + BN/b128,"optimizer,schedule,normalization,regularization",42,v1,False
2800,0.4039284586906433,0.1,8,anchor,SGD momentum + WD + constant + BN/b128,"optimizer,schedule,normalization,regularization",42,v1,False
2820,0.5251227617263794,0.1,9,anchor,SGD momentum + WD + constant + BN/b128,"optimizer,schedule,normalization,regularization",42,v1,False
2840,0.5126875638961792,0.1,9,anchor,SGD momentum + WD + constant + BN/b128,"optimizer,schedule,normalization,regularization",42,v1,False
2860,0.408580482006073,0.1,9,anchor,SGD momentum + WD + constant + BN/b128,"optimizer,schedule,normalization,regularization",42,v1,False
2880,0.3302816152572632,0.1,9,anchor,SGD momentum + WD + constant + BN/b128,"optimizer,schedule,normalization,regularization",42,v1,False
2900,0.41614750027656555,0.1,9,anchor,SGD momentum + WD + constant + BN/b128,"optimizer,schedule,normalization,regularization",42,v1,False
2920,0.4802646338939667,0.1,9,anchor,SGD momentum + WD + constant + BN/b128,"optimizer,schedule,normalization,regularization",42,v1,False
2940,0.31444016098976135,0.1,9,anchor,SGD momentum + WD + constant + BN/b128,"optimizer,schedule,normalization,regularization",42,v1,False
2960,0.34502851963043213,0.1,9,anchor,SGD momentum + WD + constant + BN/b128,"optimizer,schedule,normalization,regularization",42,v1,False
2980,0.5235109925270081,0.1,9,anchor,SGD momentum + WD + constant + BN/b128,"optimizer,schedule,normalization,regularization",42,v1,False
3000,0.4559352993965149,0.1,9,anchor,SGD momentum + WD + constant + BN/b128,"optimizer,schedule,normalization,regularization",42,v1,False
3020,0.49899715185165405,0.1,9,anchor,SGD momentum + WD + constant + BN/b128,"optimizer,schedule,normalization,regularization",42,v1,False
3040,0.4522812068462372,0.1,9,anchor,SGD momentum + WD + constant + BN/b128,"optimizer,schedule,normalization,regularization",42,v1,False
3060,0.6009711027145386,0.1,9,anchor,SGD momentum + WD + constant + BN/b128,"optimizer,schedule,normalization,regularization",42,v1,False
3080,0.3330119252204895,0.1,9,anchor,SGD momentum + WD + constant + BN/b128,"optimizer,schedule,normalization,regularization",42,v1,False
3100,0.5139968991279602,0.1,9,anchor,SGD momentum + WD + constant + BN/b128,"optimizer,schedule,normalization,regularization",42,v1,False
3120,0.5015512704849243,0.1,9,anchor,SGD momentum + WD + constant + BN/b128,"optimizer,schedule,normalization,regularization",42,v1,False
3140,0.3809685707092285,0.1,9,anchor,SGD momentum + WD + constant + BN/b128,"optimizer,schedule,normalization,regularization",42,v1,False
3160,0.4508702754974365,0.1,9,anchor,SGD momentum + WD + constant + BN/b128,"optimizer,schedule,normalization,regularization",42,v1,False
3180,0.30379045009613037,0.1,10,anchor,SGD momentum + WD + constant + BN/b128,"optimizer,schedule,normalization,regularization",42,v1,False
3200,0.2425716519355774,0.1,10,anchor,SGD momentum + WD + constant + BN/b128,"optimizer,schedule,normalization,regularization",42,v1,False
3220,0.3403242826461792,0.1,10,anchor,SGD momentum + WD + constant + BN/b128,"optimizer,schedule,normalization,regularization",42,v1,False
3240,0.3280555009841919,0.1,10,anchor,SGD momentum + WD + constant + BN/b128,"optimizer,schedule,normalization,regularization",42,v1,False
3260,0.44231101870536804,0.1,10,anchor,SGD momentum + WD + constant + BN/b128,"optimizer,schedule,normalization,regularization",42,v1,False
3280,0.32101356983184814,0.1,10,anchor,SGD momentum + WD + constant + BN/b128,"optimizer,schedule,normalization,regularization",42,v1,False
3300,0.2865808606147766,0.1,10,anchor,SGD momentum + WD + constant + BN/b128,"optimizer,schedule,normalization,regularization",42,v1,False
3320,0.3964090943336487,0.1,10,anchor,SGD momentum + WD + constant + BN/b128,"optimizer,schedule,normalization,regularization",42,v1,False
3340,0.31865358352661133,0.1,10,anchor,SGD momentum + WD + constant + BN/b128,"optimizer,schedule,normalization,regularization",42,v1,False
3360,0.3530520796775818,0.1,10,anchor,SGD momentum + WD + constant + BN/b128,"optimizer,schedule,normalization,regularization",42,v1,False
3380,0.3682931363582611,0.1,10,anchor,SGD momentum + WD + constant + BN/b128,"optimizer,schedule,normalization,regularization",42,v1,False
3400,0.36915138363838196,0.1,10,anchor,SGD momentum + WD + constant + BN/b128,"optimizer,schedule,normalization,regularization",42,v1,False
3420,0.43001705408096313,0.1,10,anchor,SGD momentum + WD + constant + BN/b128,"optimizer,schedule,normalization,regularization",42,v1,False
3440,0.341428279876709,0.1,10,anchor,SGD momentum + WD + constant + BN/b128,"optimizer,schedule,normalization,regularization",42,v1,False
3460,0.6983007192611694,0.1,10,anchor,SGD momentum + WD + constant + BN/b128,"optimizer,schedule,normalization,regularization",42,v1,False
3480,0.3810681104660034,0.1,10,anchor,SGD momentum + WD + constant + BN/b128,"optimizer,schedule,normalization,regularization",42,v1,False
3500,0.3259392976760864,0.1,10,anchor,SGD momentum + WD + constant + BN/b128,"optimizer,schedule,normalization,regularization",42,v1,False
3520,0.35032176971435547,0.1,11,anchor,SGD momentum + WD + constant + BN/b128,"optimizer,schedule,normalization,regularization",42,v1,False
3540,0.24647989869117737,0.1,11,anchor,SGD momentum + WD + constant + BN/b128,"optimizer,schedule,normalization,regularization",42,v1,False
3560,0.3523632287979126,0.1,11,anchor,SGD momentum + WD + constant + BN/b128,"optimizer,schedule,normalization,regularization",42,v1,False
3580,0.2961159348487854,0.1,11,anchor,SGD momentum + WD + constant + BN/b128,"optimizer,schedule,normalization,regularization",42,v1,False
3600,0.20989669859409332,0.1,11,anchor,SGD momentum + WD + constant + BN/b128,"optimizer,schedule,normalization,regularization",42,v1,False
3620,0.28302592039108276,0.1,11,anchor,SGD momentum + WD + constant + BN/b128,"optimizer,schedule,normalization,regularization",42,v1,False
3640,0.448758065700531,0.1,11,anchor,SGD momentum + WD + constant + BN/b128,"optimizer,schedule,normalization,regularization",42,v1,False
3660,0.2959880232810974,0.1,11,anchor,SGD momentum + WD + constant + BN/b128,"optimizer,schedule,normalization,regularization",42,v1,False
3680,0.4292255640029907,0.1,11,anchor,SGD momentum + WD + constant + BN/b128,"optimizer,schedule,normalization,regularization",42,v1,False
3700,0.35112622380256653,0.1,11,anchor,SGD momentum + WD + constant + BN/b128,"optimizer,schedule,normalization,regularization",42,v1,False
3720,0.36958327889442444,0.1,11,anchor,SGD momentum + WD + constant + BN/b128,"optimizer,schedule,normalization,regularization",42,v1,False
3740,0.22546720504760742,0.1,11,anchor,SGD momentum + WD + constant + BN/b128,"optimizer,schedule,normalization,regularization",42,v1,False
3760,0.3682141900062561,0.1,11,anchor,SGD momentum + WD + constant + BN/b128,"optimizer,schedule,normalization,regularization",42,v1,False
3780,0.44510596990585327,0.1,11,anchor,SGD momentum + WD + constant + BN/b128,"optimizer,schedule,normalization,regularization",42,v1,False
3800,0.4709991216659546,0.1,11,anchor,SGD momentum + WD + constant + BN/b128,"optimizer,schedule,normalization,regularization",42,v1,False
3820,0.36254823207855225,0.1,11,anchor,SGD momentum + WD + constant + BN/b128,"optimizer,schedule,normalization,regularization",42,v1,False
3840,0.42306041717529297,0.1,11,anchor,SGD momentum + WD + constant + BN/b128,"optimizer,schedule,normalization,regularization",42,v1,False
3860,0.23553723096847534,0.1,11,anchor,SGD momentum + WD + constant + BN/b128,"optimizer,schedule,normalization,regularization",42,v1,False
3880,0.2993154227733612,0.1,12,anchor,SGD momentum + WD + constant + BN/b128,"optimizer,schedule,normalization,regularization",42,v1,False
3900,0.20384268462657928,0.1,12,anchor,SGD momentum + WD + constant + BN/b128,"optimizer,schedule,normalization,regularization",42,v1,False
3920,0.1572534441947937,0.1,12,anchor,SGD momentum + WD + constant + BN/b128,"optimizer,schedule,normalization,regularization",42,v1,False
3940,0.24667418003082275,0.1,12,anchor,SGD momentum + WD + constant + BN/b128,"optimizer,schedule,normalization,regularization",42,v1,False
3960,0.25481313467025757,0.1,12,anchor,SGD momentum + WD + constant + BN/b128,"optimizer,schedule,normalization,regularization",42,v1,False
3980,0.25864338874816895,0.1,12,anchor,SGD momentum + WD + constant + BN/b128,"optimizer,schedule,normalization,regularization",42,v1,False
4000,0.3399295210838318,0.1,12,anchor,SGD momentum + WD + constant + BN/b128,"optimizer,schedule,normalization,regularization",42,v1,False
4020,0.2970569133758545,0.1,12,anchor,SGD momentum + WD + constant + BN/b128,"optimizer,schedule,normalization,regularization",42,v1,False
4040,0.23137909173965454,0.1,12,anchor,SGD momentum + WD + constant + BN/b128,"optimizer,schedule,normalization,regularization",42,v1,False
4060,0.2887105345726013,0.1,12,anchor,SGD momentum + WD + constant + BN/b128,"optimizer,schedule,normalization,regularization",42,v1,False
4080,0.346882164478302,0.1,12,anchor,SGD momentum + WD + constant + BN/b128,"optimizer,schedule,normalization,regularization",42,v1,False
4100,0.29496172070503235,0.1,12,anchor,SGD momentum + WD + constant + BN/b128,"optimizer,schedule,normalization,regularization",42,v1,False
4120,0.39545780420303345,0.1,12,anchor,SGD momentum + WD + constant + BN/b128,"optimizer,schedule,normalization,regularization",42,v1,False
4140,0.2318662405014038,0.1,12,anchor,SGD momentum + WD + constant + BN/b128,"optimizer,schedule,normalization,regularization",42,v1,False
4160,0.34399735927581787,0.1,12,anchor,SGD momentum + WD + constant + BN/b128,"optimizer,schedule,normalization,regularization",42,v1,False
4180,0.4633564352989197,0.1,12,anchor,SGD momentum + WD + constant + BN/b128,"optimizer,schedule,normalization,regularization",42,v1,False
4200,0.3052508234977722,0.1,12,anchor,SGD momentum + WD + constant + BN/b128,"optimizer,schedule,normalization,regularization",42,v1,False
4220,0.2792642414569855,0.1,12,anchor,SGD momentum + WD + constant + BN/b128,"optimizer,schedule,normalization,regularization",42,v1,False
4240,0.2541942298412323,0.1,13,anchor,SGD momentum + WD + constant + BN/b128,"optimizer,schedule,normalization,regularization",42,v1,False
4260,0.2044166773557663,0.1,13,anchor,SGD momentum + WD + constant + BN/b128,"optimizer,schedule,normalization,regularization",42,v1,False
4280,0.12839367985725403,0.1,13,anchor,SGD momentum + WD + constant + BN/b128,"optimizer,schedule,normalization,regularization",42,v1,False
4300,0.2667292356491089,0.1,13,anchor,SGD momentum + WD + constant + BN/b128,"optimizer,schedule,normalization,regularization",42,v1,False
4320,0.28129416704177856,0.1,13,anchor,SGD momentum + WD + constant + BN/b128,"optimizer,schedule,normalization,regularization",42,v1,False
4340,0.27879035472869873,0.1,13,anchor,SGD momentum + WD + constant + BN/b128,"optimizer,schedule,normalization,regularization",42,v1,False
4360,0.3019644618034363,0.1,13,anchor,SGD momentum + WD + constant + BN/b128,"optimizer,schedule,normalization,regularization",42,v1,False
4380,0.2422921508550644,0.1,13,anchor,SGD momentum + WD + constant + BN/b128,"optimizer,schedule,normalization,regularization",42,v1,False
4400,0.3198521137237549,0.1,13,anchor,SGD momentum + WD + constant + BN/b128,"optimizer,schedule,normalization,regularization",42,v1,False
4420,0.39058780670166016,0.1,13,anchor,SGD momentum + WD + constant + BN/b128,"optimizer,schedule,normalization,regularization",42,v1,False
4440,0.24840258061885834,0.1,13,anchor,SGD momentum + WD + constant + BN/b128,"optimizer,schedule,normalization,regularization",42,v1,False
4460,0.2985190153121948,0.1,13,anchor,SGD momentum + WD + constant + BN/b128,"optimizer,schedule,normalization,regularization",42,v1,False
4480,0.33049994707107544,0.1,13,anchor,SGD momentum + WD + constant + BN/b128,"optimizer,schedule,normalization,regularization",42,v1,False
4500,0.21350137889385223,0.1,13,anchor,SGD momentum + WD + constant + BN/b128,"optimizer,schedule,normalization,regularization",42,v1,False
4520,0.17957806587219238,0.1,13,anchor,SGD momentum + WD + constant + BN/b128,"optimizer,schedule,normalization,regularization",42,v1,False
4540,0.30246543884277344,0.1,13,anchor,SGD momentum + WD + constant + BN/b128,"optimizer,schedule,normalization,regularization",42,v1,False
4560,0.36853131651878357,0.1,13,anchor,SGD momentum + WD + constant + BN/b128,"optimizer,schedule,normalization,regularization",42,v1,False
4580,0.23153521120548248,0.1,14,anchor,SGD momentum + WD + constant + BN/b128,"optimizer,schedule,normalization,regularization",42,v1,False
4600,0.21498951315879822,0.1,14,anchor,SGD momentum + WD + constant + BN/b128,"optimizer,schedule,normalization,regularization",42,v1,False
4620,0.18428602814674377,0.1,14,anchor,SGD momentum + WD + constant + BN/b128,"optimizer,schedule,normalization,regularization",42,v1,False
4640,0.10577081143856049,0.1,14,anchor,SGD momentum + WD + constant + BN/b128,"optimizer,schedule,normalization,regularization",42,v1,False
4660,0.12473629415035248,0.1,14,anchor,SGD momentum + WD + constant + BN/b128,"optimizer,schedule,normalization,regularization",42,v1,False
4680,0.2850271761417389,0.1,14,anchor,SGD momentum + WD + constant + BN/b128,"optimizer,schedule,normalization,regularization",42,v1,False
4700,0.23553413152694702,0.1,14,anchor,SGD momentum + WD + constant + BN/b128,"optimizer,schedule,normalization,regularization",42,v1,False
4720,0.3225369453430176,0.1,14,anchor,SGD momentum + WD + constant + BN/b128,"optimizer,schedule,normalization,regularization",42,v1,False
4740,0.23322023451328278,0.1,14,anchor,SGD momentum + WD + constant + BN/b128,"optimizer,schedule,normalization,regularization",42,v1,False
4760,0.19527842104434967,0.1,14,anchor,SGD momentum + WD + constant + BN/b128,"optimizer,schedule,normalization,regularization",42,v1,False
4780,0.2994869351387024,0.1,14,anchor,SGD momentum + WD + constant + BN/b128,"optimizer,schedule,normalization,regularization",42,v1,False
4800,0.3840099573135376,0.1,14,anchor,SGD momentum + WD + constant + BN/b128,"optimizer,schedule,normalization,regularization",42,v1,False
4820,0.33598339557647705,0.1,14,anchor,SGD momentum + WD + constant + BN/b128,"optimizer,schedule,normalization,regularization",42,v1,False
4840,0.32589954137802124,0.1,14,anchor,SGD momentum + WD + constant + BN/b128,"optimizer,schedule,normalization,regularization",42,v1,False
4860,0.21048638224601746,0.1,14,anchor,SGD momentum + WD + constant + BN/b128,"optimizer,schedule,normalization,regularization",42,v1,False
4880,0.32942265272140503,0.1,14,anchor,SGD momentum + WD + constant + BN/b128,"optimizer,schedule,normalization,regularization",42,v1,False
4900,0.284119188785553,0.1,14,anchor,SGD momentum + WD + constant + BN/b128,"optimizer,schedule,normalization,regularization",42,v1,False
4920,0.20670174062252045,0.1,14,anchor,SGD momentum + WD + constant + BN/b128,"optimizer,schedule,normalization,regularization",42,v1,False
4940,0.14192776381969452,0.1,15,anchor,SGD momentum + WD + constant + BN/b128,"optimizer,schedule,normalization,regularization",42,v1,False
4960,0.14722391963005066,0.1,15,anchor,SGD momentum + WD + constant + BN/b128,"optimizer,schedule,normalization,regularization",42,v1,False
4980,0.11232388764619827,0.1,15,anchor,SGD momentum + WD + constant + BN/b128,"optimizer,schedule,normalization,regularization",42,v1,False
5000,0.15779224038124084,0.1,15,anchor,SGD momentum + WD + constant + BN/b128,"optimizer,schedule,normalization,regularization",42,v1,False
5020,0.24223339557647705,0.1,15,anchor,SGD momentum + WD + constant + BN/b128,"optimizer,schedule,normalization,regularization",42,v1,False
5040,0.2509628236293793,0.1,15,anchor,SGD momentum + WD + constant + BN/b128,"optimizer,schedule,normalization,regularization",42,v1,False
5060,0.1344306766986847,0.1,15,anchor,SGD momentum + WD + constant + BN/b128,"optimizer,schedule,normalization,regularization",42,v1,False
5080,0.21585623919963837,0.1,15,anchor,SGD momentum + WD + constant + BN/b128,"optimizer,schedule,normalization,regularization",42,v1,False
5100,0.24347223341464996,0.1,15,anchor,SGD momentum + WD + constant + BN/b128,"optimizer,schedule,normalization,regularization",42,v1,False
5120,0.38297712802886963,0.1,15,anchor,SGD momentum + WD + constant + BN/b128,"optimizer,schedule,normalization,regularization",42,v1,False
5140,0.29616641998291016,0.1,15,anchor,SGD momentum + WD + constant + BN/b128,"optimizer,schedule,normalization,regularization",42,v1,False
5160,0.3101586699485779,0.1,15,anchor,SGD momentum + WD + constant + BN/b128,"optimizer,schedule,normalization,regularization",42,v1,False
5180,0.18130293488502502,0.1,15,anchor,SGD momentum + WD + constant + BN/b128,"optimizer,schedule,normalization,regularization",42,v1,False
5200,0.2793569266796112,0.1,15,anchor,SGD momentum + WD + constant + BN/b128,"optimizer,schedule,normalization,regularization",42,v1,False
5220,0.33576908707618713,0.1,15,anchor,SGD momentum + WD + constant + BN/b128,"optimizer,schedule,normalization,regularization",42,v1,False
5240,0.21736615896224976,0.1,15,anchor,SGD momentum + WD + constant + BN/b128,"optimizer,schedule,normalization,regularization",42,v1,False
5260,0.3095357418060303,0.1,15,anchor,SGD momentum + WD + constant + BN/b128,"optimizer,schedule,normalization,regularization",42,v1,False
5280,0.18800248205661774,0.1,16,anchor,SGD momentum + WD + constant + BN/b128,"optimizer,schedule,normalization,regularization",42,v1,False
5300,0.15427321195602417,0.1,16,anchor,SGD momentum + WD + constant + BN/b128,"optimizer,schedule,normalization,regularization",42,v1,False
5320,0.06499913334846497,0.1,16,anchor,SGD momentum + WD + constant + BN/b128,"optimizer,schedule,normalization,regularization",42,v1,False
5340,0.22112858295440674,0.1,16,anchor,SGD momentum + WD + constant + BN/b128,"optimizer,schedule,normalization,regularization",42,v1,False
5360,0.22645017504692078,0.1,16,anchor,SGD momentum + WD + constant + BN/b128,"optimizer,schedule,normalization,regularization",42,v1,False
5380,0.2671280801296234,0.1,16,anchor,SGD momentum + WD + constant + BN/b128,"optimizer,schedule,normalization,regularization",42,v1,False
5400,0.14592596888542175,0.1,16,anchor,SGD momentum + WD + constant + BN/b128,"optimizer,schedule,normalization,regularization",42,v1,False
5420,0.32205262780189514,0.1,16,anchor,SGD momentum + WD + constant + BN/b128,"optimizer,schedule,normalization,regularization",42,v1,False
5440,0.18110130727291107,0.1,16,anchor,SGD momentum + WD + constant + BN/b128,"optimizer,schedule,normalization,regularization",42,v1,False
5460,0.2267514020204544,0.1,16,anchor,SGD momentum + WD + constant + BN/b128,"optimizer,schedule,normalization,regularization",42,v1,False
5480,0.25495046377182007,0.1,16,anchor,SGD momentum + WD + constant + BN/b128,"optimizer,schedule,normalization,regularization",42,v1,False
5500,0.13552506268024445,0.1,16,anchor,SGD momentum + WD + constant + BN/b128,"optimizer,schedule,normalization,regularization",42,v1,False
5520,0.26766735315322876,0.1,16,anchor,SGD momentum + WD + constant + BN/b128,"optimizer,schedule,normalization,regularization",42,v1,False
5540,0.17215567827224731,0.1,16,anchor,SGD momentum + WD + constant + BN/b128,"optimizer,schedule,normalization,regularization",42,v1,False
5560,0.2179095298051834,0.1,16,anchor,SGD momentum + WD + constant + BN/b128,"optimizer,schedule,normalization,regularization",42,v1,False
5580,0.23864886164665222,0.1,16,anchor,SGD momentum + WD + constant + BN/b128,"optimizer,schedule,normalization,regularization",42,v1,False
5600,0.14619065821170807,0.1,16,anchor,SGD momentum + WD + constant + BN/b128,"optimizer,schedule,normalization,regularization",42,v1,False
5620,0.14878962934017181,0.1,16,anchor,SGD momentum + WD + constant + BN/b128,"optimizer,schedule,normalization,regularization",42,v1,False
5640,0.16225570440292358,0.1,17,anchor,SGD momentum + WD + constant + BN/b128,"optimizer,schedule,normalization,regularization",42,v1,False
5660,0.1996171921491623,0.1,17,anchor,SGD momentum + WD + constant + BN/b128,"optimizer,schedule,normalization,regularization",42,v1,False
5680,0.14691027998924255,0.1,17,anchor,SGD momentum + WD + constant + BN/b128,"optimizer,schedule,normalization,regularization",42,v1,False
5700,0.10930895805358887,0.1,17,anchor,SGD momentum + WD + constant + BN/b128,"optimizer,schedule,normalization,regularization",42,v1,False
5720,0.14297053217887878,0.1,17,anchor,SGD momentum + WD + constant + BN/b128,"optimizer,schedule,normalization,regularization",42,v1,False
5740,0.1727983057498932,0.1,17,anchor,SGD momentum + WD + constant + BN/b128,"optimizer,schedule,normalization,regularization",42,v1,False
5760,0.20719251036643982,0.1,17,anchor,SGD momentum + WD + constant + BN/b128,"optimizer,schedule,normalization,regularization",42,v1,False
5780,0.14494574069976807,0.1,17,anchor,SGD momentum + WD + constant + BN/b128,"optimizer,schedule,normalization,regularization",42,v1,False
5800,0.32293134927749634,0.1,17,anchor,SGD momentum + WD + constant + BN/b128,"optimizer,schedule,normalization,regularization",42,v1,False
5820,0.2903537452220917,0.1,17,anchor,SGD momentum + WD + constant + BN/b128,"optimizer,schedule,normalization,regularization",42,v1,False
5840,0.19678643345832825,0.1,17,anchor,SGD momentum + WD + constant + BN/b128,"optimizer,schedule,normalization,regularization",42,v1,False
5860,0.18757346272468567,0.1,17,anchor,SGD momentum + WD + constant + BN/b128,"optimizer,schedule,normalization,regularization",42,v1,False
5880,0.20636221766471863,0.1,17,anchor,SGD momentum + WD + constant + BN/b128,"optimizer,schedule,normalization,regularization",42,v1,False
5900,0.2543540894985199,0.1,17,anchor,SGD momentum + WD + constant + BN/b128,"optimizer,schedule,normalization,regularization",42,v1,False
5920,0.18017533421516418,0.1,17,anchor,SGD momentum + WD + constant + BN/b128,"optimizer,schedule,normalization,regularization",42,v1,False
5940,0.2464984506368637,0.1,17,anchor,SGD momentum + WD + constant + BN/b128,"optimizer,schedule,normalization,regularization",42,v1,False
5960,0.2700597047805786,0.1,17,anchor,SGD momentum + WD + constant + BN/b128,"optimizer,schedule,normalization,regularization",42,v1,False
5980,0.28695252537727356,0.1,17,anchor,SGD momentum + WD + constant + BN/b128,"optimizer,schedule,normalization,regularization",42,v1,False
6000,0.15908506512641907,0.1,18,anchor,SGD momentum + WD + constant + BN/b128,"optimizer,schedule,normalization,regularization",42,v1,False
6020,0.21054428815841675,0.1,18,anchor,SGD momentum + WD + constant + BN/b128,"optimizer,schedule,normalization,regularization",42,v1,False
6040,0.07804419100284576,0.1,18,anchor,SGD momentum + WD + constant + BN/b128,"optimizer,schedule,normalization,regularization",42,v1,False
6060,0.1639540046453476,0.1,18,anchor,SGD momentum + WD + constant + BN/b128,"optimizer,schedule,normalization,regularization",42,v1,False
6080,0.14846158027648926,0.1,18,anchor,SGD momentum + WD + constant + BN/b128,"optimizer,schedule,normalization,regularization",42,v1,False
6100,0.12412159144878387,0.1,18,anchor,SGD momentum + WD + constant + BN/b128,"optimizer,schedule,normalization,regularization",42,v1,False
6120,0.2422296106815338,0.1,18,anchor,SGD momentum + WD + constant + BN/b128,"optimizer,schedule,normalization,regularization",42,v1,False
6140,0.1854623258113861,0.1,18,anchor,SGD momentum + WD + constant + BN/b128,"optimizer,schedule,normalization,regularization",42,v1,False
6160,0.14707618951797485,0.1,18,anchor,SGD momentum + WD + constant + BN/b128,"optimizer,schedule,normalization,regularization",42,v1,False
6180,0.20407983660697937,0.1,18,anchor,SGD momentum + WD + constant + BN/b128,"optimizer,schedule,normalization,regularization",42,v1,False
6200,0.1607729196548462,0.1,18,anchor,SGD momentum + WD + constant + BN/b128,"optimizer,schedule,normalization,regularization",42,v1,False
6220,0.1378103494644165,0.1,18,anchor,SGD momentum + WD + constant + BN/b128,"optimizer,schedule,normalization,regularization",42,v1,False
6240,0.31405168771743774,0.1,18,anchor,SGD momentum + WD + constant + BN/b128,"optimizer,schedule,normalization,regularization",42,v1,False
6260,0.16179808974266052,0.1,18,anchor,SGD momentum + WD + constant + BN/b128,"optimizer,schedule,normalization,regularization",42,v1,False
6280,0.2165723443031311,0.1,18,anchor,SGD momentum + WD + constant + BN/b128,"optimizer,schedule,normalization,regularization",42,v1,False
6300,0.248249351978302,0.1,18,anchor,SGD momentum + WD + constant + BN/b128,"optimizer,schedule,normalization,regularization",42,v1,False
6320,0.18754979968070984,0.1,18,anchor,SGD momentum + WD + constant + BN/b128,"optimizer,schedule,normalization,regularization",42,v1,False
6340,0.14095653593540192,0.1,19,anchor,SGD momentum + WD + constant + BN/b128,"optimizer,schedule,normalization,regularization",42,v1,False
6360,0.1358552724123001,0.1,19,anchor,SGD momentum + WD + constant + BN/b128,"optimizer,schedule,normalization,regularization",42,v1,False
6380,0.07323645055294037,0.1,19,anchor,SGD momentum + WD + constant + BN/b128,"optimizer,schedule,normalization,regularization",42,v1,False
6400,0.0804726704955101,0.1,19,anchor,SGD momentum + WD + constant + BN/b128,"optimizer,schedule,normalization,regularization",42,v1,False
6420,0.2265559732913971,0.1,19,anchor,SGD momentum + WD + constant + BN/b128,"optimizer,schedule,normalization,regularization",42,v1,False
6440,0.0796595886349678,0.1,19,anchor,SGD momentum + WD + constant + BN/b128,"optimizer,schedule,normalization,regularization",42,v1,False
6460,0.10538271069526672,0.1,19,anchor,SGD momentum + WD + constant + BN/b128,"optimizer,schedule,normalization,regularization",42,v1,False
6480,0.28962060809135437,0.1,19,anchor,SGD momentum + WD + constant + BN/b128,"optimizer,schedule,normalization,regularization",42,v1,False
6500,0.1845235824584961,0.1,19,anchor,SGD momentum + WD + constant + BN/b128,"optimizer,schedule,normalization,regularization",42,v1,False
6520,0.09667845815420151,0.1,19,anchor,SGD momentum + WD + constant + BN/b128,"optimizer,schedule,normalization,regularization",42,v1,False
6540,0.1892261654138565,0.1,19,anchor,SGD momentum + WD + constant + BN/b128,"optimizer,schedule,normalization,regularization",42,v1,False
6560,0.07431895285844803,0.1,19,anchor,SGD momentum + WD + constant + BN/b128,"optimizer,schedule,normalization,regularization",42,v1,False
6580,0.23576948046684265,0.1,19,anchor,SGD momentum + WD + constant + BN/b128,"optimizer,schedule,normalization,regularization",42,v1,False
6600,0.10238826274871826,0.1,19,anchor,SGD momentum + WD + constant + BN/b128,"optimizer,schedule,normalization,regularization",42,v1,False
6620,0.17679284512996674,0.1,19,anchor,SGD momentum + WD + constant + BN/b128,"optimizer,schedule,normalization,regularization",42,v1,False
6640,0.2431788295507431,0.1,19,anchor,SGD momentum + WD + constant + BN/b128,"optimizer,schedule,normalization,regularization",42,v1,False
6660,0.19103151559829712,0.1,19,anchor,SGD momentum + WD + constant + BN/b128,"optimizer,schedule,normalization,regularization",42,v1,False
6680,0.2590906023979187,0.1,19,anchor,SGD momentum + WD + constant + BN/b128,"optimizer,schedule,normalization,regularization",42,v1,False
6700,0.12501513957977295,0.1,20,anchor,SGD momentum + WD + constant + BN/b128,"optimizer,schedule,normalization,regularization",42,v1,False
6720,0.22048339247703552,0.1,20,anchor,SGD momentum + WD + constant + BN/b128,"optimizer,schedule,normalization,regularization",42,v1,False
6740,0.10928036272525787,0.1,20,anchor,SGD momentum + WD + constant + BN/b128,"optimizer,schedule,normalization,regularization",42,v1,False
6760,0.13913802802562714,0.1,20,anchor,SGD momentum + WD + constant + BN/b128,"optimizer,schedule,normalization,regularization",42,v1,False
6780,0.10766558349132538,0.1,20,anchor,SGD momentum + WD + constant + BN/b128,"optimizer,schedule,normalization,regularization",42,v1,False
6800,0.1069834902882576,0.1,20,anchor,SGD momentum + WD + constant + BN/b128,"optimizer,schedule,normalization,regularization",42,v1,False
6820,0.17077264189720154,0.1,20,anchor,SGD momentum + WD + constant + BN/b128,"optimizer,schedule,normalization,regularization",42,v1,False
6840,0.09974092245101929,0.1,20,anchor,SGD momentum + WD + constant + BN/b128,"optimizer,schedule,normalization,regularization",42,v1,False
6860,0.2317301630973816,0.1,20,anchor,SGD momentum + WD + constant + BN/b128,"optimizer,schedule,normalization,regularization",42,v1,False
6880,0.14819200336933136,0.1,20,anchor,SGD momentum + WD + constant + BN/b128,"optimizer,schedule,normalization,regularization",42,v1,False
6900,0.305039644241333,0.1,20,anchor,SGD momentum + WD + constant + BN/b128,"optimizer,schedule,normalization,regularization",42,v1,False
6920,0.236016184091568,0.1,20,anchor,SGD momentum + WD + constant + BN/b128,"optimizer,schedule,normalization,regularization",42,v1,False
6940,0.28371673822402954,0.1,20,anchor,SGD momentum + WD + constant + BN/b128,"optimizer,schedule,normalization,regularization",42,v1,False
6960,0.22026237845420837,0.1,20,anchor,SGD momentum + WD + constant + BN/b128,"optimizer,schedule,normalization,regularization",42,v1,False
6980,0.18935927748680115,0.1,20,anchor,SGD momentum + WD + constant + BN/b128,"optimizer,schedule,normalization,regularization",42,v1,False
7000,0.31070131063461304,0.1,20,anchor,SGD momentum + WD + constant + BN/b128,"optimizer,schedule,normalization,regularization",42,v1,False
7020,0.2496274709701538,0.1,20,anchor,SGD momentum + WD + constant + BN/b128,"optimizer,schedule,normalization,regularization",42,v1,False
0,2.3491640090942383,0.1,1,anchor,SGD momentum + WD + constant + BN/b128,"optimizer,schedule,normalization,regularization",2026,v1,False
20,3.0500476360321045,0.1,1,anchor,SGD momentum + WD + constant + BN/b128,"optimizer,schedule,normalization,regularization",2026,v1,False
40,2.208000659942627,0.1,1,anchor,SGD momentum + WD + constant + BN/b128,"optimizer,schedule,normalization,regularization",2026,v1,False
60,2.056607961654663,0.1,1,anchor,SGD momentum + WD + constant + BN/b128,"optimizer,schedule,normalization,regularization",2026,v1,False
80,2.0820398330688477,0.1,1,anchor,SGD momentum + WD + constant + BN/b128,"optimizer,schedule,normalization,regularization",2026,v1,False
100,1.931166172027588,0.1,1,anchor,SGD momentum + WD + constant + BN/b128,"optimizer,schedule,normalization,regularization",2026,v1,False
120,1.9298667907714844,0.1,1,anchor,SGD momentum + WD + constant + BN/b128,"optimizer,schedule,normalization,regularization",2026,v1,False
140,1.9131799936294556,0.1,1,anchor,SGD momentum + WD + constant + BN/b128,"optimizer,schedule,normalization,regularization",2026,v1,False
160,1.8447065353393555,0.1,1,anchor,SGD momentum + WD + constant + BN/b128,"optimizer,schedule,normalization,regularization",2026,v1,False
180,1.9793553352355957,0.1,1,anchor,SGD momentum + WD + constant + BN/b128,"optimizer,schedule,normalization,regularization",2026,v1,False
200,1.5889816284179688,0.1,1,anchor,SGD momentum + WD + constant + BN/b128,"optimizer,schedule,normalization,regularization",2026,v1,False
220,1.5795130729675293,0.1,1,anchor,SGD momentum + WD + constant + BN/b128,"optimizer,schedule,normalization,regularization",2026,v1,False
240,1.6293766498565674,0.1,1,anchor,SGD momentum + WD + constant + BN/b128,"optimizer,schedule,normalization,regularization",2026,v1,False
260,1.685664415359497,0.1,1,anchor,SGD momentum + WD + constant + BN/b128,"optimizer,schedule,normalization,regularization",2026,v1,False
280,1.568291425704956,0.1,1,anchor,SGD momentum + WD + constant + BN/b128,"optimizer,schedule,normalization,regularization",2026,v1,False
300,1.6723722219467163,0.1,1,anchor,SGD momentum + WD + constant + BN/b128,"optimizer,schedule,normalization,regularization",2026,v1,False
320,1.4728829860687256,0.1,1,anchor,SGD momentum + WD + constant + BN/b128,"optimizer,schedule,normalization,regularization",2026,v1,False
340,1.502057671546936,0.1,1,anchor,SGD momentum + WD + constant + BN/b128,"optimizer,schedule,normalization,regularization",2026,v1,False
360,1.317047357559204,0.1,2,anchor,SGD momentum + WD + constant + BN/b128,"optimizer,schedule,normalization,regularization",2026,v1,False
380,1.561867594718933,0.1,2,anchor,SGD momentum + WD + constant + BN/b128,"optimizer,schedule,normalization,regularization",2026,v1,False
400,1.5885136127471924,0.1,2,anchor,SGD momentum + WD + constant + BN/b128,"optimizer,schedule,normalization,regularization",2026,v1,False
420,1.5245428085327148,0.1,2,anchor,SGD momentum + WD + constant + BN/b128,"optimizer,schedule,normalization,regularization",2026,v1,False
440,1.40183424949646,0.1,2,anchor,SGD momentum + WD + constant + BN/b128,"optimizer,schedule,normalization,regularization",2026,v1,False
460,1.482674479484558,0.1,2,anchor,SGD momentum + WD + constant + BN/b128,"optimizer,schedule,normalization,regularization",2026,v1,False
480,1.3477240800857544,0.1,2,anchor,SGD momentum + WD + constant + BN/b128,"optimizer,schedule,normalization,regularization",2026,v1,False
500,1.3518563508987427,0.1,2,anchor,SGD momentum + WD + constant + BN/b128,"optimizer,schedule,normalization,regularization",2026,v1,False
520,1.4202015399932861,0.1,2,anchor,SGD momentum + WD + constant + BN/b128,"optimizer,schedule,normalization,regularization",2026,v1,False
540,1.545665979385376,0.1,2,anchor,SGD momentum + WD + constant + BN/b128,"optimizer,schedule,normalization,regularization",2026,v1,False
560,1.3414467573165894,0.1,2,anchor,SGD momentum + WD + constant + BN/b128,"optimizer,schedule,normalization,regularization",2026,v1,False
580,1.2782598733901978,0.1,2,anchor,SGD momentum + WD + constant + BN/b128,"optimizer,schedule,normalization,regularization",2026,v1,False
600,1.2461949586868286,0.1,2,anchor,SGD momentum + WD + constant + BN/b128,"optimizer,schedule,normalization,regularization",2026,v1,False
620,1.2665566205978394,0.1,2,anchor,SGD momentum + WD + constant + BN/b128,"optimizer,schedule,normalization,regularization",2026,v1,False
640,1.2090785503387451,0.1,2,anchor,SGD momentum + WD + constant + BN/b128,"optimizer,schedule,normalization,regularization",2026,v1,False
660,1.2399908304214478,0.1,2,anchor,SGD momentum + WD + constant + BN/b128,"optimizer,schedule,normalization,regularization",2026,v1,False
680,0.9362680912017822,0.1,2,anchor,SGD momentum + WD + constant + BN/b128,"optimizer,schedule,normalization,regularization",2026,v1,False
700,1.218311071395874,0.1,2,anchor,SGD momentum + WD + constant + BN/b128,"optimizer,schedule,normalization,regularization",2026,v1,False
720,1.0301300287246704,0.1,3,anchor,SGD momentum + WD + constant + BN/b128,"optimizer,schedule,normalization,regularization",2026,v1,False
740,1.0358541011810303,0.1,3,anchor,SGD momentum + WD + constant + BN/b128,"optimizer,schedule,normalization,regularization",2026,v1,False
760,1.2453114986419678,0.1,3,anchor,SGD momentum + WD + constant + BN/b128,"optimizer,schedule,normalization,regularization",2026,v1,False
780,1.1730496883392334,0.1,3,anchor,SGD momentum + WD + constant + BN/b128,"optimizer,schedule,normalization,regularization",2026,v1,False
800,1.1299941539764404,0.1,3,anchor,SGD momentum + WD + constant + BN/b128,"optimizer,schedule,normalization,regularization",2026,v1,False
820,1.2330955266952515,0.1,3,anchor,SGD momentum + WD + constant + BN/b128,"optimizer,schedule,normalization,regularization",2026,v1,False
840,1.2345329523086548,0.1,3,anchor,SGD momentum + WD + constant + BN/b128,"optimizer,schedule,normalization,regularization",2026,v1,False
860,1.0683815479278564,0.1,3,anchor,SGD momentum + WD + constant + BN/b128,"optimizer,schedule,normalization,regularization",2026,v1,False
880,1.0658475160598755,0.1,3,anchor,SGD momentum + WD + constant + BN/b128,"optimizer,schedule,normalization,regularization",2026,v1,False
900,1.1894025802612305,0.1,3,anchor,SGD momentum + WD + constant + BN/b128,"optimizer,schedule,normalization,regularization",2026,v1,False
920,0.9707849621772766,0.1,3,anchor,SGD momentum + WD + constant + BN/b128,"optimizer,schedule,normalization,regularization",2026,v1,False
940,0.9950946569442749,0.1,3,anchor,SGD momentum + WD + constant + BN/b128,"optimizer,schedule,normalization,regularization",2026,v1,False
960,0.9908791780471802,0.1,3,anchor,SGD momentum + WD + constant + BN/b128,"optimizer,schedule,normalization,regularization",2026,v1,False
980,1.1275347471237183,0.1,3,anchor,SGD momentum + WD + constant + BN/b128,"optimizer,schedule,normalization,regularization",2026,v1,False
1000,0.9616832733154297,0.1,3,anchor,SGD momentum + WD + constant + BN/b128,"optimizer,schedule,normalization,regularization",2026,v1,False
1020,1.023345947265625,0.1,3,anchor,SGD momentum + WD + constant + BN/b128,"optimizer,schedule,normalization,regularization",2026,v1,False
1040,0.7781485319137573,0.1,3,anchor,SGD momentum + WD + constant + BN/b128,"optimizer,schedule,normalization,regularization",2026,v1,False
1060,0.6870071887969971,0.1,4,anchor,SGD momentum + WD + constant + BN/b128,"optimizer,schedule,normalization,regularization",2026,v1,False
1080,0.7040048241615295,0.1,4,anchor,SGD momentum + WD + constant + BN/b128,"optimizer,schedule,normalization,regularization",2026,v1,False
1100,0.9933693408966064,0.1,4,anchor,SGD momentum + WD + constant + BN/b128,"optimizer,schedule,normalization,regularization",2026,v1,False
1120,0.8834724426269531,0.1,4,anchor,SGD momentum + WD + constant + BN/b128,"optimizer,schedule,normalization,regularization",2026,v1,False
1140,0.7920501828193665,0.1,4,anchor,SGD momentum + WD + constant + BN/b128,"optimizer,schedule,normalization,regularization",2026,v1,False
1160,0.8030630946159363,0.1,4,anchor,SGD momentum + WD + constant + BN/b128,"optimizer,schedule,normalization,regularization",2026,v1,False
1180,0.9524301290512085,0.1,4,anchor,SGD momentum + WD + constant + BN/b128,"optimizer,schedule,normalization,regularization",2026,v1,False
1200,0.8928521871566772,0.1,4,anchor,SGD momentum + WD + constant + BN/b128,"optimizer,schedule,normalization,regularization",2026,v1,False
1220,1.06832754611969,0.1,4,anchor,SGD momentum + WD + constant + BN/b128,"optimizer,schedule,normalization,regularization",2026,v1,False
1240,1.0424354076385498,0.1,4,anchor,SGD momentum + WD + constant + BN/b128,"optimizer,schedule,normalization,regularization",2026,v1,False
1260,0.8993397355079651,0.1,4,anchor,SGD momentum + WD + constant + BN/b128,"optimizer,schedule,normalization,regularization",2026,v1,False
1280,0.7380936145782471,0.1,4,anchor,SGD momentum + WD + constant + BN/b128,"optimizer,schedule,normalization,regularization",2026,v1,False
1300,0.769477903842926,0.1,4,anchor,SGD momentum + WD + constant + BN/b128,"optimizer,schedule,normalization,regularization",2026,v1,False
1320,0.7920503616333008,0.1,4,anchor,SGD momentum + WD + constant + BN/b128,"optimizer,schedule,normalization,regularization",2026,v1,False
1340,0.839257001876831,0.1,4,anchor,SGD momentum + WD + constant + BN/b128,"optimizer,schedule,normalization,regularization",2026,v1,False
1360,0.959565281867981,0.1,4,anchor,SGD momentum + WD + constant + BN/b128,"optimizer,schedule,normalization,regularization",2026,v1,False
1380,0.6331700086593628,0.1,4,anchor,SGD momentum + WD + constant + BN/b128,"optimizer,schedule,normalization,regularization",2026,v1,False
1400,0.9329535961151123,0.1,4,anchor,SGD momentum + WD + constant + BN/b128,"optimizer,schedule,normalization,regularization",2026,v1,False
1420,0.674923837184906,0.1,5,anchor,SGD momentum + WD + constant + BN/b128,"optimizer,schedule,normalization,regularization",2026,v1,False
1440,0.6750303506851196,0.1,5,anchor,SGD momentum + WD + constant + BN/b128,"optimizer,schedule,normalization,regularization",2026,v1,False
1460,0.5746046900749207,0.1,5,anchor,SGD momentum + WD + constant + BN/b128,"optimizer,schedule,normalization,regularization",2026,v1,False
1480,0.6547954082489014,0.1,5,anchor,SGD momentum + WD + constant + BN/b128,"optimizer,schedule,normalization,regularization",2026,v1,False
1500,0.6288636326789856,0.1,5,anchor,SGD momentum + WD + constant + BN/b128,"optimizer,schedule,normalization,regularization",2026,v1,False
1520,0.6201884746551514,0.1,5,anchor,SGD momentum + WD + constant + BN/b128,"optimizer,schedule,normalization,regularization",2026,v1,False
1540,0.5799574255943298,0.1,5,anchor,SGD momentum + WD + constant + BN/b128,"optimizer,schedule,normalization,regularization",2026,v1,False
1560,0.7825816869735718,0.1,5,anchor,SGD momentum + WD + constant + BN/b128,"optimizer,schedule,normalization,regularization",2026,v1,False
1580,0.5137527585029602,0.1,5,anchor,SGD momentum + WD + constant + BN/b128,"optimizer,schedule,normalization,regularization",2026,v1,False
1600,0.5255050659179688,0.1,5,anchor,SGD momentum + WD + constant + BN/b128,"optimizer,schedule,normalization,regularization",2026,v1,False
1620,0.5923349857330322,0.1,5,anchor,SGD momentum + WD + constant + BN/b128,"optimizer,schedule,normalization,regularization",2026,v1,False
1640,0.6686320304870605,0.1,5,anchor,SGD momentum + WD + constant + BN/b128,"optimizer,schedule,normalization,regularization",2026,v1,False
1660,0.5754148960113525,0.1,5,anchor,SGD momentum + WD + constant + BN/b128,"optimizer,schedule,normalization,regularization",2026,v1,False
1680,0.6707209348678589,0.1,5,anchor,SGD momentum + WD + constant + BN/b128,"optimizer,schedule,normalization,regularization",2026,v1,False
1700,0.6738286018371582,0.1,5,anchor,SGD momentum + WD + constant + BN/b128,"optimizer,schedule,normalization,regularization",2026,v1,False
1720,0.6772668361663818,0.1,5,anchor,SGD momentum + WD + constant + BN/b128,"optimizer,schedule,normalization,regularization",2026,v1,False
1740,0.7384698390960693,0.1,5,anchor,SGD momentum + WD + constant + BN/b128,"optimizer,schedule,normalization,regularization",2026,v1,False
1760,0.6141579151153564,0.1,6,anchor,SGD momentum + WD + constant + BN/b128,"optimizer,schedule,normalization,regularization",2026,v1,False
1780,0.5144721269607544,0.1,6,anchor,SGD momentum + WD + constant + BN/b128,"optimizer,schedule,normalization,regularization",2026,v1,False
1800,0.5373843312263489,0.1,6,anchor,SGD momentum + WD + constant + BN/b128,"optimizer,schedule,normalization,regularization",2026,v1,False
1820,0.473074734210968,0.1,6,anchor,SGD momentum + WD + constant + BN/b128,"optimizer,schedule,normalization,regularization",2026,v1,False
1840,0.5087365508079529,0.1,6,anchor,SGD momentum + WD + constant + BN/b128,"optimizer,schedule,normalization,regularization",2026,v1,False
1860,0.5708458423614502,0.1,6,anchor,SGD momentum + WD + constant + BN/b128,"optimizer,schedule,normalization,regularization",2026,v1,False
1880,0.6033084392547607,0.1,6,anchor,SGD momentum + WD + constant + BN/b128,"optimizer,schedule,normalization,regularization",2026,v1,False
1900,0.5496370792388916,0.1,6,anchor,SGD momentum + WD + constant + BN/b128,"optimizer,schedule,normalization,regularization",2026,v1,False
1920,0.45328325033187866,0.1,6,anchor,SGD momentum + WD + constant + BN/b128,"optimizer,schedule,normalization,regularization",2026,v1,False
1940,0.6028923392295837,0.1,6,anchor,SGD momentum + WD + constant + BN/b128,"optimizer,schedule,normalization,regularization",2026,v1,False
1960,0.6707693338394165,0.1,6,anchor,SGD momentum + WD + constant + BN/b128,"optimizer,schedule,normalization,regularization",2026,v1,False
1980,0.4941735863685608,0.1,6,anchor,SGD momentum + WD + constant + BN/b128,"optimizer,schedule,normalization,regularization",2026,v1,False
2000,0.5417068004608154,0.1,6,anchor,SGD momentum + WD + constant + BN/b128,"optimizer,schedule,normalization,regularization",2026,v1,False
2020,0.4561880826950073,0.1,6,anchor,SGD momentum + WD + constant + BN/b128,"optimizer,schedule,normalization,regularization",2026,v1,False
2040,0.46007978916168213,0.1,6,anchor,SGD momentum + WD + constant + BN/b128,"optimizer,schedule,normalization,regularization",2026,v1,False
2060,0.5108858942985535,0.1,6,anchor,SGD momentum + WD + constant + BN/b128,"optimizer,schedule,normalization,regularization",2026,v1,False
2080,0.5236426591873169,0.1,6,anchor,SGD momentum + WD + constant + BN/b128,"optimizer,schedule,normalization,regularization",2026,v1,False
2100,0.46587589383125305,0.1,6,anchor,SGD momentum + WD + constant + BN/b128,"optimizer,schedule,normalization,regularization",2026,v1,False
2120,0.5036982297897339,0.1,7,anchor,SGD momentum + WD + constant + BN/b128,"optimizer,schedule,normalization,regularization",2026,v1,False
2140,0.4819287657737732,0.1,7,anchor,SGD momentum + WD + constant + BN/b128,"optimizer,schedule,normalization,regularization",2026,v1,False
2160,0.3771668076515198,0.1,7,anchor,SGD momentum + WD + constant + BN/b128,"optimizer,schedule,normalization,regularization",2026,v1,False
2180,0.46810364723205566,0.1,7,anchor,SGD momentum + WD + constant + BN/b128,"optimizer,schedule,normalization,regularization",2026,v1,False
2200,0.40207692980766296,0.1,7,anchor,SGD momentum + WD + constant + BN/b128,"optimizer,schedule,normalization,regularization",2026,v1,False
2220,0.5311307907104492,0.1,7,anchor,SGD momentum + WD + constant + BN/b128,"optimizer,schedule,normalization,regularization",2026,v1,False
2240,0.6161630749702454,0.1,7,anchor,SGD momentum + WD + constant + BN/b128,"optimizer,schedule,normalization,regularization",2026,v1,False
2260,0.43550097942352295,0.1,7,anchor,SGD momentum + WD + constant + BN/b128,"optimizer,schedule,normalization,regularization",2026,v1,False
2280,0.3012886941432953,0.1,7,anchor,SGD momentum + WD + constant + BN/b128,"optimizer,schedule,normalization,regularization",2026,v1,False
2300,0.4975440502166748,0.1,7,anchor,SGD momentum + WD + constant + BN/b128,"optimizer,schedule,normalization,regularization",2026,v1,False
2320,0.5073537826538086,0.1,7,anchor,SGD momentum + WD + constant + BN/b128,"optimizer,schedule,normalization,regularization",2026,v1,False
2340,0.4581802785396576,0.1,7,anchor,SGD momentum + WD + constant + BN/b128,"optimizer,schedule,normalization,regularization",2026,v1,False
2360,0.48582902550697327,0.1,7,anchor,SGD momentum + WD + constant + BN/b128,"optimizer,schedule,normalization,regularization",2026,v1,False
2380,0.41973936557769775,0.1,7,anchor,SGD momentum + WD + constant + BN/b128,"optimizer,schedule,normalization,regularization",2026,v1,False
2400,0.4380570948123932,0.1,7,anchor,SGD momentum + WD + constant + BN/b128,"optimizer,schedule,normalization,regularization",2026,v1,False
2420,0.4468274712562561,0.1,7,anchor,SGD momentum + WD + constant + BN/b128,"optimizer,schedule,normalization,regularization",2026,v1,False
2440,0.6733958721160889,0.1,7,anchor,SGD momentum + WD + constant + BN/b128,"optimizer,schedule,normalization,regularization",2026,v1,False
2460,0.47234857082366943,0.1,7,anchor,SGD momentum + WD + constant + BN/b128,"optimizer,schedule,normalization,regularization",2026,v1,False
2480,0.26896265149116516,0.1,8,anchor,SGD momentum + WD + constant + BN/b128,"optimizer,schedule,normalization,regularization",2026,v1,False
2500,0.4592285454273224,0.1,8,anchor,SGD momentum + WD + constant + BN/b128,"optimizer,schedule,normalization,regularization",2026,v1,False
2520,0.335626482963562,0.1,8,anchor,SGD momentum + WD + constant + BN/b128,"optimizer,schedule,normalization,regularization",2026,v1,False
2540,0.43327853083610535,0.1,8,anchor,SGD momentum + WD + constant + BN/b128,"optimizer,schedule,normalization,regularization",2026,v1,False
2560,0.3582374155521393,0.1,8,anchor,SGD momentum + WD + constant + BN/b128,"optimizer,schedule,normalization,regularization",2026,v1,False
2580,0.42617368698120117,0.1,8,anchor,SGD momentum + WD + constant + BN/b128,"optimizer,schedule,normalization,regularization",2026,v1,False
2600,0.3920573592185974,0.1,8,anchor,SGD momentum + WD + constant + BN/b128,"optimizer,schedule,normalization,regularization",2026,v1,False
2620,0.481673002243042,0.1,8,anchor,SGD momentum + WD + constant + BN/b128,"optimizer,schedule,normalization,regularization",2026,v1,False
2640,0.3867751955986023,0.1,8,anchor,SGD momentum + WD + constant + BN/b128,"optimizer,schedule,normalization,regularization",2026,v1,False
2660,0.40547147393226624,0.1,8,anchor,SGD momentum + WD + constant + BN/b128,"optimizer,schedule,normalization,regularization",2026,v1,False
2680,0.2953674793243408,0.1,8,anchor,SGD momentum + WD + constant + BN/b128,"optimizer,schedule,normalization,regularization",2026,v1,False
2700,0.3661196529865265,0.1,8,anchor,SGD momentum + WD + constant + BN/b128,"optimizer,schedule,normalization,regularization",2026,v1,False
2720,0.5163489580154419,0.1,8,anchor,SGD momentum + WD + constant + BN/b128,"optimizer,schedule,normalization,regularization",2026,v1,False
2740,0.5594829320907593,0.1,8,anchor,SGD momentum + WD + constant + BN/b128,"optimizer,schedule,normalization,regularization",2026,v1,False
2760,0.4122224450111389,0.1,8,anchor,SGD momentum + WD + constant + BN/b128,"optimizer,schedule,normalization,regularization",2026,v1,False
2780,0.5778660774230957,0.1,8,anchor,SGD momentum + WD + constant + BN/b128,"optimizer,schedule,normalization,regularization",2026,v1,False
2800,0.4859517812728882,0.1,8,anchor,SGD momentum + WD + constant + BN/b128,"optimizer,schedule,normalization,regularization",2026,v1,False
2820,0.37543579936027527,0.1,9,anchor,SGD momentum + WD + constant + BN/b128,"optimizer,schedule,normalization,regularization",2026,v1,False
2840,0.36151206493377686,0.1,9,anchor,SGD momentum + WD + constant + BN/b128,"optimizer,schedule,normalization,regularization",2026,v1,False
2860,0.3405075967311859,0.1,9,anchor,SGD momentum + WD + constant + BN/b128,"optimizer,schedule,normalization,regularization",2026,v1,False
2880,0.3370860815048218,0.1,9,anchor,SGD momentum + WD + constant + BN/b128,"optimizer,schedule,normalization,regularization",2026,v1,False
2900,0.24909038841724396,0.1,9,anchor,SGD momentum + WD + constant + BN/b128,"optimizer,schedule,normalization,regularization",2026,v1,False
2920,0.25444427132606506,0.1,9,anchor,SGD momentum + WD + constant + BN/b128,"optimizer,schedule,normalization,regularization",2026,v1,False
2940,0.40098094940185547,0.1,9,anchor,SGD momentum + WD + constant + BN/b128,"optimizer,schedule,normalization,regularization",2026,v1,False
2960,0.3329784870147705,0.1,9,anchor,SGD momentum + WD + constant + BN/b128,"optimizer,schedule,normalization,regularization",2026,v1,False
2980,0.3246888816356659,0.1,9,anchor,SGD momentum + WD + constant + BN/b128,"optimizer,schedule,normalization,regularization",2026,v1,False
3000,0.3778250217437744,0.1,9,anchor,SGD momentum + WD + constant + BN/b128,"optimizer,schedule,normalization,regularization",2026,v1,False
3020,0.5380110740661621,0.1,9,anchor,SGD momentum + WD + constant + BN/b128,"optimizer,schedule,normalization,regularization",2026,v1,False
3040,0.4543812572956085,0.1,9,anchor,SGD momentum + WD + constant + BN/b128,"optimizer,schedule,normalization,regularization",2026,v1,False
3060,0.458343505859375,0.1,9,anchor,SGD momentum + WD + constant + BN/b128,"optimizer,schedule,normalization,regularization",2026,v1,False
3080,0.4288575053215027,0.1,9,anchor,SGD momentum + WD + constant + BN/b128,"optimizer,schedule,normalization,regularization",2026,v1,False
3100,0.2943915128707886,0.1,9,anchor,SGD momentum + WD + constant + BN/b128,"optimizer,schedule,normalization,regularization",2026,v1,False
3120,0.5651373267173767,0.1,9,anchor,SGD momentum + WD + constant + BN/b128,"optimizer,schedule,normalization,regularization",2026,v1,False
3140,0.31550684571266174,0.1,9,anchor,SGD momentum + WD + constant + BN/b128,"optimizer,schedule,normalization,regularization",2026,v1,False
3160,0.4543723464012146,0.1,9,anchor,SGD momentum + WD + constant + BN/b128,"optimizer,schedule,normalization,regularization",2026,v1,False
3180,0.2023749202489853,0.1,10,anchor,SGD momentum + WD + constant + BN/b128,"optimizer,schedule,normalization,regularization",2026,v1,False
3200,0.32615768909454346,0.1,10,anchor,SGD momentum + WD + constant + BN/b128,"optimizer,schedule,normalization,regularization",2026,v1,False
3220,0.3563728928565979,0.1,10,anchor,SGD momentum + WD + constant + BN/b128,"optimizer,schedule,normalization,regularization",2026,v1,False
3240,0.19743460416793823,0.1,10,anchor,SGD momentum + WD + constant + BN/b128,"optimizer,schedule,normalization,regularization",2026,v1,False
3260,0.3944622278213501,0.1,10,anchor,SGD momentum + WD + constant + BN/b128,"optimizer,schedule,normalization,regularization",2026,v1,False
3280,0.2415720820426941,0.1,10,anchor,SGD momentum + WD + constant + BN/b128,"optimizer,schedule,normalization,regularization",2026,v1,False
3300,0.21502715349197388,0.1,10,anchor,SGD momentum + WD + constant + BN/b128,"optimizer,schedule,normalization,regularization",2026,v1,False
3320,0.3112727999687195,0.1,10,anchor,SGD momentum + WD + constant + BN/b128,"optimizer,schedule,normalization,regularization",2026,v1,False
3340,0.28303080797195435,0.1,10,anchor,SGD momentum + WD + constant + BN/b128,"optimizer,schedule,normalization,regularization",2026,v1,False
3360,0.254508912563324,0.1,10,anchor,SGD momentum + WD + constant + BN/b128,"optimizer,schedule,normalization,regularization",2026,v1,False
3380,0.259030818939209,0.1,10,anchor,SGD momentum + WD + constant + BN/b128,"optimizer,schedule,normalization,regularization",2026,v1,False
3400,0.40593963861465454,0.1,10,anchor,SGD momentum + WD + constant + BN/b128,"optimizer,schedule,normalization,regularization",2026,v1,False
3420,0.3145015835762024,0.1,10,anchor,SGD momentum + WD + constant + BN/b128,"optimizer,schedule,normalization,regularization",2026,v1,False
3440,0.23941054940223694,0.1,10,anchor,SGD momentum + WD + constant + BN/b128,"optimizer,schedule,normalization,regularization",2026,v1,False
3460,0.45020949840545654,0.1,10,anchor,SGD momentum + WD + constant + BN/b128,"optimizer,schedule,normalization,regularization",2026,v1,False
3480,0.3057582974433899,0.1,10,anchor,SGD momentum + WD + constant + BN/b128,"optimizer,schedule,normalization,regularization",2026,v1,False
3500,0.2630964517593384,0.1,10,anchor,SGD momentum + WD + constant + BN/b128,"optimizer,schedule,normalization,regularization",2026,v1,False
3520,0.2681224048137665,0.1,11,anchor,SGD momentum + WD + constant + BN/b128,"optimizer,schedule,normalization,regularization",2026,v1,False
3540,0.2287496030330658,0.1,11,anchor,SGD momentum + WD + constant + BN/b128,"optimizer,schedule,normalization,regularization",2026,v1,False
3560,0.28799131512641907,0.1,11,anchor,SGD momentum + WD + constant + BN/b128,"optimizer,schedule,normalization,regularization",2026,v1,False
3580,0.25864386558532715,0.1,11,anchor,SGD momentum + WD + constant + BN/b128,"optimizer,schedule,normalization,regularization",2026,v1,False
3600,0.18888917565345764,0.1,11,anchor,SGD momentum + WD + constant + BN/b128,"optimizer,schedule,normalization,regularization",2026,v1,False
3620,0.20856574177742004,0.1,11,anchor,SGD momentum + WD + constant + BN/b128,"optimizer,schedule,normalization,regularization",2026,v1,False
3640,0.1935386210680008,0.1,11,anchor,SGD momentum + WD + constant + BN/b128,"optimizer,schedule,normalization,regularization",2026,v1,False
3660,0.2649921178817749,0.1,11,anchor,SGD momentum + WD + constant + BN/b128,"optimizer,schedule,normalization,regularization",2026,v1,False
3680,0.28002315759658813,0.1,11,anchor,SGD momentum + WD + constant + BN/b128,"optimizer,schedule,normalization,regularization",2026,v1,False
3700,0.1878528892993927,0.1,11,anchor,SGD momentum + WD + constant + BN/b128,"optimizer,schedule,normalization,regularization",2026,v1,False
3720,0.22576157748699188,0.1,11,anchor,SGD momentum + WD + constant + BN/b128,"optimizer,schedule,normalization,regularization",2026,v1,False
3740,0.2924184501171112,0.1,11,anchor,SGD momentum + WD + constant + BN/b128,"optimizer,schedule,normalization,regularization",2026,v1,False
3760,0.18575963377952576,0.1,11,anchor,SGD momentum + WD + constant + BN/b128,"optimizer,schedule,normalization,regularization",2026,v1,False
3780,0.3347385823726654,0.1,11,anchor,SGD momentum + WD + constant + BN/b128,"optimizer,schedule,normalization,regularization",2026,v1,False
3800,0.27496951818466187,0.1,11,anchor,SGD momentum + WD + constant + BN/b128,"optimizer,schedule,normalization,regularization",2026,v1,False
3820,0.25903964042663574,0.1,11,anchor,SGD momentum + WD + constant + BN/b128,"optimizer,schedule,normalization,regularization",2026,v1,False
3840,0.3091081976890564,0.1,11,anchor,SGD momentum + WD + constant + BN/b128,"optimizer,schedule,normalization,regularization",2026,v1,False
3860,0.2580554485321045,0.1,11,anchor,SGD momentum + WD + constant + BN/b128,"optimizer,schedule,normalization,regularization",2026,v1,False
3880,0.1372864693403244,0.1,12,anchor,SGD momentum + WD + constant + BN/b128,"optimizer,schedule,normalization,regularization",2026,v1,False
3900,0.19606922566890717,0.1,12,anchor,SGD momentum + WD + constant + BN/b128,"optimizer,schedule,normalization,regularization",2026,v1,False
3920,0.20331859588623047,0.1,12,anchor,SGD momentum + WD + constant + BN/b128,"optimizer,schedule,normalization,regularization",2026,v1,False
3940,0.2836010456085205,0.1,12,anchor,SGD momentum + WD + constant + BN/b128,"optimizer,schedule,normalization,regularization",2026,v1,False
3960,0.2692398726940155,0.1,12,anchor,SGD momentum + WD + constant + BN/b128,"optimizer,schedule,normalization,regularization",2026,v1,False
3980,0.19983813166618347,0.1,12,anchor,SGD momentum + WD + constant + BN/b128,"optimizer,schedule,normalization,regularization",2026,v1,False
4000,0.3044016361236572,0.1,12,anchor,SGD momentum + WD + constant + BN/b128,"optimizer,schedule,normalization,regularization",2026,v1,False
4020,0.31436216831207275,0.1,12,anchor,SGD momentum + WD + constant + BN/b128,"optimizer,schedule,normalization,regularization",2026,v1,False
4040,0.27338624000549316,0.1,12,anchor,SGD momentum + WD + constant + BN/b128,"optimizer,schedule,normalization,regularization",2026,v1,False
4060,0.24418902397155762,0.1,12,anchor,SGD momentum + WD + constant + BN/b128,"optimizer,schedule,normalization,regularization",2026,v1,False
4080,0.29938608407974243,0.1,12,anchor,SGD momentum + WD + constant + BN/b128,"optimizer,schedule,normalization,regularization",2026,v1,False
4100,0.20820751786231995,0.1,12,anchor,SGD momentum + WD + constant + BN/b128,"optimizer,schedule,normalization,regularization",2026,v1,False
4120,0.2755124568939209,0.1,12,anchor,SGD momentum + WD + constant + BN/b128,"optimizer,schedule,normalization,regularization",2026,v1,False
4140,0.33736470341682434,0.1,12,anchor,SGD momentum + WD + constant + BN/b128,"optimizer,schedule,normalization,regularization",2026,v1,False
4160,0.36531367897987366,0.1,12,anchor,SGD momentum + WD + constant + BN/b128,"optimizer,schedule,normalization,regularization",2026,v1,False
4180,0.2803725004196167,0.1,12,anchor,SGD momentum + WD + constant + BN/b128,"optimizer,schedule,normalization,regularization",2026,v1,False
4200,0.3712948262691498,0.1,12,anchor,SGD momentum + WD + constant + BN/b128,"optimizer,schedule,normalization,regularization",2026,v1,False
4220,0.25077465176582336,0.1,12,anchor,SGD momentum + WD + constant + BN/b128,"optimizer,schedule,normalization,regularization",2026,v1,False
4240,0.12049219012260437,0.1,13,anchor,SGD momentum + WD + constant + BN/b128,"optimizer,schedule,normalization,regularization",2026,v1,False
4260,0.13595546782016754,0.1,13,anchor,SGD momentum + WD + constant + BN/b128,"optimizer,schedule,normalization,regularization",2026,v1,False
4280,0.18756790459156036,0.1,13,anchor,SGD momentum + WD + constant + BN/b128,"optimizer,schedule,normalization,regularization",2026,v1,False
4300,0.2055380940437317,0.1,13,anchor,SGD momentum + WD + constant + BN/b128,"optimizer,schedule,normalization,regularization",2026,v1,False
4320,0.1937837302684784,0.1,13,anchor,SGD momentum + WD + constant + BN/b128,"optimizer,schedule,normalization,regularization",2026,v1,False
4340,0.2583349347114563,0.1,13,anchor,SGD momentum + WD + constant + BN/b128,"optimizer,schedule,normalization,regularization",2026,v1,False
4360,0.2778056561946869,0.1,13,anchor,SGD momentum + WD + constant + BN/b128,"optimizer,schedule,normalization,regularization",2026,v1,False
4380,0.2528756260871887,0.1,13,anchor,SGD momentum + WD + constant + BN/b128,"optimizer,schedule,normalization,regularization",2026,v1,False
4400,0.22838245332241058,0.1,13,anchor,SGD momentum + WD + constant + BN/b128,"optimizer,schedule,normalization,regularization",2026,v1,False
4420,0.24797305464744568,0.1,13,anchor,SGD momentum + WD + constant + BN/b128,"optimizer,schedule,normalization,regularization",2026,v1,False
4440,0.35708382725715637,0.1,13,anchor,SGD momentum + WD + constant + BN/b128,"optimizer,schedule,normalization,regularization",2026,v1,False
4460,0.21804359555244446,0.1,13,anchor,SGD momentum + WD + constant + BN/b128,"optimizer,schedule,normalization,regularization",2026,v1,False
4480,0.2543601393699646,0.1,13,anchor,SGD momentum + WD + constant + BN/b128,"optimizer,schedule,normalization,regularization",2026,v1,False
4500,0.15751037001609802,0.1,13,anchor,SGD momentum + WD + constant + BN/b128,"optimizer,schedule,normalization,regularization",2026,v1,False
4520,0.2590338885784149,0.1,13,anchor,SGD momentum + WD + constant + BN/b128,"optimizer,schedule,normalization,regularization",2026,v1,False
4540,0.2871093153953552,0.1,13,anchor,SGD momentum + WD + constant + BN/b128,"optimizer,schedule,normalization,regularization",2026,v1,False
4560,0.2516022026538849,0.1,13,anchor,SGD momentum + WD + constant + BN/b128,"optimizer,schedule,normalization,regularization",2026,v1,False
4580,0.15606877207756042,0.1,14,anchor,SGD momentum + WD + constant + BN/b128,"optimizer,schedule,normalization,regularization",2026,v1,False
4600,0.20787939429283142,0.1,14,anchor,SGD momentum + WD + constant + BN/b128,"optimizer,schedule,normalization,regularization",2026,v1,False
4620,0.2161267101764679,0.1,14,anchor,SGD momentum + WD + constant + BN/b128,"optimizer,schedule,normalization,regularization",2026,v1,False
4640,0.18038210272789001,0.1,14,anchor,SGD momentum + WD + constant + BN/b128,"optimizer,schedule,normalization,regularization",2026,v1,False
4660,0.19680151343345642,0.1,14,anchor,SGD momentum + WD + constant + BN/b128,"optimizer,schedule,normalization,regularization",2026,v1,False
4680,0.14817717671394348,0.1,14,anchor,SGD momentum + WD + constant + BN/b128,"optimizer,schedule,normalization,regularization",2026,v1,False
4700,0.11978781223297119,0.1,14,anchor,SGD momentum + WD + constant + BN/b128,"optimizer,schedule,normalization,regularization",2026,v1,False
4720,0.2861422896385193,0.1,14,anchor,SGD momentum + WD + constant + BN/b128,"optimizer,schedule,normalization,regularization",2026,v1,False
4740,0.20409497618675232,0.1,14,anchor,SGD momentum + WD + constant + BN/b128,"optimizer,schedule,normalization,regularization",2026,v1,False
4760,0.21888726949691772,0.1,14,anchor,SGD momentum + WD + constant + BN/b128,"optimizer,schedule,normalization,regularization",2026,v1,False
4780,0.12638822197914124,0.1,14,anchor,SGD momentum + WD + constant + BN/b128,"optimizer,schedule,normalization,regularization",2026,v1,False
4800,0.16387951374053955,0.1,14,anchor,SGD momentum + WD + constant + BN/b128,"optimizer,schedule,normalization,regularization",2026,v1,False
4820,0.4001045227050781,0.1,14,anchor,SGD momentum + WD + constant + BN/b128,"optimizer,schedule,normalization,regularization",2026,v1,False
4840,0.2801409363746643,0.1,14,anchor,SGD momentum + WD + constant + BN/b128,"optimizer,schedule,normalization,regularization",2026,v1,False
4860,0.2521134912967682,0.1,14,anchor,SGD momentum + WD + constant + BN/b128,"optimizer,schedule,normalization,regularization",2026,v1,False
4880,0.23172324895858765,0.1,14,anchor,SGD momentum + WD + constant + BN/b128,"optimizer,schedule,normalization,regularization",2026,v1,False
4900,0.36289459466934204,0.1,14,anchor,SGD momentum + WD + constant + BN/b128,"optimizer,schedule,normalization,regularization",2026,v1,False
4920,0.335628867149353,0.1,14,anchor,SGD momentum + WD + constant + BN/b128,"optimizer,schedule,normalization,regularization",2026,v1,False
4940,0.18848545849323273,0.1,15,anchor,SGD momentum + WD + constant + BN/b128,"optimizer,schedule,normalization,regularization",2026,v1,False
4960,0.08560366928577423,0.1,15,anchor,SGD momentum + WD + constant + BN/b128,"optimizer,schedule,normalization,regularization",2026,v1,False
4980,0.17451709508895874,0.1,15,anchor,SGD momentum + WD + constant + BN/b128,"optimizer,schedule,normalization,regularization",2026,v1,False
5000,0.15843696892261505,0.1,15,anchor,SGD momentum + WD + constant + BN/b128,"optimizer,schedule,normalization,regularization",2026,v1,False
5020,0.17226511240005493,0.1,15,anchor,SGD momentum + WD + constant + BN/b128,"optimizer,schedule,normalization,regularization",2026,v1,False
5040,0.3497503399848938,0.1,15,anchor,SGD momentum + WD + constant + BN/b128,"optimizer,schedule,normalization,regularization",2026,v1,False
5060,0.15877148509025574,0.1,15,anchor,SGD momentum + WD + constant + BN/b128,"optimizer,schedule,normalization,regularization",2026,v1,False
5080,0.2165776640176773,0.1,15,anchor,SGD momentum + WD + constant + BN/b128,"optimizer,schedule,normalization,regularization",2026,v1,False
5100,0.14248795807361603,0.1,15,anchor,SGD momentum + WD + constant + BN/b128,"optimizer,schedule,normalization,regularization",2026,v1,False
5120,0.2522169351577759,0.1,15,anchor,SGD momentum + WD + constant + BN/b128,"optimizer,schedule,normalization,regularization",2026,v1,False
5140,0.13747897744178772,0.1,15,anchor,SGD momentum + WD + constant + BN/b128,"optimizer,schedule,normalization,regularization",2026,v1,False
5160,0.19668209552764893,0.1,15,anchor,SGD momentum + WD + constant + BN/b128,"optimizer,schedule,normalization,regularization",2026,v1,False
5180,0.15424659848213196,0.1,15,anchor,SGD momentum + WD + constant + BN/b128,"optimizer,schedule,normalization,regularization",2026,v1,False
5200,0.2631869614124298,0.1,15,anchor,SGD momentum + WD + constant + BN/b128,"optimizer,schedule,normalization,regularization",2026,v1,False
5220,0.17080062627792358,0.1,15,anchor,SGD momentum + WD + constant + BN/b128,"optimizer,schedule,normalization,regularization",2026,v1,False
5240,0.2250785231590271,0.1,15,anchor,SGD momentum + WD + constant + BN/b128,"optimizer,schedule,normalization,regularization",2026,v1,False
5260,0.2217138707637787,0.1,15,anchor,SGD momentum + WD + constant + BN/b128,"optimizer,schedule,normalization,regularization",2026,v1,False
5280,0.15597644448280334,0.1,16,anchor,SGD momentum + WD + constant + BN/b128,"optimizer,schedule,normalization,regularization",2026,v1,False
5300,0.18565760552883148,0.1,16,anchor,SGD momentum + WD + constant + BN/b128,"optimizer,schedule,normalization,regularization",2026,v1,False
5320,0.0918133407831192,0.1,16,anchor,SGD momentum + WD + constant + BN/b128,"optimizer,schedule,normalization,regularization",2026,v1,False
5340,0.2025899589061737,0.1,16,anchor,SGD momentum + WD + constant + BN/b128,"optimizer,schedule,normalization,regularization",2026,v1,False
5360,0.1393207162618637,0.1,16,anchor,SGD momentum + WD + constant + BN/b128,"optimizer,schedule,normalization,regularization",2026,v1,False
5380,0.1064392477273941,0.1,16,anchor,SGD momentum + WD + constant + BN/b128,"optimizer,schedule,normalization,regularization",2026,v1,False
5400,0.17836731672286987,0.1,16,anchor,SGD momentum + WD + constant + BN/b128,"optimizer,schedule,normalization,regularization",2026,v1,False
5420,0.22461801767349243,0.1,16,anchor,SGD momentum + WD + constant + BN/b128,"optimizer,schedule,normalization,regularization",2026,v1,False
5440,0.19679102301597595,0.1,16,anchor,SGD momentum + WD + constant + BN/b128,"optimizer,schedule,normalization,regularization",2026,v1,False
5460,0.2964320182800293,0.1,16,anchor,SGD momentum + WD + constant + BN/b128,"optimizer,schedule,normalization,regularization",2026,v1,False
5480,0.297945499420166,0.1,16,anchor,SGD momentum + WD + constant + BN/b128,"optimizer,schedule,normalization,regularization",2026,v1,False
5500,0.15500086545944214,0.1,16,anchor,SGD momentum + WD + constant + BN/b128,"optimizer,schedule,normalization,regularization",2026,v1,False
5520,0.21769671142101288,0.1,16,anchor,SGD momentum + WD + constant + BN/b128,"optimizer,schedule,normalization,regularization",2026,v1,False
5540,0.15605202317237854,0.1,16,anchor,SGD momentum + WD + constant + BN/b128,"optimizer,schedule,normalization,regularization",2026,v1,False
5560,0.23410256206989288,0.1,16,anchor,SGD momentum + WD + constant + BN/b128,"optimizer,schedule,normalization,regularization",2026,v1,False
5580,0.22036230564117432,0.1,16,anchor,SGD momentum + WD + constant + BN/b128,"optimizer,schedule,normalization,regularization",2026,v1,False
5600,0.17335328459739685,0.1,16,anchor,SGD momentum + WD + constant + BN/b128,"optimizer,schedule,normalization,regularization",2026,v1,False
5620,0.14756377041339874,0.1,16,anchor,SGD momentum + WD + constant + BN/b128,"optimizer,schedule,normalization,regularization",2026,v1,False
5640,0.16629797220230103,0.1,17,anchor,SGD momentum + WD + constant + BN/b128,"optimizer,schedule,normalization,regularization",2026,v1,False
5660,0.10336357355117798,0.1,17,anchor,SGD momentum + WD + constant + BN/b128,"optimizer,schedule,normalization,regularization",2026,v1,False
5680,0.05535938963294029,0.1,17,anchor,SGD momentum + WD + constant + BN/b128,"optimizer,schedule,normalization,regularization",2026,v1,False
5700,0.17656537890434265,0.1,17,anchor,SGD momentum + WD + constant + BN/b128,"optimizer,schedule,normalization,regularization",2026,v1,False
5720,0.1734093725681305,0.1,17,anchor,SGD momentum + WD + constant + BN/b128,"optimizer,schedule,normalization,regularization",2026,v1,False
5740,0.18205320835113525,0.1,17,anchor,SGD momentum + WD + constant + BN/b128,"optimizer,schedule,normalization,regularization",2026,v1,False
5760,0.09641982614994049,0.1,17,anchor,SGD momentum + WD + constant + BN/b128,"optimizer,schedule,normalization,regularization",2026,v1,False
5780,0.19632285833358765,0.1,17,anchor,SGD momentum + WD + constant + BN/b128,"optimizer,schedule,normalization,regularization",2026,v1,False
5800,0.16141276061534882,0.1,17,anchor,SGD momentum + WD + constant + BN/b128,"optimizer,schedule,normalization,regularization",2026,v1,False
5820,0.29791054129600525,0.1,17,anchor,SGD momentum + WD + constant + BN/b128,"optimizer,schedule,normalization,regularization",2026,v1,False
5840,0.24592027068138123,0.1,17,anchor,SGD momentum + WD + constant + BN/b128,"optimizer,schedule,normalization,regularization",2026,v1,False
5860,0.24537205696105957,0.1,17,anchor,SGD momentum + WD + constant + BN/b128,"optimizer,schedule,normalization,regularization",2026,v1,False
5880,0.18432021141052246,0.1,17,anchor,SGD momentum + WD + constant + BN/b128,"optimizer,schedule,normalization,regularization",2026,v1,False
5900,0.17729154229164124,0.1,17,anchor,SGD momentum + WD + constant + BN/b128,"optimizer,schedule,normalization,regularization",2026,v1,False
5920,0.330796480178833,0.1,17,anchor,SGD momentum + WD + constant + BN/b128,"optimizer,schedule,normalization,regularization",2026,v1,False
5940,0.2014906108379364,0.1,17,anchor,SGD momentum + WD + constant + BN/b128,"optimizer,schedule,normalization,regularization",2026,v1,False
5960,0.14587116241455078,0.1,17,anchor,SGD momentum + WD + constant + BN/b128,"optimizer,schedule,normalization,regularization",2026,v1,False
5980,0.25596174597740173,0.1,17,anchor,SGD momentum + WD + constant + BN/b128,"optimizer,schedule,normalization,regularization",2026,v1,False
6000,0.10770916938781738,0.1,18,anchor,SGD momentum + WD + constant + BN/b128,"optimizer,schedule,normalization,regularization",2026,v1,False
6020,0.15341076254844666,0.1,18,anchor,SGD momentum + WD + constant + BN/b128,"optimizer,schedule,normalization,regularization",2026,v1,False
6040,0.18776991963386536,0.1,18,anchor,SGD momentum + WD + constant + BN/b128,"optimizer,schedule,normalization,regularization",2026,v1,False
6060,0.10598555952310562,0.1,18,anchor,SGD momentum + WD + constant + BN/b128,"optimizer,schedule,normalization,regularization",2026,v1,False
6080,0.07271016389131546,0.1,18,anchor,SGD momentum + WD + constant + BN/b128,"optimizer,schedule,normalization,regularization",2026,v1,False
6100,0.12400785833597183,0.1,18,anchor,SGD momentum + WD + constant + BN/b128,"optimizer,schedule,normalization,regularization",2026,v1,False
6120,0.13905252516269684,0.1,18,anchor,SGD momentum + WD + constant + BN/b128,"optimizer,schedule,normalization,regularization",2026,v1,False
6140,0.13928259909152985,0.1,18,anchor,SGD momentum + WD + constant + BN/b128,"optimizer,schedule,normalization,regularization",2026,v1,False
6160,0.173528790473938,0.1,18,anchor,SGD momentum + WD + constant + BN/b128,"optimizer,schedule,normalization,regularization",2026,v1,False
6180,0.304409921169281,0.1,18,anchor,SGD momentum + WD + constant + BN/b128,"optimizer,schedule,normalization,regularization",2026,v1,False
6200,0.27642977237701416,0.1,18,anchor,SGD momentum + WD + constant + BN/b128,"optimizer,schedule,normalization,regularization",2026,v1,False
6220,0.23466011881828308,0.1,18,anchor,SGD momentum + WD + constant + BN/b128,"optimizer,schedule,normalization,regularization",2026,v1,False
6240,0.14132216572761536,0.1,18,anchor,SGD momentum + WD + constant + BN/b128,"optimizer,schedule,normalization,regularization",2026,v1,False
6260,0.2334837168455124,0.1,18,anchor,SGD momentum + WD + constant + BN/b128,"optimizer,schedule,normalization,regularization",2026,v1,False
6280,0.14814135432243347,0.1,18,anchor,SGD momentum + WD + constant + BN/b128,"optimizer,schedule,normalization,regularization",2026,v1,False
6300,0.1782224178314209,0.1,18,anchor,SGD momentum + WD + constant + BN/b128,"optimizer,schedule,normalization,regularization",2026,v1,False
6320,0.21112209558486938,0.1,18,anchor,SGD momentum + WD + constant + BN/b128,"optimizer,schedule,normalization,regularization",2026,v1,False
6340,0.1801685094833374,0.1,19,anchor,SGD momentum + WD + constant + BN/b128,"optimizer,schedule,normalization,regularization",2026,v1,False
6360,0.06859354674816132,0.1,19,anchor,SGD momentum + WD + constant + BN/b128,"optimizer,schedule,normalization,regularization",2026,v1,False
6380,0.11306639015674591,0.1,19,anchor,SGD momentum + WD + constant + BN/b128,"optimizer,schedule,normalization,regularization",2026,v1,False
6400,0.10320690274238586,0.1,19,anchor,SGD momentum + WD + constant + BN/b128,"optimizer,schedule,normalization,regularization",2026,v1,False
6420,0.11175055801868439,0.1,19,anchor,SGD momentum + WD + constant + BN/b128,"optimizer,schedule,normalization,regularization",2026,v1,False
6440,0.1124354749917984,0.1,19,anchor,SGD momentum + WD + constant + BN/b128,"optimizer,schedule,normalization,regularization",2026,v1,False
6460,0.12204708904027939,0.1,19,anchor,SGD momentum + WD + constant + BN/b128,"optimizer,schedule,normalization,regularization",2026,v1,False
6480,0.14248231053352356,0.1,19,anchor,SGD momentum + WD + constant + BN/b128,"optimizer,schedule,normalization,regularization",2026,v1,False
6500,0.15959270298480988,0.1,19,anchor,SGD momentum + WD + constant + BN/b128,"optimizer,schedule,normalization,regularization",2026,v1,False
6520,0.18304067850112915,0.1,19,anchor,SGD momentum + WD + constant + BN/b128,"optimizer,schedule,normalization,regularization",2026,v1,False
6540,0.21995142102241516,0.1,19,anchor,SGD momentum + WD + constant + BN/b128,"optimizer,schedule,normalization,regularization",2026,v1,False
6560,0.16833457350730896,0.1,19,anchor,SGD momentum + WD + constant + BN/b128,"optimizer,schedule,normalization,regularization",2026,v1,False
6580,0.17181280255317688,0.1,19,anchor,SGD momentum + WD + constant + BN/b128,"optimizer,schedule,normalization,regularization",2026,v1,False
6600,0.09550553560256958,0.1,19,anchor,SGD momentum + WD + constant + BN/b128,"optimizer,schedule,normalization,regularization",2026,v1,False
6620,0.20299503207206726,0.1,19,anchor,SGD momentum + WD + constant + BN/b128,"optimizer,schedule,normalization,regularization",2026,v1,False
6640,0.2820701599121094,0.1,19,anchor,SGD momentum + WD + constant + BN/b128,"optimizer,schedule,normalization,regularization",2026,v1,False
6660,0.1900554597377777,0.1,19,anchor,SGD momentum + WD + constant + BN/b128,"optimizer,schedule,normalization,regularization",2026,v1,False
6680,0.2621723413467407,0.1,19,anchor,SGD momentum + WD + constant + BN/b128,"optimizer,schedule,normalization,regularization",2026,v1,False
6700,0.06606003642082214,0.1,20,anchor,SGD momentum + WD + constant + BN/b128,"optimizer,schedule,normalization,regularization",2026,v1,False
6720,0.06726758927106857,0.1,20,anchor,SGD momentum + WD + constant + BN/b128,"optimizer,schedule,normalization,regularization",2026,v1,False
6740,0.2152293622493744,0.1,20,anchor,SGD momentum + WD + constant + BN/b128,"optimizer,schedule,normalization,regularization",2026,v1,False
6760,0.13785088062286377,0.1,20,anchor,SGD momentum + WD + constant + BN/b128,"optimizer,schedule,normalization,regularization",2026,v1,False
6780,0.10728394240140915,0.1,20,anchor,SGD momentum + WD + constant + BN/b128,"optimizer,schedule,normalization,regularization",2026,v1,False
6800,0.18752017617225647,0.1,20,anchor,SGD momentum + WD + constant + BN/b128,"optimizer,schedule,normalization,regularization",2026,v1,False
6820,0.17013181746006012,0.1,20,anchor,SGD momentum + WD + constant + BN/b128,"optimizer,schedule,normalization,regularization",2026,v1,False
6840,0.1345921754837036,0.1,20,anchor,SGD momentum + WD + constant + BN/b128,"optimizer,schedule,normalization,regularization",2026,v1,False
6860,0.23692026734352112,0.1,20,anchor,SGD momentum + WD + constant + BN/b128,"optimizer,schedule,normalization,regularization",2026,v1,False
6880,0.11378666758537292,0.1,20,anchor,SGD momentum + WD + constant + BN/b128,"optimizer,schedule,normalization,regularization",2026,v1,False
6900,0.09615267813205719,0.1,20,anchor,SGD momentum + WD + constant + BN/b128,"optimizer,schedule,normalization,regularization",2026,v1,False
6920,0.2877785861492157,0.1,20,anchor,SGD momentum + WD + constant + BN/b128,"optimizer,schedule,normalization,regularization",2026,v1,False
6940,0.19828741252422333,0.1,20,anchor,SGD momentum + WD + constant + BN/b128,"optimizer,schedule,normalization,regularization",2026,v1,False
6960,0.27584972977638245,0.1,20,anchor,SGD momentum + WD + constant + BN/b128,"optimizer,schedule,normalization,regularization",2026,v1,False
6980,0.3256012499332428,0.1,20,anchor,SGD momentum + WD + constant + BN/b128,"optimizer,schedule,normalization,regularization",2026,v1,False
7000,0.18377096951007843,0.1,20,anchor,SGD momentum + WD + constant + BN/b128,"optimizer,schedule,normalization,regularization",2026,v1,False
7020,0.2340632677078247,0.1,20,anchor,SGD momentum + WD + constant + BN/b128,"optimizer,schedule,normalization,regularization",2026,v1,False
0,2.5689821243286133,0.1,1,opt_sgd,SGD,optimizer,42,v1,False
20,2.1952576637268066,0.1,1,opt_sgd,SGD,optimizer,42,v1,False
40,2.1021127700805664,0.1,1,opt_sgd,SGD,optimizer,42,v1,False
60,1.856825351715088,0.1,1,opt_sgd,SGD,optimizer,42,v1,False
80,1.9417295455932617,0.1,1,opt_sgd,SGD,optimizer,42,v1,False
100,1.724024772644043,0.1,1,opt_sgd,SGD,optimizer,42,v1,False
120,1.582005500793457,0.1,1,opt_sgd,SGD,optimizer,42,v1,False
140,1.476074457168579,0.1,1,opt_sgd,SGD,optimizer,42,v1,False
160,1.6380538940429688,0.1,1,opt_sgd,SGD,optimizer,42,v1,False
180,1.5006452798843384,0.1,1,opt_sgd,SGD,optimizer,42,v1,False
200,1.5454297065734863,0.1,1,opt_sgd,SGD,optimizer,42,v1,False
220,1.3272985219955444,0.1,1,opt_sgd,SGD,optimizer,42,v1,False
240,1.4370884895324707,0.1,1,opt_sgd,SGD,optimizer,42,v1,False
260,1.283618688583374,0.1,1,opt_sgd,SGD,optimizer,42,v1,False
280,1.3746670484542847,0.1,1,opt_sgd,SGD,optimizer,42,v1,False
300,1.2924957275390625,0.1,1,opt_sgd,SGD,optimizer,42,v1,False
320,1.531780481338501,0.1,1,opt_sgd,SGD,optimizer,42,v1,False
340,1.2210044860839844,0.1,1,opt_sgd,SGD,optimizer,42,v1,False
360,1.4242439270019531,0.1,2,opt_sgd,SGD,optimizer,42,v1,False
380,1.4793970584869385,0.1,2,opt_sgd,SGD,optimizer,42,v1,False
400,1.1542348861694336,0.1,2,opt_sgd,SGD,optimizer,42,v1,False
420,1.3381826877593994,0.1,2,opt_sgd,SGD,optimizer,42,v1,False
440,1.280236005783081,0.1,2,opt_sgd,SGD,optimizer,42,v1,False
460,1.3104195594787598,0.1,2,opt_sgd,SGD,optimizer,42,v1,False
480,1.4007434844970703,0.1,2,opt_sgd,SGD,optimizer,42,v1,False
500,1.0687029361724854,0.1,2,opt_sgd,SGD,optimizer,42,v1,False
520,0.8854959011077881,0.1,2,opt_sgd,SGD,optimizer,42,v1,False
540,1.1213011741638184,0.1,2,opt_sgd,SGD,optimizer,42,v1,False
560,1.2080070972442627,0.1,2,opt_sgd,SGD,optimizer,42,v1,False
580,1.1198283433914185,0.1,2,opt_sgd,SGD,optimizer,42,v1,False
600,1.1684951782226562,0.1,2,opt_sgd,SGD,optimizer,42,v1,False
620,1.1414639949798584,0.1,2,opt_sgd,SGD,optimizer,42,v1,False
640,0.942738950252533,0.1,2,opt_sgd,SGD,optimizer,42,v1,False
660,0.7351818084716797,0.1,2,opt_sgd,SGD,optimizer,42,v1,False
680,1.0978167057037354,0.1,2,opt_sgd,SGD,optimizer,42,v1,False
700,1.1558213233947754,0.1,2,opt_sgd,SGD,optimizer,42,v1,False
720,0.8276442289352417,0.1,3,opt_sgd,SGD,optimizer,42,v1,False
740,0.8490420579910278,0.1,3,opt_sgd,SGD,optimizer,42,v1,False
760,0.9546428918838501,0.1,3,opt_sgd,SGD,optimizer,42,v1,False
780,0.8957016468048096,0.1,3,opt_sgd,SGD,optimizer,42,v1,False
800,0.8510383367538452,0.1,3,opt_sgd,SGD,optimizer,42,v1,False
820,0.9528638124465942,0.1,3,opt_sgd,SGD,optimizer,42,v1,False
840,1.0643715858459473,0.1,3,opt_sgd,SGD,optimizer,42,v1,False
860,0.8045005202293396,0.1,3,opt_sgd,SGD,optimizer,42,v1,False
880,0.9839222431182861,0.1,3,opt_sgd,SGD,optimizer,42,v1,False
900,0.9125178456306458,0.1,3,opt_sgd,SGD,optimizer,42,v1,False
920,0.8092018961906433,0.1,3,opt_sgd,SGD,optimizer,42,v1,False
940,0.9714246988296509,0.1,3,opt_sgd,SGD,optimizer,42,v1,False
960,0.8365087509155273,0.1,3,opt_sgd,SGD,optimizer,42,v1,False
980,0.7730789184570312,0.1,3,opt_sgd,SGD,optimizer,42,v1,False
1000,0.7879309058189392,0.1,3,opt_sgd,SGD,optimizer,42,v1,False
1020,0.7561565637588501,0.1,3,opt_sgd,SGD,optimizer,42,v1,False
1040,0.7550985813140869,0.1,3,opt_sgd,SGD,optimizer,42,v1,False
1060,0.5862481594085693,0.1,4,opt_sgd,SGD,optimizer,42,v1,False
1080,0.6037938594818115,0.1,4,opt_sgd,SGD,optimizer,42,v1,False
1100,0.8692337870597839,0.1,4,opt_sgd,SGD,optimizer,42,v1,False
1120,0.7421321868896484,0.1,4,opt_sgd,SGD,optimizer,42,v1,False
1140,0.6548447608947754,0.1,4,opt_sgd,SGD,optimizer,42,v1,False
1160,0.5573081970214844,0.1,4,opt_sgd,SGD,optimizer,42,v1,False
1180,0.6426871418952942,0.1,4,opt_sgd,SGD,optimizer,42,v1,False
1200,0.6515589952468872,0.1,4,opt_sgd,SGD,optimizer,42,v1,False
1220,0.7592861652374268,0.1,4,opt_sgd,SGD,optimizer,42,v1,False
1240,0.6228387355804443,0.1,4,opt_sgd,SGD,optimizer,42,v1,False
1260,0.49388664960861206,0.1,4,opt_sgd,SGD,optimizer,42,v1,False
1280,0.7030984163284302,0.1,4,opt_sgd,SGD,optimizer,42,v1,False
1300,0.6258223056793213,0.1,4,opt_sgd,SGD,optimizer,42,v1,False
1320,0.5672184824943542,0.1,4,opt_sgd,SGD,optimizer,42,v1,False
1340,0.5838730335235596,0.1,4,opt_sgd,SGD,optimizer,42,v1,False
1360,0.4063483476638794,0.1,4,opt_sgd,SGD,optimizer,42,v1,False
1380,0.7352917790412903,0.1,4,opt_sgd,SGD,optimizer,42,v1,False
1400,0.6058896780014038,0.1,4,opt_sgd,SGD,optimizer,42,v1,False
1420,0.5679348707199097,0.1,5,opt_sgd,SGD,optimizer,42,v1,False
1440,0.48846399784088135,0.1,5,opt_sgd,SGD,optimizer,42,v1,False
1460,0.4104554057121277,0.1,5,opt_sgd,SGD,optimizer,42,v1,False
1480,0.41963329911231995,0.1,5,opt_sgd,SGD,optimizer,42,v1,False
1500,0.43454793095588684,0.1,5,opt_sgd,SGD,optimizer,42,v1,False
1520,0.23346588015556335,0.1,5,opt_sgd,SGD,optimizer,42,v1,False
1540,0.43044596910476685,0.1,5,opt_sgd,SGD,optimizer,42,v1,False
1560,0.4650266766548157,0.1,5,opt_sgd,SGD,optimizer,42,v1,False
1580,0.42993128299713135,0.1,5,opt_sgd,SGD,optimizer,42,v1,False
1600,0.5147299766540527,0.1,5,opt_sgd,SGD,optimizer,42,v1,False
1620,0.616614043712616,0.1,5,opt_sgd,SGD,optimizer,42,v1,False
1640,0.33387288451194763,0.1,5,opt_sgd,SGD,optimizer,42,v1,False
1660,0.5200024247169495,0.1,5,opt_sgd,SGD,optimizer,42,v1,False
1680,0.5700814723968506,0.1,5,opt_sgd,SGD,optimizer,42,v1,False
1700,0.6478764414787292,0.1,5,opt_sgd,SGD,optimizer,42,v1,False
1720,0.40102285146713257,0.1,5,opt_sgd,SGD,optimizer,42,v1,False
1740,0.7448051571846008,0.1,5,opt_sgd,SGD,optimizer,42,v1,False
1760,0.295535683631897,0.1,6,opt_sgd,SGD,optimizer,42,v1,False
1780,0.2526174783706665,0.1,6,opt_sgd,SGD,optimizer,42,v1,False
1800,0.4418700635433197,0.1,6,opt_sgd,SGD,optimizer,42,v1,False
1820,0.33824533224105835,0.1,6,opt_sgd,SGD,optimizer,42,v1,False
1840,0.2403281033039093,0.1,6,opt_sgd,SGD,optimizer,42,v1,False
1860,0.2308231145143509,0.1,6,opt_sgd,SGD,optimizer,42,v1,False
1880,0.3288761079311371,0.1,6,opt_sgd,SGD,optimizer,42,v1,False
1900,0.32614079117774963,0.1,6,opt_sgd,SGD,optimizer,42,v1,False
1920,0.4653896987438202,0.1,6,opt_sgd,SGD,optimizer,42,v1,False
1940,0.5174521207809448,0.1,6,opt_sgd,SGD,optimizer,42,v1,False
1960,0.37370193004608154,0.1,6,opt_sgd,SGD,optimizer,42,v1,False
1980,0.2747083306312561,0.1,6,opt_sgd,SGD,optimizer,42,v1,False
2000,0.32900869846343994,0.1,6,opt_sgd,SGD,optimizer,42,v1,False
2020,0.42477139830589294,0.1,6,opt_sgd,SGD,optimizer,42,v1,False
2040,0.256838858127594,0.1,6,opt_sgd,SGD,optimizer,42,v1,False
2060,0.4068530201911926,0.1,6,opt_sgd,SGD,optimizer,42,v1,False
2080,0.40668535232543945,0.1,6,opt_sgd,SGD,optimizer,42,v1,False
2100,0.540916919708252,0.1,6,opt_sgd,SGD,optimizer,42,v1,False
2120,0.3008127212524414,0.1,7,opt_sgd,SGD,optimizer,42,v1,False
2140,0.10773777216672897,0.1,7,opt_sgd,SGD,optimizer,42,v1,False
2160,0.24940311908721924,0.1,7,opt_sgd,SGD,optimizer,42,v1,False
2180,0.2018284648656845,0.1,7,opt_sgd,SGD,optimizer,42,v1,False
2200,0.14006482064723969,0.1,7,opt_sgd,SGD,optimizer,42,v1,False
2220,0.2032882422208786,0.1,7,opt_sgd,SGD,optimizer,42,v1,False
2240,0.19286373257637024,0.1,7,opt_sgd,SGD,optimizer,42,v1,False
2260,0.2213672250509262,0.1,7,opt_sgd,SGD,optimizer,42,v1,False
2280,0.24215412139892578,0.1,7,opt_sgd,SGD,optimizer,42,v1,False
2300,0.2699202001094818,0.1,7,opt_sgd,SGD,optimizer,42,v1,False
2320,0.34616780281066895,0.1,7,opt_sgd,SGD,optimizer,42,v1,False
2340,0.2310754656791687,0.1,7,opt_sgd,SGD,optimizer,42,v1,False
2360,0.21190522611141205,0.1,7,opt_sgd,SGD,optimizer,42,v1,False
2380,0.2700319290161133,0.1,7,opt_sgd,SGD,optimizer,42,v1,False
2400,0.3458465337753296,0.1,7,opt_sgd,SGD,optimizer,42,v1,False
2420,0.3985150456428528,0.1,7,opt_sgd,SGD,optimizer,42,v1,False
2440,0.24143697321414948,0.1,7,opt_sgd,SGD,optimizer,42,v1,False
2460,0.336290568113327,0.1,7,opt_sgd,SGD,optimizer,42,v1,False
2480,0.14278864860534668,0.1,8,opt_sgd,SGD,optimizer,42,v1,False
2500,0.16891804337501526,0.1,8,opt_sgd,SGD,optimizer,42,v1,False
2520,0.055338066071271896,0.1,8,opt_sgd,SGD,optimizer,42,v1,False
2540,0.12134189903736115,0.1,8,opt_sgd,SGD,optimizer,42,v1,False
2560,0.07553354650735855,0.1,8,opt_sgd,SGD,optimizer,42,v1,False
2580,0.12823501229286194,0.1,8,opt_sgd,SGD,optimizer,42,v1,False
2600,0.0880151018500328,0.1,8,opt_sgd,SGD,optimizer,42,v1,False
2620,0.12443221360445023,0.1,8,opt_sgd,SGD,optimizer,42,v1,False
2640,0.154996857047081,0.1,8,opt_sgd,SGD,optimizer,42,v1,False
2660,0.2554076313972473,0.1,8,opt_sgd,SGD,optimizer,42,v1,False
2680,0.1275644153356552,0.1,8,opt_sgd,SGD,optimizer,42,v1,False
2700,0.229323610663414,0.1,8,opt_sgd,SGD,optimizer,42,v1,False
2720,0.13438616693019867,0.1,8,opt_sgd,SGD,optimizer,42,v1,False
2740,0.10117445886135101,0.1,8,opt_sgd,SGD,optimizer,42,v1,False
2760,0.24240657687187195,0.1,8,opt_sgd,SGD,optimizer,42,v1,False
2780,0.22353176772594452,0.1,8,opt_sgd,SGD,optimizer,42,v1,False
2800,0.14170826971530914,0.1,8,opt_sgd,SGD,optimizer,42,v1,False
2820,0.09631499648094177,0.1,9,opt_sgd,SGD,optimizer,42,v1,False
2840,0.1034526526927948,0.1,9,opt_sgd,SGD,optimizer,42,v1,False
2860,0.06647048890590668,0.1,9,opt_sgd,SGD,optimizer,42,v1,False
2880,0.14213106036186218,0.1,9,opt_sgd,SGD,optimizer,42,v1,False
2900,0.11583572626113892,0.1,9,opt_sgd,SGD,optimizer,42,v1,False
2920,0.12151920795440674,0.1,9,opt_sgd,SGD,optimizer,42,v1,False
2940,0.04026167094707489,0.1,9,opt_sgd,SGD,optimizer,42,v1,False
2960,0.060169193893671036,0.1,9,opt_sgd,SGD,optimizer,42,v1,False
2980,0.12667414546012878,0.1,9,opt_sgd,SGD,optimizer,42,v1,False
3000,0.08090817183256149,0.1,9,opt_sgd,SGD,optimizer,42,v1,False
3020,0.1268019676208496,0.1,9,opt_sgd,SGD,optimizer,42,v1,False
3040,0.07140619307756424,0.1,9,opt_sgd,SGD,optimizer,42,v1,False
3060,0.09992651641368866,0.1,9,opt_sgd,SGD,optimizer,42,v1,False
3080,0.12571698427200317,0.1,9,opt_sgd,SGD,optimizer,42,v1,False
3100,0.17542997002601624,0.1,9,opt_sgd,SGD,optimizer,42,v1,False
3120,0.12235435843467712,0.1,9,opt_sgd,SGD,optimizer,42,v1,False
3140,0.10989649593830109,0.1,9,opt_sgd,SGD,optimizer,42,v1,False
3160,0.15829770267009735,0.1,9,opt_sgd,SGD,optimizer,42,v1,False
3180,0.07688932865858078,0.1,10,opt_sgd,SGD,optimizer,42,v1,False
3200,0.04276541247963905,0.1,10,opt_sgd,SGD,optimizer,42,v1,False
3220,0.037646010518074036,0.1,10,opt_sgd,SGD,optimizer,42,v1,False
3240,0.059455499053001404,0.1,10,opt_sgd,SGD,optimizer,42,v1,False
3260,0.07787255942821503,0.1,10,opt_sgd,SGD,optimizer,42,v1,False
3280,0.055377598851919174,0.1,10,opt_sgd,SGD,optimizer,42,v1,False
3300,0.05434137582778931,0.1,10,opt_sgd,SGD,optimizer,42,v1,False
3320,0.036279499530792236,0.1,10,opt_sgd,SGD,optimizer,42,v1,False
3340,0.05771306902170181,0.1,10,opt_sgd,SGD,optimizer,42,v1,False
3360,0.11363480985164642,0.1,10,opt_sgd,SGD,optimizer,42,v1,False
3380,0.0766955018043518,0.1,10,opt_sgd,SGD,optimizer,42,v1,False
3400,0.10274376720190048,0.1,10,opt_sgd,SGD,optimizer,42,v1,False
3420,0.13361582159996033,0.1,10,opt_sgd,SGD,optimizer,42,v1,False
3440,0.057693831622600555,0.1,10,opt_sgd,SGD,optimizer,42,v1,False
3460,0.08666010200977325,0.1,10,opt_sgd,SGD,optimizer,42,v1,False
3480,0.10031840950250626,0.1,10,opt_sgd,SGD,optimizer,42,v1,False
3500,0.08890943974256516,0.1,10,opt_sgd,SGD,optimizer,42,v1,False
3520,0.17564386129379272,0.1,11,opt_sgd,SGD,optimizer,42,v1,False
3540,0.08822618424892426,0.1,11,opt_sgd,SGD,optimizer,42,v1,False
3560,0.07599260658025742,0.1,11,opt_sgd,SGD,optimizer,42,v1,False
3580,0.0472002737224102,0.1,11,opt_sgd,SGD,optimizer,42,v1,False
3600,0.021305255591869354,0.1,11,opt_sgd,SGD,optimizer,42,v1,False
3620,0.03414174169301987,0.1,11,opt_sgd,SGD,optimizer,42,v1,False
3640,0.03694406896829605,0.1,11,opt_sgd,SGD,optimizer,42,v1,False
3660,0.03496450185775757,0.1,11,opt_sgd,SGD,optimizer,42,v1,False
3680,0.05866621062159538,0.1,11,opt_sgd,SGD,optimizer,42,v1,False
3700,0.03613738343119621,0.1,11,opt_sgd,SGD,optimizer,42,v1,False
3720,0.05217428505420685,0.1,11,opt_sgd,SGD,optimizer,42,v1,False
3740,0.057266149669885635,0.1,11,opt_sgd,SGD,optimizer,42,v1,False
3760,0.042140714824199677,0.1,11,opt_sgd,SGD,optimizer,42,v1,False
3780,0.09142322838306427,0.1,11,opt_sgd,SGD,optimizer,42,v1,False
3800,0.08587940037250519,0.1,11,opt_sgd,SGD,optimizer,42,v1,False
3820,0.09508167207241058,0.1,11,opt_sgd,SGD,optimizer,42,v1,False
3840,0.08248091489076614,0.1,11,opt_sgd,SGD,optimizer,42,v1,False
3860,0.14698061347007751,0.1,11,opt_sgd,SGD,optimizer,42,v1,False
3880,0.04500041902065277,0.1,12,opt_sgd,SGD,optimizer,42,v1,False
3900,0.03456124663352966,0.1,12,opt_sgd,SGD,optimizer,42,v1,False
3920,0.021563159301877022,0.1,12,opt_sgd,SGD,optimizer,42,v1,False
3940,0.027970299124717712,0.1,12,opt_sgd,SGD,optimizer,42,v1,False
3960,0.05258598178625107,0.1,12,opt_sgd,SGD,optimizer,42,v1,False
3980,0.049066636711359024,0.1,12,opt_sgd,SGD,optimizer,42,v1,False
4000,0.06769745796918869,0.1,12,opt_sgd,SGD,optimizer,42,v1,False
4020,0.06903154402971268,0.1,12,opt_sgd,SGD,optimizer,42,v1,False
4040,0.03206384927034378,0.1,12,opt_sgd,SGD,optimizer,42,v1,False
4060,0.06283799558877945,0.1,12,opt_sgd,SGD,optimizer,42,v1,False
4080,0.02661859057843685,0.1,12,opt_sgd,SGD,optimizer,42,v1,False
4100,0.03964696824550629,0.1,12,opt_sgd,SGD,optimizer,42,v1,False
4120,0.05465902388095856,0.1,12,opt_sgd,SGD,optimizer,42,v1,False
4140,0.05046653747558594,0.1,12,opt_sgd,SGD,optimizer,42,v1,False
4160,0.06986689567565918,0.1,12,opt_sgd,SGD,optimizer,42,v1,False
4180,0.12290476262569427,0.1,12,opt_sgd,SGD,optimizer,42,v1,False
4200,0.03559437394142151,0.1,12,opt_sgd,SGD,optimizer,42,v1,False
4220,0.0711870938539505,0.1,12,opt_sgd,SGD,optimizer,42,v1,False
4240,0.023807348683476448,0.1,13,opt_sgd,SGD,optimizer,42,v1,False
4260,0.054332733154296875,0.1,13,opt_sgd,SGD,optimizer,42,v1,False
4280,0.018863467499613762,0.1,13,opt_sgd,SGD,optimizer,42,v1,False
4300,0.058955591171979904,0.1,13,opt_sgd,SGD,optimizer,42,v1,False
4320,0.04594467580318451,0.1,13,opt_sgd,SGD,optimizer,42,v1,False
4340,0.014697277918457985,0.1,13,opt_sgd,SGD,optimizer,42,v1,False
4360,0.013997347094118595,0.1,13,opt_sgd,SGD,optimizer,42,v1,False
4380,0.06985151022672653,0.1,13,opt_sgd,SGD,optimizer,42,v1,False
4400,0.06737542152404785,0.1,13,opt_sgd,SGD,optimizer,42,v1,False
4420,0.07069788873195648,0.1,13,opt_sgd,SGD,optimizer,42,v1,False
4440,0.03445698693394661,0.1,13,opt_sgd,SGD,optimizer,42,v1,False
4460,0.042642030864953995,0.1,13,opt_sgd,SGD,optimizer,42,v1,False
4480,0.05271625146269798,0.1,13,opt_sgd,SGD,optimizer,42,v1,False
4500,0.03143681213259697,0.1,13,opt_sgd,SGD,optimizer,42,v1,False
4520,0.028886381536722183,0.1,13,opt_sgd,SGD,optimizer,42,v1,False
4540,0.1321774423122406,0.1,13,opt_sgd,SGD,optimizer,42,v1,False
4560,0.09505757689476013,0.1,13,opt_sgd,SGD,optimizer,42,v1,False
4580,0.08843745291233063,0.1,14,opt_sgd,SGD,optimizer,42,v1,False
4600,0.06342320144176483,0.1,14,opt_sgd,SGD,optimizer,42,v1,False
4620,0.04490014165639877,0.1,14,opt_sgd,SGD,optimizer,42,v1,False
4640,0.012595157139003277,0.1,14,opt_sgd,SGD,optimizer,42,v1,False
4660,0.01877606101334095,0.1,14,opt_sgd,SGD,optimizer,42,v1,False
4680,0.025719746947288513,0.1,14,opt_sgd,SGD,optimizer,42,v1,False
4700,0.023509183898568153,0.1,14,opt_sgd,SGD,optimizer,42,v1,False
4720,0.02550320513546467,0.1,14,opt_sgd,SGD,optimizer,42,v1,False
4740,0.07845870405435562,0.1,14,opt_sgd,SGD,optimizer,42,v1,False
4760,0.0704234316945076,0.1,14,opt_sgd,SGD,optimizer,42,v1,False
4780,0.022664116695523262,0.1,14,opt_sgd,SGD,optimizer,42,v1,False
4800,0.018544070422649384,0.1,14,opt_sgd,SGD,optimizer,42,v1,False
4820,0.09339044988155365,0.1,14,opt_sgd,SGD,optimizer,42,v1,False
4840,0.042858850210905075,0.1,14,opt_sgd,SGD,optimizer,42,v1,False
4860,0.07405798137187958,0.1,14,opt_sgd,SGD,optimizer,42,v1,False
4880,0.09711761772632599,0.1,14,opt_sgd,SGD,optimizer,42,v1,False
4900,0.05949269235134125,0.1,14,opt_sgd,SGD,optimizer,42,v1,False
4920,0.07847369462251663,0.1,14,opt_sgd,SGD,optimizer,42,v1,False
4940,0.0290933046489954,0.1,15,opt_sgd,SGD,optimizer,42,v1,False
4960,0.0719146877527237,0.1,15,opt_sgd,SGD,optimizer,42,v1,False
4980,0.005188529379665852,0.1,15,opt_sgd,SGD,optimizer,42,v1,False
5000,0.04360324889421463,0.1,15,opt_sgd,SGD,optimizer,42,v1,False
5020,0.02561321295797825,0.1,15,opt_sgd,SGD,optimizer,42,v1,False
5040,0.03677092865109444,0.1,15,opt_sgd,SGD,optimizer,42,v1,False
5060,0.023664530366659164,0.1,15,opt_sgd,SGD,optimizer,42,v1,False
5080,0.049481071531772614,0.1,15,opt_sgd,SGD,optimizer,42,v1,False
5100,0.04012618213891983,0.1,15,opt_sgd,SGD,optimizer,42,v1,False
5120,0.031567420810461044,0.1,15,opt_sgd,SGD,optimizer,42,v1,False
5140,0.06142663210630417,0.1,15,opt_sgd,SGD,optimizer,42,v1,False
5160,0.041584283113479614,0.1,15,opt_sgd,SGD,optimizer,42,v1,False
5180,0.040027763694524765,0.1,15,opt_sgd,SGD,optimizer,42,v1,False
5200,0.07793812453746796,0.1,15,opt_sgd,SGD,optimizer,42,v1,False
5220,0.023625284433364868,0.1,15,opt_sgd,SGD,optimizer,42,v1,False
5240,0.05611146613955498,0.1,15,opt_sgd,SGD,optimizer,42,v1,False
5260,0.05450810492038727,0.1,15,opt_sgd,SGD,optimizer,42,v1,False
5280,0.017854293808341026,0.1,16,opt_sgd,SGD,optimizer,42,v1,False
5300,0.03826543688774109,0.1,16,opt_sgd,SGD,optimizer,42,v1,False
5320,0.03162845969200134,0.1,16,opt_sgd,SGD,optimizer,42,v1,False
5340,0.07065363973379135,0.1,16,opt_sgd,SGD,optimizer,42,v1,False
5360,0.04202757775783539,0.1,16,opt_sgd,SGD,optimizer,42,v1,False
5380,0.018941929563879967,0.1,16,opt_sgd,SGD,optimizer,42,v1,False
5400,0.03282525762915611,0.1,16,opt_sgd,SGD,optimizer,42,v1,False
5420,0.041553795337677,0.1,16,opt_sgd,SGD,optimizer,42,v1,False
5440,0.0550181120634079,0.1,16,opt_sgd,SGD,optimizer,42,v1,False
5460,0.05414344370365143,0.1,16,opt_sgd,SGD,optimizer,42,v1,False
5480,0.04046180099248886,0.1,16,opt_sgd,SGD,optimizer,42,v1,False
5500,0.06981658190488815,0.1,16,opt_sgd,SGD,optimizer,42,v1,False
5520,0.022426938638091087,0.1,16,opt_sgd,SGD,optimizer,42,v1,False
5540,0.04416561871767044,0.1,16,opt_sgd,SGD,optimizer,42,v1,False
5560,0.08425869047641754,0.1,16,opt_sgd,SGD,optimizer,42,v1,False
5580,0.04902739077806473,0.1,16,opt_sgd,SGD,optimizer,42,v1,False
5600,0.13988611102104187,0.1,16,opt_sgd,SGD,optimizer,42,v1,False
5620,0.07621734589338303,0.1,16,opt_sgd,SGD,optimizer,42,v1,False
5640,0.04625948891043663,0.1,17,opt_sgd,SGD,optimizer,42,v1,False
5660,0.014093023724853992,0.1,17,opt_sgd,SGD,optimizer,42,v1,False
5680,0.04266040027141571,0.1,17,opt_sgd,SGD,optimizer,42,v1,False
5700,0.0072155604138970375,0.1,17,opt_sgd,SGD,optimizer,42,v1,False
5720,0.04225989803671837,0.1,17,opt_sgd,SGD,optimizer,42,v1,False
5740,0.02762998454272747,0.1,17,opt_sgd,SGD,optimizer,42,v1,False
5760,0.024571632966399193,0.1,17,opt_sgd,SGD,optimizer,42,v1,False
5780,0.015474985353648663,0.1,17,opt_sgd,SGD,optimizer,42,v1,False
5800,0.06643541902303696,0.1,17,opt_sgd,SGD,optimizer,42,v1,False
5820,0.021394211798906326,0.1,17,opt_sgd,SGD,optimizer,42,v1,False
5840,0.04783310368657112,0.1,17,opt_sgd,SGD,optimizer,42,v1,False
5860,0.04585496708750725,0.1,17,opt_sgd,SGD,optimizer,42,v1,False
5880,0.12726590037345886,0.1,17,opt_sgd,SGD,optimizer,42,v1,False
5900,0.10054363310337067,0.1,17,opt_sgd,SGD,optimizer,42,v1,False
5920,0.06871984899044037,0.1,17,opt_sgd,SGD,optimizer,42,v1,False
5940,0.029452990740537643,0.1,17,opt_sgd,SGD,optimizer,42,v1,False
5960,0.016198690980672836,0.1,17,opt_sgd,SGD,optimizer,42,v1,False
5980,0.034170929342508316,0.1,17,opt_sgd,SGD,optimizer,42,v1,False
6000,0.024198012426495552,0.1,18,opt_sgd,SGD,optimizer,42,v1,False
6020,0.007689026650041342,0.1,18,opt_sgd,SGD,optimizer,42,v1,False
6040,0.010489669628441334,0.1,18,opt_sgd,SGD,optimizer,42,v1,False
6060,0.026589203625917435,0.1,18,opt_sgd,SGD,optimizer,42,v1,False
6080,0.0367489792406559,0.1,18,opt_sgd,SGD,optimizer,42,v1,False
6100,0.036329351365566254,0.1,18,opt_sgd,SGD,optimizer,42,v1,False
6120,0.020268810912966728,0.1,18,opt_sgd,SGD,optimizer,42,v1,False
6140,0.025285251438617706,0.1,18,opt_sgd,SGD,optimizer,42,v1,False
6160,0.07368506491184235,0.1,18,opt_sgd,SGD,optimizer,42,v1,False
6180,0.026373794302344322,0.1,18,opt_sgd,SGD,optimizer,42,v1,False
6200,0.022264856845140457,0.1,18,opt_sgd,SGD,optimizer,42,v1,False
6220,0.02841581217944622,0.1,18,opt_sgd,SGD,optimizer,42,v1,False
6240,0.08513661473989487,0.1,18,opt_sgd,SGD,optimizer,42,v1,False
6260,0.03419077768921852,0.1,18,opt_sgd,SGD,optimizer,42,v1,False
6280,0.049734264612197876,0.1,18,opt_sgd,SGD,optimizer,42,v1,False
6300,0.044639620929956436,0.1,18,opt_sgd,SGD,optimizer,42,v1,False
6320,0.046263229101896286,0.1,18,opt_sgd,SGD,optimizer,42,v1,False
6340,0.035219814628362656,0.1,19,opt_sgd,SGD,optimizer,42,v1,False
6360,0.025982920080423355,0.1,19,opt_sgd,SGD,optimizer,42,v1,False
6380,0.02329188957810402,0.1,19,opt_sgd,SGD,optimizer,42,v1,False
6400,0.057637929916381836,0.1,19,opt_sgd,SGD,optimizer,42,v1,False
6420,0.04398491978645325,0.1,19,opt_sgd,SGD,optimizer,42,v1,False
6440,0.016486868262290955,0.1,19,opt_sgd,SGD,optimizer,42,v1,False
6460,0.007878519594669342,0.1,19,opt_sgd,SGD,optimizer,42,v1,False
6480,0.028712371364235878,0.1,19,opt_sgd,SGD,optimizer,42,v1,False
6500,0.03106047585606575,0.1,19,opt_sgd,SGD,optimizer,42,v1,False
6520,0.02544313669204712,0.1,19,opt_sgd,SGD,optimizer,42,v1,False
6540,0.031143363565206528,0.1,19,opt_sgd,SGD,optimizer,42,v1,False
6560,0.022406471893191338,0.1,19,opt_sgd,SGD,optimizer,42,v1,False
6580,0.03512312471866608,0.1,19,opt_sgd,SGD,optimizer,42,v1,False
6600,0.03238120675086975,0.1,19,opt_sgd,SGD,optimizer,42,v1,False
6620,0.01503080315887928,0.1,19,opt_sgd,SGD,optimizer,42,v1,False
6640,0.09386199712753296,0.1,19,opt_sgd,SGD,optimizer,42,v1,False
6660,0.016186101362109184,0.1,19,opt_sgd,SGD,optimizer,42,v1,False
6680,0.0629790872335434,0.1,19,opt_sgd,SGD,optimizer,42,v1,False
6700,0.08035475015640259,0.1,20,opt_sgd,SGD,optimizer,42,v1,False
6720,0.04935756325721741,0.1,20,opt_sgd,SGD,optimizer,42,v1,False
6740,0.007390898652374744,0.1,20,opt_sgd,SGD,optimizer,42,v1,False
6760,0.04174429550766945,0.1,20,opt_sgd,SGD,optimizer,42,v1,False
6780,0.013792591169476509,0.1,20,opt_sgd,SGD,optimizer,42,v1,False
6800,0.049465782940387726,0.1,20,opt_sgd,SGD,optimizer,42,v1,False
6820,0.03353622555732727,0.1,20,opt_sgd,SGD,optimizer,42,v1,False
6840,0.02836223691701889,0.1,20,opt_sgd,SGD,optimizer,42,v1,False
6860,0.019754230976104736,0.1,20,opt_sgd,SGD,optimizer,42,v1,False
6880,0.024809645488858223,0.1,20,opt_sgd,SGD,optimizer,42,v1,False
6900,0.030228111892938614,0.1,20,opt_sgd,SGD,optimizer,42,v1,False
6920,0.013772297650575638,0.1,20,opt_sgd,SGD,optimizer,42,v1,False
6940,0.012109854258596897,0.1,20,opt_sgd,SGD,optimizer,42,v1,False
6960,0.0248742513358593,0.1,20,opt_sgd,SGD,optimizer,42,v1,False
6980,0.028651131317019463,0.1,20,opt_sgd,SGD,optimizer,42,v1,False
7000,0.07283379137516022,0.1,20,opt_sgd,SGD,optimizer,42,v1,False
7020,0.04823032766580582,0.1,20,opt_sgd,SGD,optimizer,42,v1,False
0,2.3491640090942383,0.1,1,opt_sgd,SGD,optimizer,2026,v1,False
20,2.8434081077575684,0.1,1,opt_sgd,SGD,optimizer,2026,v1,False
40,2.1362264156341553,0.1,1,opt_sgd,SGD,optimizer,2026,v1,False
60,1.8712711334228516,0.1,1,opt_sgd,SGD,optimizer,2026,v1,False
80,1.877990961074829,0.1,1,opt_sgd,SGD,optimizer,2026,v1,False
100,1.7130581140518188,0.1,1,opt_sgd,SGD,optimizer,2026,v1,False
120,1.583106279373169,0.1,1,opt_sgd,SGD,optimizer,2026,v1,False
140,1.7945845127105713,0.1,1,opt_sgd,SGD,optimizer,2026,v1,False
160,1.792003870010376,0.1,1,opt_sgd,SGD,optimizer,2026,v1,False
180,1.6491131782531738,0.1,1,opt_sgd,SGD,optimizer,2026,v1,False
200,1.3803949356079102,0.1,1,opt_sgd,SGD,optimizer,2026,v1,False
220,1.459680199623108,0.1,1,opt_sgd,SGD,optimizer,2026,v1,False
240,1.6144294738769531,0.1,1,opt_sgd,SGD,optimizer,2026,v1,False
260,1.4887216091156006,0.1,1,opt_sgd,SGD,optimizer,2026,v1,False
280,1.3189024925231934,0.1,1,opt_sgd,SGD,optimizer,2026,v1,False
300,1.5257952213287354,0.1,1,opt_sgd,SGD,optimizer,2026,v1,False
320,1.4254717826843262,0.1,1,opt_sgd,SGD,optimizer,2026,v1,False
340,1.354319453239441,0.1,1,opt_sgd,SGD,optimizer,2026,v1,False
360,1.2378993034362793,0.1,2,opt_sgd,SGD,optimizer,2026,v1,False
380,1.167694330215454,0.1,2,opt_sgd,SGD,optimizer,2026,v1,False
400,1.2617570161819458,0.1,2,opt_sgd,SGD,optimizer,2026,v1,False
420,1.2690324783325195,0.1,2,opt_sgd,SGD,optimizer,2026,v1,False
440,1.2643309831619263,0.1,2,opt_sgd,SGD,optimizer,2026,v1,False
460,1.3565199375152588,0.1,2,opt_sgd,SGD,optimizer,2026,v1,False
480,1.1770522594451904,0.1,2,opt_sgd,SGD,optimizer,2026,v1,False
500,1.1509878635406494,0.1,2,opt_sgd,SGD,optimizer,2026,v1,False
520,1.159142017364502,0.1,2,opt_sgd,SGD,optimizer,2026,v1,False
540,1.325167179107666,0.1,2,opt_sgd,SGD,optimizer,2026,v1,False
560,1.2954118251800537,0.1,2,opt_sgd,SGD,optimizer,2026,v1,False
580,1.040726900100708,0.1,2,opt_sgd,SGD,optimizer,2026,v1,False
600,1.1450421810150146,0.1,2,opt_sgd,SGD,optimizer,2026,v1,False
620,1.0475549697875977,0.1,2,opt_sgd,SGD,optimizer,2026,v1,False
640,1.0082426071166992,0.1,2,opt_sgd,SGD,optimizer,2026,v1,False
660,0.9394919872283936,0.1,2,opt_sgd,SGD,optimizer,2026,v1,False
680,0.8322219848632812,0.1,2,opt_sgd,SGD,optimizer,2026,v1,False
700,0.9783494472503662,0.1,2,opt_sgd,SGD,optimizer,2026,v1,False
720,0.8592796921730042,0.1,3,opt_sgd,SGD,optimizer,2026,v1,False
740,0.795624852180481,0.1,3,opt_sgd,SGD,optimizer,2026,v1,False
760,0.7024415135383606,0.1,3,opt_sgd,SGD,optimizer,2026,v1,False
780,0.8982435464859009,0.1,3,opt_sgd,SGD,optimizer,2026,v1,False
800,0.7953470945358276,0.1,3,opt_sgd,SGD,optimizer,2026,v1,False
820,0.9649310111999512,0.1,3,opt_sgd,SGD,optimizer,2026,v1,False
840,0.96937096118927,0.1,3,opt_sgd,SGD,optimizer,2026,v1,False
860,0.9149538278579712,0.1,3,opt_sgd,SGD,optimizer,2026,v1,False
880,1.0093437433242798,0.1,3,opt_sgd,SGD,optimizer,2026,v1,False
900,0.9425367116928101,0.1,3,opt_sgd,SGD,optimizer,2026,v1,False
920,0.6287485361099243,0.1,3,opt_sgd,SGD,optimizer,2026,v1,False
940,0.8749592900276184,0.1,3,opt_sgd,SGD,optimizer,2026,v1,False
960,0.8015401363372803,0.1,3,opt_sgd,SGD,optimizer,2026,v1,False
980,0.8684265613555908,0.1,3,opt_sgd,SGD,optimizer,2026,v1,False
1000,0.9338115453720093,0.1,3,opt_sgd,SGD,optimizer,2026,v1,False
1020,0.9381661415100098,0.1,3,opt_sgd,SGD,optimizer,2026,v1,False
1040,0.6820765733718872,0.1,3,opt_sgd,SGD,optimizer,2026,v1,False
1060,0.48303037881851196,0.1,4,opt_sgd,SGD,optimizer,2026,v1,False
1080,0.49185699224472046,0.1,4,opt_sgd,SGD,optimizer,2026,v1,False
1100,0.7525227069854736,0.1,4,opt_sgd,SGD,optimizer,2026,v1,False
1120,0.5919485688209534,0.1,4,opt_sgd,SGD,optimizer,2026,v1,False
1140,0.7134130001068115,0.1,4,opt_sgd,SGD,optimizer,2026,v1,False
1160,0.7217833995819092,0.1,4,opt_sgd,SGD,optimizer,2026,v1,False
1180,0.6850165724754333,0.1,4,opt_sgd,SGD,optimizer,2026,v1,False
1200,0.5344364643096924,0.1,4,opt_sgd,SGD,optimizer,2026,v1,False
1220,0.7105425596237183,0.1,4,opt_sgd,SGD,optimizer,2026,v1,False
1240,0.6023134589195251,0.1,4,opt_sgd,SGD,optimizer,2026,v1,False
1260,0.5960239171981812,0.1,4,opt_sgd,SGD,optimizer,2026,v1,False
1280,0.5743268132209778,0.1,4,opt_sgd,SGD,optimizer,2026,v1,False
1300,0.5169705152511597,0.1,4,opt_sgd,SGD,optimizer,2026,v1,False
1320,0.5459144711494446,0.1,4,opt_sgd,SGD,optimizer,2026,v1,False
1340,0.7102173566818237,0.1,4,opt_sgd,SGD,optimizer,2026,v1,False
1360,0.6404804587364197,0.1,4,opt_sgd,SGD,optimizer,2026,v1,False
1380,0.4153391718864441,0.1,4,opt_sgd,SGD,optimizer,2026,v1,False
1400,0.6246163845062256,0.1,4,opt_sgd,SGD,optimizer,2026,v1,False
1420,0.44149813055992126,0.1,5,opt_sgd,SGD,optimizer,2026,v1,False
1440,0.5426238775253296,0.1,5,opt_sgd,SGD,optimizer,2026,v1,False
1460,0.42970991134643555,0.1,5,opt_sgd,SGD,optimizer,2026,v1,False
1480,0.40954744815826416,0.1,5,opt_sgd,SGD,optimizer,2026,v1,False
1500,0.5039483308792114,0.1,5,opt_sgd,SGD,optimizer,2026,v1,False
1520,0.48302382230758667,0.1,5,opt_sgd,SGD,optimizer,2026,v1,False
1540,0.39584603905677795,0.1,5,opt_sgd,SGD,optimizer,2026,v1,False
1560,0.5769830942153931,0.1,5,opt_sgd,SGD,optimizer,2026,v1,False
1580,0.47678297758102417,0.1,5,opt_sgd,SGD,optimizer,2026,v1,False
1600,0.46473798155784607,0.1,5,opt_sgd,SGD,optimizer,2026,v1,False
1620,0.36736375093460083,0.1,5,opt_sgd,SGD,optimizer,2026,v1,False
1640,0.5613859295845032,0.1,5,opt_sgd,SGD,optimizer,2026,v1,False
1660,0.4455815553665161,0.1,5,opt_sgd,SGD,optimizer,2026,v1,False
1680,0.3756587505340576,0.1,5,opt_sgd,SGD,optimizer,2026,v1,False
1700,0.45354270935058594,0.1,5,opt_sgd,SGD,optimizer,2026,v1,False
1720,0.4518607258796692,0.1,5,opt_sgd,SGD,optimizer,2026,v1,False
1740,0.46786996722221375,0.1,5,opt_sgd,SGD,optimizer,2026,v1,False
1760,0.7203216552734375,0.1,6,opt_sgd,SGD,optimizer,2026,v1,False
1780,0.19606000185012817,0.1,6,opt_sgd,SGD,optimizer,2026,v1,False
1800,0.3282780945301056,0.1,6,opt_sgd,SGD,optimizer,2026,v1,False
1820,0.2662060260772705,0.1,6,opt_sgd,SGD,optimizer,2026,v1,False
1840,0.23620250821113586,0.1,6,opt_sgd,SGD,optimizer,2026,v1,False
1860,0.34731489419937134,0.1,6,opt_sgd,SGD,optimizer,2026,v1,False
1880,0.16879865527153015,0.1,6,opt_sgd,SGD,optimizer,2026,v1,False
1900,0.322368323802948,0.1,6,opt_sgd,SGD,optimizer,2026,v1,False
1920,0.22499172389507294,0.1,6,opt_sgd,SGD,optimizer,2026,v1,False
1940,0.3432850241661072,0.1,6,opt_sgd,SGD,optimizer,2026,v1,False
1960,0.4080319404602051,0.1,6,opt_sgd,SGD,optimizer,2026,v1,False
1980,0.2296074628829956,0.1,6,opt_sgd,SGD,optimizer,2026,v1,False
2000,0.41407454013824463,0.1,6,opt_sgd,SGD,optimizer,2026,v1,False
2020,0.2970794439315796,0.1,6,opt_sgd,SGD,optimizer,2026,v1,False
2040,0.2545835077762604,0.1,6,opt_sgd,SGD,optimizer,2026,v1,False
2060,0.33413660526275635,0.1,6,opt_sgd,SGD,optimizer,2026,v1,False
2080,0.2890995740890503,0.1,6,opt_sgd,SGD,optimizer,2026,v1,False
2100,0.3206440210342407,0.1,6,opt_sgd,SGD,optimizer,2026,v1,False
2120,0.25819161534309387,0.1,7,opt_sgd,SGD,optimizer,2026,v1,False
2140,0.2383560985326767,0.1,7,opt_sgd,SGD,optimizer,2026,v1,False
2160,0.14295165240764618,0.1,7,opt_sgd,SGD,optimizer,2026,v1,False
2180,0.2579912543296814,0.1,7,opt_sgd,SGD,optimizer,2026,v1,False
2200,0.20033475756645203,0.1,7,opt_sgd,SGD,optimizer,2026,v1,False
2220,0.22813038527965546,0.1,7,opt_sgd,SGD,optimizer,2026,v1,False
2240,0.2677304148674011,0.1,7,opt_sgd,SGD,optimizer,2026,v1,False
2260,0.19972115755081177,0.1,7,opt_sgd,SGD,optimizer,2026,v1,False
2280,0.09933269768953323,0.1,7,opt_sgd,SGD,optimizer,2026,v1,False
2300,0.23568037152290344,0.1,7,opt_sgd,SGD,optimizer,2026,v1,False
2320,0.20556488633155823,0.1,7,opt_sgd,SGD,optimizer,2026,v1,False
2340,0.19327378273010254,0.1,7,opt_sgd,SGD,optimizer,2026,v1,False
2360,0.25307536125183105,0.1,7,opt_sgd,SGD,optimizer,2026,v1,False
2380,0.2049976885318756,0.1,7,opt_sgd,SGD,optimizer,2026,v1,False
2400,0.2597442865371704,0.1,7,opt_sgd,SGD,optimizer,2026,v1,False
2420,0.33098432421684265,0.1,7,opt_sgd,SGD,optimizer,2026,v1,False
2440,0.43537193536758423,0.1,7,opt_sgd,SGD,optimizer,2026,v1,False
2460,0.19409924745559692,0.1,7,opt_sgd,SGD,optimizer,2026,v1,False
2480,0.05294591933488846,0.1,8,opt_sgd,SGD,optimizer,2026,v1,False
2500,0.0887652337551117,0.1,8,opt_sgd,SGD,optimizer,2026,v1,False
2520,0.08170761168003082,0.1,8,opt_sgd,SGD,optimizer,2026,v1,False
2540,0.13302293419837952,0.1,8,opt_sgd,SGD,optimizer,2026,v1,False
2560,0.12349988520145416,0.1,8,opt_sgd,SGD,optimizer,2026,v1,False
2580,0.11628501862287521,0.1,8,opt_sgd,SGD,optimizer,2026,v1,False
2600,0.057378895580768585,0.1,8,opt_sgd,SGD,optimizer,2026,v1,False
2620,0.0728154256939888,0.1,8,opt_sgd,SGD,optimizer,2026,v1,False
2640,0.08954260498285294,0.1,8,opt_sgd,SGD,optimizer,2026,v1,False
2660,0.0972791537642479,0.1,8,opt_sgd,SGD,optimizer,2026,v1,False
2680,0.2396984100341797,0.1,8,opt_sgd,SGD,optimizer,2026,v1,False
2700,0.14350855350494385,0.1,8,opt_sgd,SGD,optimizer,2026,v1,False
2720,0.1599716991186142,0.1,8,opt_sgd,SGD,optimizer,2026,v1,False
2740,0.22802594304084778,0.1,8,opt_sgd,SGD,optimizer,2026,v1,False
2760,0.13616019487380981,0.1,8,opt_sgd,SGD,optimizer,2026,v1,False
2780,0.256995290517807,0.1,8,opt_sgd,SGD,optimizer,2026,v1,False
2800,0.195810467004776,0.1,8,opt_sgd,SGD,optimizer,2026,v1,False
2820,0.08118033409118652,0.1,9,opt_sgd,SGD,optimizer,2026,v1,False
2840,0.04912380129098892,0.1,9,opt_sgd,SGD,optimizer,2026,v1,False
2860,0.050114549696445465,0.1,9,opt_sgd,SGD,optimizer,2026,v1,False
2880,0.07526899874210358,0.1,9,opt_sgd,SGD,optimizer,2026,v1,False
2900,0.03467453643679619,0.1,9,opt_sgd,SGD,optimizer,2026,v1,False
2920,0.09329086542129517,0.1,9,opt_sgd,SGD,optimizer,2026,v1,False
2940,0.0645061507821083,0.1,9,opt_sgd,SGD,optimizer,2026,v1,False
2960,0.04751136526465416,0.1,9,opt_sgd,SGD,optimizer,2026,v1,False
2980,0.04372936487197876,0.1,9,opt_sgd,SGD,optimizer,2026,v1,False
3000,0.057224102318286896,0.1,9,opt_sgd,SGD,optimizer,2026,v1,False
3020,0.1971171647310257,0.1,9,opt_sgd,SGD,optimizer,2026,v1,False
3040,0.10650862753391266,0.1,9,opt_sgd,SGD,optimizer,2026,v1,False
3060,0.08334410190582275,0.1,9,opt_sgd,SGD,optimizer,2026,v1,False
3080,0.09887228906154633,0.1,9,opt_sgd,SGD,optimizer,2026,v1,False
3100,0.07723812758922577,0.1,9,opt_sgd,SGD,optimizer,2026,v1,False
3120,0.14727921783924103,0.1,9,opt_sgd,SGD,optimizer,2026,v1,False
3140,0.10489702224731445,0.1,9,opt_sgd,SGD,optimizer,2026,v1,False
3160,0.170446515083313,0.1,9,opt_sgd,SGD,optimizer,2026,v1,False
3180,0.0755843073129654,0.1,10,opt_sgd,SGD,optimizer,2026,v1,False
3200,0.037380918860435486,0.1,10,opt_sgd,SGD,optimizer,2026,v1,False
3220,0.03748028725385666,0.1,10,opt_sgd,SGD,optimizer,2026,v1,False
3240,0.039620447903871536,0.1,10,opt_sgd,SGD,optimizer,2026,v1,False
3260,0.059422917664051056,0.1,10,opt_sgd,SGD,optimizer,2026,v1,False
3280,0.10145290940999985,0.1,10,opt_sgd,SGD,optimizer,2026,v1,False
3300,0.06875904649496078,0.1,10,opt_sgd,SGD,optimizer,2026,v1,False
3320,0.06074237823486328,0.1,10,opt_sgd,SGD,optimizer,2026,v1,False
3340,0.10785593092441559,0.1,10,opt_sgd,SGD,optimizer,2026,v1,False
3360,0.08077478408813477,0.1,10,opt_sgd,SGD,optimizer,2026,v1,False
3380,0.07493933290243149,0.1,10,opt_sgd,SGD,optimizer,2026,v1,False
3400,0.10018810629844666,0.1,10,opt_sgd,SGD,optimizer,2026,v1,False
3420,0.09044697880744934,0.1,10,opt_sgd,SGD,optimizer,2026,v1,False
3440,0.09416908025741577,0.1,10,opt_sgd,SGD,optimizer,2026,v1,False
3460,0.07170659303665161,0.1,10,opt_sgd,SGD,optimizer,2026,v1,False
3480,0.14312028884887695,0.1,10,opt_sgd,SGD,optimizer,2026,v1,False
3500,0.15249767899513245,0.1,10,opt_sgd,SGD,optimizer,2026,v1,False
3520,0.057352565228939056,0.1,11,opt_sgd,SGD,optimizer,2026,v1,False
3540,0.045445866882801056,0.1,11,opt_sgd,SGD,optimizer,2026,v1,False
3560,0.052339933812618256,0.1,11,opt_sgd,SGD,optimizer,2026,v1,False
3580,0.07653049379587173,0.1,11,opt_sgd,SGD,optimizer,2026,v1,False
3600,0.05181948468089104,0.1,11,opt_sgd,SGD,optimizer,2026,v1,False
3620,0.04013504460453987,0.1,11,opt_sgd,SGD,optimizer,2026,v1,False
3640,0.01780146360397339,0.1,11,opt_sgd,SGD,optimizer,2026,v1,False
3660,0.028979122638702393,0.1,11,opt_sgd,SGD,optimizer,2026,v1,False
3680,0.0761842131614685,0.1,11,opt_sgd,SGD,optimizer,2026,v1,False
3700,0.09320522099733353,0.1,11,opt_sgd,SGD,optimizer,2026,v1,False
3720,0.11132017523050308,0.1,11,opt_sgd,SGD,optimizer,2026,v1,False
3740,0.12609100341796875,0.1,11,opt_sgd,SGD,optimizer,2026,v1,False
3760,0.03692958503961563,0.1,11,opt_sgd,SGD,optimizer,2026,v1,False
3780,0.04541225731372833,0.1,11,opt_sgd,SGD,optimizer,2026,v1,False
3800,0.034874726086854935,0.1,11,opt_sgd,SGD,optimizer,2026,v1,False
3820,0.11149550974369049,0.1,11,opt_sgd,SGD,optimizer,2026,v1,False
3840,0.08806955814361572,0.1,11,opt_sgd,SGD,optimizer,2026,v1,False
3860,0.09029904752969742,0.1,11,opt_sgd,SGD,optimizer,2026,v1,False
3880,0.050836216658353806,0.1,12,opt_sgd,SGD,optimizer,2026,v1,False
3900,0.032669954001903534,0.1,12,opt_sgd,SGD,optimizer,2026,v1,False
3920,0.014028932899236679,0.1,12,opt_sgd,SGD,optimizer,2026,v1,False
3940,0.1004752516746521,0.1,12,opt_sgd,SGD,optimizer,2026,v1,False
3960,0.0465841181576252,0.1,12,opt_sgd,SGD,optimizer,2026,v1,False
3980,0.013706084340810776,0.1,12,opt_sgd,SGD,optimizer,2026,v1,False
4000,0.025088375434279442,0.1,12,opt_sgd,SGD,optimizer,2026,v1,False
4020,0.05590709671378136,0.1,12,opt_sgd,SGD,optimizer,2026,v1,False
4040,0.05300145596265793,0.1,12,opt_sgd,SGD,optimizer,2026,v1,False
4060,0.0964704304933548,0.1,12,opt_sgd,SGD,optimizer,2026,v1,False
4080,0.1494181752204895,0.1,12,opt_sgd,SGD,optimizer,2026,v1,False
4100,0.058733999729156494,0.1,12,opt_sgd,SGD,optimizer,2026,v1,False
4120,0.04280860722064972,0.1,12,opt_sgd,SGD,optimizer,2026,v1,False
4140,0.05682966485619545,0.1,12,opt_sgd,SGD,optimizer,2026,v1,False
4160,0.24778391420841217,0.1,12,opt_sgd,SGD,optimizer,2026,v1,False
4180,0.16641458868980408,0.1,12,opt_sgd,SGD,optimizer,2026,v1,False
4200,0.1388787031173706,0.1,12,opt_sgd,SGD,optimizer,2026,v1,False
4220,0.07818521559238434,0.1,12,opt_sgd,SGD,optimizer,2026,v1,False
4240,0.02549729309976101,0.1,13,opt_sgd,SGD,optimizer,2026,v1,False
4260,0.018077095970511436,0.1,13,opt_sgd,SGD,optimizer,2026,v1,False
4280,0.05623239278793335,0.1,13,opt_sgd,SGD,optimizer,2026,v1,False
4300,0.038703553378582,0.1,13,opt_sgd,SGD,optimizer,2026,v1,False
4320,0.0295132827013731,0.1,13,opt_sgd,SGD,optimizer,2026,v1,False
4340,0.05675891041755676,0.1,13,opt_sgd,SGD,optimizer,2026,v1,False
4360,0.042027547955513,0.1,13,opt_sgd,SGD,optimizer,2026,v1,False
4380,0.02102074585855007,0.1,13,opt_sgd,SGD,optimizer,2026,v1,False
4400,0.0885305404663086,0.1,13,opt_sgd,SGD,optimizer,2026,v1,False
4420,0.08821471035480499,0.1,13,opt_sgd,SGD,optimizer,2026,v1,False
4440,0.02969740703701973,0.1,13,opt_sgd,SGD,optimizer,2026,v1,False
4460,0.08562387526035309,0.1,13,opt_sgd,SGD,optimizer,2026,v1,False
4480,0.06057807803153992,0.1,13,opt_sgd,SGD,optimizer,2026,v1,False
4500,0.09118026494979858,0.1,13,opt_sgd,SGD,optimizer,2026,v1,False
4520,0.032552048563957214,0.1,13,opt_sgd,SGD,optimizer,2026,v1,False
4540,0.02815961092710495,0.1,13,opt_sgd,SGD,optimizer,2026,v1,False
4560,0.03325072303414345,0.1,13,opt_sgd,SGD,optimizer,2026,v1,False
4580,0.07392723858356476,0.1,14,opt_sgd,SGD,optimizer,2026,v1,False
4600,0.03512130305171013,0.1,14,opt_sgd,SGD,optimizer,2026,v1,False
4620,0.044392481446266174,0.1,14,opt_sgd,SGD,optimizer,2026,v1,False
4640,0.0096514280885458,0.1,14,opt_sgd,SGD,optimizer,2026,v1,False
4660,0.035650834441185,0.1,14,opt_sgd,SGD,optimizer,2026,v1,False
4680,0.04939386248588562,0.1,14,opt_sgd,SGD,optimizer,2026,v1,False
4700,0.015065440908074379,0.1,14,opt_sgd,SGD,optimizer,2026,v1,False
4720,0.049646928906440735,0.1,14,opt_sgd,SGD,optimizer,2026,v1,False
4740,0.021914590150117874,0.1,14,opt_sgd,SGD,optimizer,2026,v1,False
4760,0.01953122951090336,0.1,14,opt_sgd,SGD,optimizer,2026,v1,False
4780,0.052302319556474686,0.1,14,opt_sgd,SGD,optimizer,2026,v1,False
4800,0.024736594408750534,0.1,14,opt_sgd,SGD,optimizer,2026,v1,False
4820,0.04986045882105827,0.1,14,opt_sgd,SGD,optimizer,2026,v1,False
4840,0.033597223460674286,0.1,14,opt_sgd,SGD,optimizer,2026,v1,False
4860,0.021821487694978714,0.1,14,opt_sgd,SGD,optimizer,2026,v1,False
4880,0.02245173044502735,0.1,14,opt_sgd,SGD,optimizer,2026,v1,False
4900,0.05654868856072426,0.1,14,opt_sgd,SGD,optimizer,2026,v1,False
4920,0.11091655492782593,0.1,14,opt_sgd,SGD,optimizer,2026,v1,False
4940,0.02643587812781334,0.1,15,opt_sgd,SGD,optimizer,2026,v1,False
4960,0.020749179646372795,0.1,15,opt_sgd,SGD,optimizer,2026,v1,False
4980,0.020866289734840393,0.1,15,opt_sgd,SGD,optimizer,2026,v1,False
5000,0.011170683428645134,0.1,15,opt_sgd,SGD,optimizer,2026,v1,False
5020,0.04187367483973503,0.1,15,opt_sgd,SGD,optimizer,2026,v1,False
5040,0.038668543100357056,0.1,15,opt_sgd,SGD,optimizer,2026,v1,False
5060,0.007790507283061743,0.1,15,opt_sgd,SGD,optimizer,2026,v1,False
5080,0.03891360014677048,0.1,15,opt_sgd,SGD,optimizer,2026,v1,False
5100,0.023535311222076416,0.1,15,opt_sgd,SGD,optimizer,2026,v1,False
5120,0.019952435046434402,0.1,15,opt_sgd,SGD,optimizer,2026,v1,False
5140,0.027925051748752594,0.1,15,opt_sgd,SGD,optimizer,2026,v1,False
5160,0.1232341006398201,0.1,15,opt_sgd,SGD,optimizer,2026,v1,False
5180,0.07629959285259247,0.1,15,opt_sgd,SGD,optimizer,2026,v1,False
5200,0.023643329739570618,0.1,15,opt_sgd,SGD,optimizer,2026,v1,False
5220,0.05975678563117981,0.1,15,opt_sgd,SGD,optimizer,2026,v1,False
5240,0.06998234242200851,0.1,15,opt_sgd,SGD,optimizer,2026,v1,False
5260,0.07852306216955185,0.1,15,opt_sgd,SGD,optimizer,2026,v1,False
5280,0.02388802543282509,0.1,16,opt_sgd,SGD,optimizer,2026,v1,False
5300,0.03151138871908188,0.1,16,opt_sgd,SGD,optimizer,2026,v1,False
5320,0.06536192446947098,0.1,16,opt_sgd,SGD,optimizer,2026,v1,False
5340,0.008840427733957767,0.1,16,opt_sgd,SGD,optimizer,2026,v1,False
5360,0.06367666274309158,0.1,16,opt_sgd,SGD,optimizer,2026,v1,False
5380,0.028555601835250854,0.1,16,opt_sgd,SGD,optimizer,2026,v1,False
5400,0.010935291647911072,0.1,16,opt_sgd,SGD,optimizer,2026,v1,False
5420,0.010536674410104752,0.1,16,opt_sgd,SGD,optimizer,2026,v1,False
5440,0.03550710529088974,0.1,16,opt_sgd,SGD,optimizer,2026,v1,False
5460,0.061338748782873154,0.1,16,opt_sgd,SGD,optimizer,2026,v1,False
5480,0.09226707369089127,0.1,16,opt_sgd,SGD,optimizer,2026,v1,False
5500,0.024049557745456696,0.1,16,opt_sgd,SGD,optimizer,2026,v1,False
5520,0.07959919422864914,0.1,16,opt_sgd,SGD,optimizer,2026,v1,False
5540,0.062103744596242905,0.1,16,opt_sgd,SGD,optimizer,2026,v1,False
5560,0.047438621520996094,0.1,16,opt_sgd,SGD,optimizer,2026,v1,False
5580,0.09047765284776688,0.1,16,opt_sgd,SGD,optimizer,2026,v1,False
5600,0.10841992497444153,0.1,16,opt_sgd,SGD,optimizer,2026,v1,False
5620,0.0435391329228878,0.1,16,opt_sgd,SGD,optimizer,2026,v1,False
5640,0.02207641303539276,0.1,17,opt_sgd,SGD,optimizer,2026,v1,False
5660,0.04882577061653137,0.1,17,opt_sgd,SGD,optimizer,2026,v1,False
5680,0.03681176155805588,0.1,17,opt_sgd,SGD,optimizer,2026,v1,False
5700,0.09030404686927795,0.1,17,opt_sgd,SGD,optimizer,2026,v1,False
5720,0.03304322063922882,0.1,17,opt_sgd,SGD,optimizer,2026,v1,False
5740,0.05747772008180618,0.1,17,opt_sgd,SGD,optimizer,2026,v1,False
5760,0.014906985685229301,0.1,17,opt_sgd,SGD,optimizer,2026,v1,False
5780,0.024634405970573425,0.1,17,opt_sgd,SGD,optimizer,2026,v1,False
5800,0.024892348796129227,0.1,17,opt_sgd,SGD,optimizer,2026,v1,False
5820,0.012881692498922348,0.1,17,opt_sgd,SGD,optimizer,2026,v1,False
5840,0.062006305903196335,0.1,17,opt_sgd,SGD,optimizer,2026,v1,False
5860,0.06290818005800247,0.1,17,opt_sgd,SGD,optimizer,2026,v1,False
5880,0.026460174471139908,0.1,17,opt_sgd,SGD,optimizer,2026,v1,False
5900,0.032334890216588974,0.1,17,opt_sgd,SGD,optimizer,2026,v1,False
5920,0.06017250567674637,0.1,17,opt_sgd,SGD,optimizer,2026,v1,False
5940,0.02050371840596199,0.1,17,opt_sgd,SGD,optimizer,2026,v1,False
5960,0.0836859866976738,0.1,17,opt_sgd,SGD,optimizer,2026,v1,False
5980,0.08838500082492828,0.1,17,opt_sgd,SGD,optimizer,2026,v1,False
6000,0.04754408448934555,0.1,18,opt_sgd,SGD,optimizer,2026,v1,False
6020,0.03672029450535774,0.1,18,opt_sgd,SGD,optimizer,2026,v1,False
6040,0.02761438675224781,0.1,18,opt_sgd,SGD,optimizer,2026,v1,False
6060,0.02131272479891777,0.1,18,opt_sgd,SGD,optimizer,2026,v1,False
6080,0.014259425923228264,0.1,18,opt_sgd,SGD,optimizer,2026,v1,False
6100,0.010462905280292034,0.1,18,opt_sgd,SGD,optimizer,2026,v1,False
6120,0.006426121108233929,0.1,18,opt_sgd,SGD,optimizer,2026,v1,False
6140,0.02462095208466053,0.1,18,opt_sgd,SGD,optimizer,2026,v1,False
6160,0.01453547552227974,0.1,18,opt_sgd,SGD,optimizer,2026,v1,False
6180,0.010202111676335335,0.1,18,opt_sgd,SGD,optimizer,2026,v1,False
6200,0.005374751053750515,0.1,18,opt_sgd,SGD,optimizer,2026,v1,False
6220,0.029631435871124268,0.1,18,opt_sgd,SGD,optimizer,2026,v1,False
6240,0.024227134883403778,0.1,18,opt_sgd,SGD,optimizer,2026,v1,False
6260,0.030156485736370087,0.1,18,opt_sgd,SGD,optimizer,2026,v1,False
6280,0.007161896675825119,0.1,18,opt_sgd,SGD,optimizer,2026,v1,False
6300,0.012883050367236137,0.1,18,opt_sgd,SGD,optimizer,2026,v1,False
6320,0.022023320198059082,0.1,18,opt_sgd,SGD,optimizer,2026,v1,False
6340,0.03330293297767639,0.1,19,opt_sgd,SGD,optimizer,2026,v1,False
6360,0.004568806383758783,0.1,19,opt_sgd,SGD,optimizer,2026,v1,False
6380,0.005725686438381672,0.1,19,opt_sgd,SGD,optimizer,2026,v1,False
6400,0.010217403993010521,0.1,19,opt_sgd,SGD,optimizer,2026,v1,False
6420,0.0037429998628795147,0.1,19,opt_sgd,SGD,optimizer,2026,v1,False
6440,0.0015575705328956246,0.1,19,opt_sgd,SGD,optimizer,2026,v1,False
6460,0.003731375327333808,0.1,19,opt_sgd,SGD,optimizer,2026,v1,False
6480,0.004992617294192314,0.1,19,opt_sgd,SGD,optimizer,2026,v1,False
6500,0.010672995820641518,0.1,19,opt_sgd,SGD,optimizer,2026,v1,False
6520,0.008795157074928284,0.1,19,opt_sgd,SGD,optimizer,2026,v1,False
6540,0.0013932844158262014,0.1,19,opt_sgd,SGD,optimizer,2026,v1,False
6560,0.027927303686738014,0.1,19,opt_sgd,SGD,optimizer,2026,v1,False
6580,0.00879637897014618,0.1,19,opt_sgd,SGD,optimizer,2026,v1,False
6600,0.0038843629881739616,0.1,19,opt_sgd,SGD,optimizer,2026,v1,False
6620,0.008826304227113724,0.1,19,opt_sgd,SGD,optimizer,2026,v1,False
6640,0.006468955427408218,0.1,19,opt_sgd,SGD,optimizer,2026,v1,False
6660,0.01121700182557106,0.1,19,opt_sgd,SGD,optimizer,2026,v1,False
6680,0.011173322796821594,0.1,19,opt_sgd,SGD,optimizer,2026,v1,False
6700,0.004110529087483883,0.1,20,opt_sgd,SGD,optimizer,2026,v1,False
6720,0.002818352309986949,0.1,20,opt_sgd,SGD,optimizer,2026,v1,False
6740,0.007954307831823826,0.1,20,opt_sgd,SGD,optimizer,2026,v1,False
6760,0.0039153508841991425,0.1,20,opt_sgd,SGD,optimizer,2026,v1,False
6780,0.0011969191255047917,0.1,20,opt_sgd,SGD,optimizer,2026,v1,False
6800,0.014851339161396027,0.1,20,opt_sgd,SGD,optimizer,2026,v1,False
6820,0.003349118400365114,0.1,20,opt_sgd,SGD,optimizer,2026,v1,False
6840,0.001888822647742927,0.1,20,opt_sgd,SGD,optimizer,2026,v1,False
6860,0.0058113569393754005,0.1,20,opt_sgd,SGD,optimizer,2026,v1,False
6880,0.0035092232283204794,0.1,20,opt_sgd,SGD,optimizer,2026,v1,False
6900,0.01299656368792057,0.1,20,opt_sgd,SGD,optimizer,2026,v1,False
6920,0.0033601487521082163,0.1,20,opt_sgd,SGD,optimizer,2026,v1,False
6940,0.001474372111260891,0.1,20,opt_sgd,SGD,optimizer,2026,v1,False
6960,0.004217072390019894,0.1,20,opt_sgd,SGD,optimizer,2026,v1,False
6980,0.011597950011491776,0.1,20,opt_sgd,SGD,optimizer,2026,v1,False
7000,0.00243845721706748,0.1,20,opt_sgd,SGD,optimizer,2026,v1,False
7020,0.0035791974514722824,0.1,20,opt_sgd,SGD,optimizer,2026,v1,False
0,2.5689821243286133,0.1,1,opt_nesterov,Nesterov,optimizer,42,v1,False
20,2.425830364227295,0.1,1,opt_nesterov,Nesterov,optimizer,42,v1,False
40,2.24196720123291,0.1,1,opt_nesterov,Nesterov,optimizer,42,v1,False
60,2.2251715660095215,0.1,1,opt_nesterov,Nesterov,optimizer,42,v1,False
80,2.238168239593506,0.1,1,opt_nesterov,Nesterov,optimizer,42,v1,False
100,2.162092924118042,0.1,1,opt_nesterov,Nesterov,optimizer,42,v1,False
120,2.041858673095703,0.1,1,opt_nesterov,Nesterov,optimizer,42,v1,False
140,2.079651117324829,0.1,1,opt_nesterov,Nesterov,optimizer,42,v1,False
160,2.0991902351379395,0.1,1,opt_nesterov,Nesterov,optimizer,42,v1,False
180,1.9747624397277832,0.1,1,opt_nesterov,Nesterov,optimizer,42,v1,False
200,2.0027971267700195,0.1,1,opt_nesterov,Nesterov,optimizer,42,v1,False
220,1.8841631412506104,0.1,1,opt_nesterov,Nesterov,optimizer,42,v1,False
240,1.9573546648025513,0.1,1,opt_nesterov,Nesterov,optimizer,42,v1,False
260,1.8645908832550049,0.1,1,opt_nesterov,Nesterov,optimizer,42,v1,False
280,1.8529621362686157,0.1,1,opt_nesterov,Nesterov,optimizer,42,v1,False
300,1.8138477802276611,0.1,1,opt_nesterov,Nesterov,optimizer,42,v1,False
320,1.8592665195465088,0.1,1,opt_nesterov,Nesterov,optimizer,42,v1,False
340,1.7246894836425781,0.1,1,opt_nesterov,Nesterov,optimizer,42,v1,False
360,1.74458646774292,0.1,2,opt_nesterov,Nesterov,optimizer,42,v1,False
380,1.8288242816925049,0.1,2,opt_nesterov,Nesterov,optimizer,42,v1,False
400,1.4701032638549805,0.1,2,opt_nesterov,Nesterov,optimizer,42,v1,False
420,1.6687660217285156,0.1,2,opt_nesterov,Nesterov,optimizer,42,v1,False
440,1.6464169025421143,0.1,2,opt_nesterov,Nesterov,optimizer,42,v1,False
460,1.5969678163528442,0.1,2,opt_nesterov,Nesterov,optimizer,42,v1,False
480,1.6665775775909424,0.1,2,opt_nesterov,Nesterov,optimizer,42,v1,False
500,1.4337818622589111,0.1,2,opt_nesterov,Nesterov,optimizer,42,v1,False
520,1.439283013343811,0.1,2,opt_nesterov,Nesterov,optimizer,42,v1,False
540,1.686492681503296,0.1,2,opt_nesterov,Nesterov,optimizer,42,v1,False
560,1.5039008855819702,0.1,2,opt_nesterov,Nesterov,optimizer,42,v1,False
580,1.484205961227417,0.1,2,opt_nesterov,Nesterov,optimizer,42,v1,False
600,1.5150651931762695,0.1,2,opt_nesterov,Nesterov,optimizer,42,v1,False
620,1.289870023727417,0.1,2,opt_nesterov,Nesterov,optimizer,42,v1,False
640,1.4252867698669434,0.1,2,opt_nesterov,Nesterov,optimizer,42,v1,False
660,1.2057042121887207,0.1,2,opt_nesterov,Nesterov,optimizer,42,v1,False
680,1.493177890777588,0.1,2,opt_nesterov,Nesterov,optimizer,42,v1,False
700,1.3586111068725586,0.1,2,opt_nesterov,Nesterov,optimizer,42,v1,False
720,1.247178316116333,0.1,3,opt_nesterov,Nesterov,optimizer,42,v1,False
740,1.3744903802871704,0.1,3,opt_nesterov,Nesterov,optimizer,42,v1,False
760,1.311484456062317,0.1,3,opt_nesterov,Nesterov,optimizer,42,v1,False
780,1.2922309637069702,0.1,3,opt_nesterov,Nesterov,optimizer,42,v1,False
800,1.2791811227798462,0.1,3,opt_nesterov,Nesterov,optimizer,42,v1,False
820,1.233315110206604,0.1,3,opt_nesterov,Nesterov,optimizer,42,v1,False
840,1.3097467422485352,0.1,3,opt_nesterov,Nesterov,optimizer,42,v1,False
860,1.1629831790924072,0.1,3,opt_nesterov,Nesterov,optimizer,42,v1,False
880,1.2252380847930908,0.1,3,opt_nesterov,Nesterov,optimizer,42,v1,False
900,1.3242626190185547,0.1,3,opt_nesterov,Nesterov,optimizer,42,v1,False
920,1.0878360271453857,0.1,3,opt_nesterov,Nesterov,optimizer,42,v1,False
940,1.244307518005371,0.1,3,opt_nesterov,Nesterov,optimizer,42,v1,False
960,1.2249687910079956,0.1,3,opt_nesterov,Nesterov,optimizer,42,v1,False
980,1.0320782661437988,0.1,3,opt_nesterov,Nesterov,optimizer,42,v1,False
1000,1.0517692565917969,0.1,3,opt_nesterov,Nesterov,optimizer,42,v1,False
1020,1.11067795753479,0.1,3,opt_nesterov,Nesterov,optimizer,42,v1,False
1040,1.2054800987243652,0.1,3,opt_nesterov,Nesterov,optimizer,42,v1,False
1060,1.0538671016693115,0.1,4,opt_nesterov,Nesterov,optimizer,42,v1,False
1080,0.9705272912979126,0.1,4,opt_nesterov,Nesterov,optimizer,42,v1,False
1100,1.3020983934402466,0.1,4,opt_nesterov,Nesterov,optimizer,42,v1,False
1120,1.0387685298919678,0.1,4,opt_nesterov,Nesterov,optimizer,42,v1,False
1140,1.0054516792297363,0.1,4,opt_nesterov,Nesterov,optimizer,42,v1,False
1160,0.9902327656745911,0.1,4,opt_nesterov,Nesterov,optimizer,42,v1,False
1180,0.9362909197807312,0.1,4,opt_nesterov,Nesterov,optimizer,42,v1,False
1200,0.8797975778579712,0.1,4,opt_nesterov,Nesterov,optimizer,42,v1,False
1220,0.9722626209259033,0.1,4,opt_nesterov,Nesterov,optimizer,42,v1,False
1240,0.8331098556518555,0.1,4,opt_nesterov,Nesterov,optimizer,42,v1,False
1260,0.9451862573623657,0.1,4,opt_nesterov,Nesterov,optimizer,42,v1,False
1280,0.988583505153656,0.1,4,opt_nesterov,Nesterov,optimizer,42,v1,False
1300,0.9585946798324585,0.1,4,opt_nesterov,Nesterov,optimizer,42,v1,False
1320,0.8172543048858643,0.1,4,opt_nesterov,Nesterov,optimizer,42,v1,False
1340,0.7470829486846924,0.1,4,opt_nesterov,Nesterov,optimizer,42,v1,False
1360,0.8892260193824768,0.1,4,opt_nesterov,Nesterov,optimizer,42,v1,False
1380,1.0085914134979248,0.1,4,opt_nesterov,Nesterov,optimizer,42,v1,False
1400,0.9622265696525574,0.1,4,opt_nesterov,Nesterov,optimizer,42,v1,False
1420,0.9528708457946777,0.1,5,opt_nesterov,Nesterov,optimizer,42,v1,False
1440,0.76999831199646,0.1,5,opt_nesterov,Nesterov,optimizer,42,v1,False
1460,0.8870596885681152,0.1,5,opt_nesterov,Nesterov,optimizer,42,v1,False
1480,0.7820864319801331,0.1,5,opt_nesterov,Nesterov,optimizer,42,v1,False
1500,0.7136104702949524,0.1,5,opt_nesterov,Nesterov,optimizer,42,v1,False
1520,0.44712305068969727,0.1,5,opt_nesterov,Nesterov,optimizer,42,v1,False
1540,0.7288764715194702,0.1,5,opt_nesterov,Nesterov,optimizer,42,v1,False
1560,0.8080332279205322,0.1,5,opt_nesterov,Nesterov,optimizer,42,v1,False
1580,0.7324903011322021,0.1,5,opt_nesterov,Nesterov,optimizer,42,v1,False
1600,0.7507214546203613,0.1,5,opt_nesterov,Nesterov,optimizer,42,v1,False
1620,0.9393029808998108,0.1,5,opt_nesterov,Nesterov,optimizer,42,v1,False
1640,0.6578153967857361,0.1,5,opt_nesterov,Nesterov,optimizer,42,v1,False
1660,0.7676131725311279,0.1,5,opt_nesterov,Nesterov,optimizer,42,v1,False
1680,0.7980499863624573,0.1,5,opt_nesterov,Nesterov,optimizer,42,v1,False
1700,0.9124225378036499,0.1,5,opt_nesterov,Nesterov,optimizer,42,v1,False
1720,0.5401797294616699,0.1,5,opt_nesterov,Nesterov,optimizer,42,v1,False
1740,0.8535555005073547,0.1,5,opt_nesterov,Nesterov,optimizer,42,v1,False
1760,0.6247367262840271,0.1,6,opt_nesterov,Nesterov,optimizer,42,v1,False
1780,0.6958187818527222,0.1,6,opt_nesterov,Nesterov,optimizer,42,v1,False
1800,0.7187880873680115,0.1,6,opt_nesterov,Nesterov,optimizer,42,v1,False
1820,0.6991718411445618,0.1,6,opt_nesterov,Nesterov,optimizer,42,v1,False
1840,0.6300389170646667,0.1,6,opt_nesterov,Nesterov,optimizer,42,v1,False
1860,0.6849645376205444,0.1,6,opt_nesterov,Nesterov,optimizer,42,v1,False
1880,0.6618558168411255,0.1,6,opt_nesterov,Nesterov,optimizer,42,v1,False
1900,0.7161794900894165,0.1,6,opt_nesterov,Nesterov,optimizer,42,v1,False
1920,0.8790875673294067,0.1,6,opt_nesterov,Nesterov,optimizer,42,v1,False
1940,0.6005111336708069,0.1,6,opt_nesterov,Nesterov,optimizer,42,v1,False
1960,0.6123213768005371,0.1,6,opt_nesterov,Nesterov,optimizer,42,v1,False
1980,0.5846012830734253,0.1,6,opt_nesterov,Nesterov,optimizer,42,v1,False
2000,0.7007701992988586,0.1,6,opt_nesterov,Nesterov,optimizer,42,v1,False
2020,0.6979178190231323,0.1,6,opt_nesterov,Nesterov,optimizer,42,v1,False
2040,0.6646056771278381,0.1,6,opt_nesterov,Nesterov,optimizer,42,v1,False
2060,0.6487141847610474,0.1,6,opt_nesterov,Nesterov,optimizer,42,v1,False
2080,0.687089741230011,0.1,6,opt_nesterov,Nesterov,optimizer,42,v1,False
2100,0.7374014258384705,0.1,6,opt_nesterov,Nesterov,optimizer,42,v1,False
2120,0.5464085340499878,0.1,7,opt_nesterov,Nesterov,optimizer,42,v1,False
2140,0.5052812099456787,0.1,7,opt_nesterov,Nesterov,optimizer,42,v1,False
2160,0.3832440972328186,0.1,7,opt_nesterov,Nesterov,optimizer,42,v1,False
2180,0.6098849773406982,0.1,7,opt_nesterov,Nesterov,optimizer,42,v1,False
2200,0.5081695318222046,0.1,7,opt_nesterov,Nesterov,optimizer,42,v1,False
2220,0.5721603631973267,0.1,7,opt_nesterov,Nesterov,optimizer,42,v1,False
2240,0.6008658409118652,0.1,7,opt_nesterov,Nesterov,optimizer,42,v1,False
2260,0.5759189128875732,0.1,7,opt_nesterov,Nesterov,optimizer,42,v1,False
2280,0.7462224364280701,0.1,7,opt_nesterov,Nesterov,optimizer,42,v1,False
2300,0.5350881814956665,0.1,7,opt_nesterov,Nesterov,optimizer,42,v1,False
2320,0.5187334418296814,0.1,7,opt_nesterov,Nesterov,optimizer,42,v1,False
2340,0.5261693000793457,0.1,7,opt_nesterov,Nesterov,optimizer,42,v1,False
2360,0.34452423453330994,0.1,7,opt_nesterov,Nesterov,optimizer,42,v1,False
2380,0.5620501041412354,0.1,7,opt_nesterov,Nesterov,optimizer,42,v1,False
2400,0.6541543006896973,0.1,7,opt_nesterov,Nesterov,optimizer,42,v1,False
2420,0.6278212070465088,0.1,7,opt_nesterov,Nesterov,optimizer,42,v1,False
2440,0.48666149377822876,0.1,7,opt_nesterov,Nesterov,optimizer,42,v1,False
2460,0.5978607535362244,0.1,7,opt_nesterov,Nesterov,optimizer,42,v1,False
2480,0.3204450011253357,0.1,8,opt_nesterov,Nesterov,optimizer,42,v1,False
2500,0.3930712640285492,0.1,8,opt_nesterov,Nesterov,optimizer,42,v1,False
2520,0.4170428514480591,0.1,8,opt_nesterov,Nesterov,optimizer,42,v1,False
2540,0.4673561453819275,0.1,8,opt_nesterov,Nesterov,optimizer,42,v1,False
2560,0.3631032109260559,0.1,8,opt_nesterov,Nesterov,optimizer,42,v1,False
2580,0.4321228563785553,0.1,8,opt_nesterov,Nesterov,optimizer,42,v1,False
2600,0.41927576065063477,0.1,8,opt_nesterov,Nesterov,optimizer,42,v1,False
2620,0.45242270827293396,0.1,8,opt_nesterov,Nesterov,optimizer,42,v1,False
2640,0.4652557075023651,0.1,8,opt_nesterov,Nesterov,optimizer,42,v1,False
2660,0.6132968664169312,0.1,8,opt_nesterov,Nesterov,optimizer,42,v1,False
2680,0.3574816882610321,0.1,8,opt_nesterov,Nesterov,optimizer,42,v1,False
2700,0.49895429611206055,0.1,8,opt_nesterov,Nesterov,optimizer,42,v1,False
2720,0.3749930262565613,0.1,8,opt_nesterov,Nesterov,optimizer,42,v1,False
2740,0.5237456560134888,0.1,8,opt_nesterov,Nesterov,optimizer,42,v1,False
2760,0.5662295818328857,0.1,8,opt_nesterov,Nesterov,optimizer,42,v1,False
2780,0.4058430790901184,0.1,8,opt_nesterov,Nesterov,optimizer,42,v1,False
2800,0.38925090432167053,0.1,8,opt_nesterov,Nesterov,optimizer,42,v1,False
2820,0.4424010217189789,0.1,9,opt_nesterov,Nesterov,optimizer,42,v1,False
2840,0.33072367310523987,0.1,9,opt_nesterov,Nesterov,optimizer,42,v1,False
2860,0.3452135920524597,0.1,9,opt_nesterov,Nesterov,optimizer,42,v1,False
2880,0.33622077107429504,0.1,9,opt_nesterov,Nesterov,optimizer,42,v1,False
2900,0.39055779576301575,0.1,9,opt_nesterov,Nesterov,optimizer,42,v1,False
2920,0.43509483337402344,0.1,9,opt_nesterov,Nesterov,optimizer,42,v1,False
2940,0.2937515676021576,0.1,9,opt_nesterov,Nesterov,optimizer,42,v1,False
2960,0.4358363449573517,0.1,9,opt_nesterov,Nesterov,optimizer,42,v1,False
2980,0.48500895500183105,0.1,9,opt_nesterov,Nesterov,optimizer,42,v1,False
3000,0.33704453706741333,0.1,9,opt_nesterov,Nesterov,optimizer,42,v1,False
3020,0.6088905930519104,0.1,9,opt_nesterov,Nesterov,optimizer,42,v1,False
3040,0.3855694830417633,0.1,9,opt_nesterov,Nesterov,optimizer,42,v1,False
3060,0.5708264708518982,0.1,9,opt_nesterov,Nesterov,optimizer,42,v1,False
3080,0.40149813890457153,0.1,9,opt_nesterov,Nesterov,optimizer,42,v1,False
3100,0.5140372514724731,0.1,9,opt_nesterov,Nesterov,optimizer,42,v1,False
3120,0.500775933265686,0.1,9,opt_nesterov,Nesterov,optimizer,42,v1,False
3140,0.46845394372940063,0.1,9,opt_nesterov,Nesterov,optimizer,42,v1,False
3160,0.4310712516307831,0.1,9,opt_nesterov,Nesterov,optimizer,42,v1,False
3180,0.17348627746105194,0.1,10,opt_nesterov,Nesterov,optimizer,42,v1,False
3200,0.18448221683502197,0.1,10,opt_nesterov,Nesterov,optimizer,42,v1,False
3220,0.25498759746551514,0.1,10,opt_nesterov,Nesterov,optimizer,42,v1,False
3240,0.26985615491867065,0.1,10,opt_nesterov,Nesterov,optimizer,42,v1,False
3260,0.35001319646835327,0.1,10,opt_nesterov,Nesterov,optimizer,42,v1,False
3280,0.3606160581111908,0.1,10,opt_nesterov,Nesterov,optimizer,42,v1,False
3300,0.29254594445228577,0.1,10,opt_nesterov,Nesterov,optimizer,42,v1,False
3320,0.39343875646591187,0.1,10,opt_nesterov,Nesterov,optimizer,42,v1,False
3340,0.48240894079208374,0.1,10,opt_nesterov,Nesterov,optimizer,42,v1,False
3360,0.33869871497154236,0.1,10,opt_nesterov,Nesterov,optimizer,42,v1,False
3380,0.2700675129890442,0.1,10,opt_nesterov,Nesterov,optimizer,42,v1,False
3400,0.3581230342388153,0.1,10,opt_nesterov,Nesterov,optimizer,42,v1,False
3420,0.39272642135620117,0.1,10,opt_nesterov,Nesterov,optimizer,42,v1,False
3440,0.2728552222251892,0.1,10,opt_nesterov,Nesterov,optimizer,42,v1,False
3460,0.41431280970573425,0.1,10,opt_nesterov,Nesterov,optimizer,42,v1,False
3480,0.3823380470275879,0.1,10,opt_nesterov,Nesterov,optimizer,42,v1,False
3500,0.30219587683677673,0.1,10,opt_nesterov,Nesterov,optimizer,42,v1,False
3520,0.3232719600200653,0.1,11,opt_nesterov,Nesterov,optimizer,42,v1,False
3540,0.29839828610420227,0.1,11,opt_nesterov,Nesterov,optimizer,42,v1,False
3560,0.2401561737060547,0.1,11,opt_nesterov,Nesterov,optimizer,42,v1,False
3580,0.21235229074954987,0.1,11,opt_nesterov,Nesterov,optimizer,42,v1,False
3600,0.18319085240364075,0.1,11,opt_nesterov,Nesterov,optimizer,42,v1,False
3620,0.3051488697528839,0.1,11,opt_nesterov,Nesterov,optimizer,42,v1,False
3640,0.3552755117416382,0.1,11,opt_nesterov,Nesterov,optimizer,42,v1,False
3660,0.26796773076057434,0.1,11,opt_nesterov,Nesterov,optimizer,42,v1,False
3680,0.358558714389801,0.1,11,opt_nesterov,Nesterov,optimizer,42,v1,False
3700,0.31537148356437683,0.1,11,opt_nesterov,Nesterov,optimizer,42,v1,False
3720,0.34727156162261963,0.1,11,opt_nesterov,Nesterov,optimizer,42,v1,False
3740,0.2628088593482971,0.1,11,opt_nesterov,Nesterov,optimizer,42,v1,False
3760,0.3617119789123535,0.1,11,opt_nesterov,Nesterov,optimizer,42,v1,False
3780,0.3167133331298828,0.1,11,opt_nesterov,Nesterov,optimizer,42,v1,False
3800,0.4098568260669708,0.1,11,opt_nesterov,Nesterov,optimizer,42,v1,False
3820,0.38019055128097534,0.1,11,opt_nesterov,Nesterov,optimizer,42,v1,False
3840,0.5034494400024414,0.1,11,opt_nesterov,Nesterov,optimizer,42,v1,False
3860,0.2470344752073288,0.1,11,opt_nesterov,Nesterov,optimizer,42,v1,False
3880,0.2841639518737793,0.1,12,opt_nesterov,Nesterov,optimizer,42,v1,False
3900,0.11947722733020782,0.1,12,opt_nesterov,Nesterov,optimizer,42,v1,False
3920,0.14920739829540253,0.1,12,opt_nesterov,Nesterov,optimizer,42,v1,False
3940,0.1933450847864151,0.1,12,opt_nesterov,Nesterov,optimizer,42,v1,False
3960,0.2233286201953888,0.1,12,opt_nesterov,Nesterov,optimizer,42,v1,False
3980,0.20767351984977722,0.1,12,opt_nesterov,Nesterov,optimizer,42,v1,False
4000,0.19982513785362244,0.1,12,opt_nesterov,Nesterov,optimizer,42,v1,False
4020,0.34831586480140686,0.1,12,opt_nesterov,Nesterov,optimizer,42,v1,False
4040,0.2643432021141052,0.1,12,opt_nesterov,Nesterov,optimizer,42,v1,False
4060,0.2130223661661148,0.1,12,opt_nesterov,Nesterov,optimizer,42,v1,False
4080,0.2759626507759094,0.1,12,opt_nesterov,Nesterov,optimizer,42,v1,False
4100,0.227809339761734,0.1,12,opt_nesterov,Nesterov,optimizer,42,v1,False
4120,0.40595996379852295,0.1,12,opt_nesterov,Nesterov,optimizer,42,v1,False
4140,0.17113572359085083,0.1,12,opt_nesterov,Nesterov,optimizer,42,v1,False
4160,0.38834500312805176,0.1,12,opt_nesterov,Nesterov,optimizer,42,v1,False
4180,0.3790227770805359,0.1,12,opt_nesterov,Nesterov,optimizer,42,v1,False
4200,0.30417516827583313,0.1,12,opt_nesterov,Nesterov,optimizer,42,v1,False
4220,0.2114797830581665,0.1,12,opt_nesterov,Nesterov,optimizer,42,v1,False
4240,0.10062862187623978,0.1,13,opt_nesterov,Nesterov,optimizer,42,v1,False
4260,0.1822601556777954,0.1,13,opt_nesterov,Nesterov,optimizer,42,v1,False
4280,0.11604850739240646,0.1,13,opt_nesterov,Nesterov,optimizer,42,v1,False
4300,0.21623052656650543,0.1,13,opt_nesterov,Nesterov,optimizer,42,v1,False
4320,0.18727515637874603,0.1,13,opt_nesterov,Nesterov,optimizer,42,v1,False
4340,0.2924765944480896,0.1,13,opt_nesterov,Nesterov,optimizer,42,v1,False
4360,0.1793893426656723,0.1,13,opt_nesterov,Nesterov,optimizer,42,v1,False
4380,0.29116499423980713,0.1,13,opt_nesterov,Nesterov,optimizer,42,v1,False
4400,0.2834797501564026,0.1,13,opt_nesterov,Nesterov,optimizer,42,v1,False
4420,0.40194860100746155,0.1,13,opt_nesterov,Nesterov,optimizer,42,v1,False
4440,0.2535325288772583,0.1,13,opt_nesterov,Nesterov,optimizer,42,v1,False
4460,0.2521194517612457,0.1,13,opt_nesterov,Nesterov,optimizer,42,v1,False
4480,0.31880295276641846,0.1,13,opt_nesterov,Nesterov,optimizer,42,v1,False
4500,0.18656858801841736,0.1,13,opt_nesterov,Nesterov,optimizer,42,v1,False
4520,0.22411629557609558,0.1,13,opt_nesterov,Nesterov,optimizer,42,v1,False
4540,0.305397629737854,0.1,13,opt_nesterov,Nesterov,optimizer,42,v1,False
4560,0.24879150092601776,0.1,13,opt_nesterov,Nesterov,optimizer,42,v1,False
4580,0.21263140439987183,0.1,14,opt_nesterov,Nesterov,optimizer,42,v1,False
4600,0.14024914801120758,0.1,14,opt_nesterov,Nesterov,optimizer,42,v1,False
4620,0.12606100738048553,0.1,14,opt_nesterov,Nesterov,optimizer,42,v1,False
4640,0.23736633360385895,0.1,14,opt_nesterov,Nesterov,optimizer,42,v1,False
4660,0.11306756734848022,0.1,14,opt_nesterov,Nesterov,optimizer,42,v1,False
4680,0.29275423288345337,0.1,14,opt_nesterov,Nesterov,optimizer,42,v1,False
4700,0.16526645421981812,0.1,14,opt_nesterov,Nesterov,optimizer,42,v1,False
4720,0.18793447315692902,0.1,14,opt_nesterov,Nesterov,optimizer,42,v1,False
4740,0.21264874935150146,0.1,14,opt_nesterov,Nesterov,optimizer,42,v1,False
4760,0.22837039828300476,0.1,14,opt_nesterov,Nesterov,optimizer,42,v1,False
4780,0.29294562339782715,0.1,14,opt_nesterov,Nesterov,optimizer,42,v1,False
4800,0.3181668221950531,0.1,14,opt_nesterov,Nesterov,optimizer,42,v1,False
4820,0.2625933885574341,0.1,14,opt_nesterov,Nesterov,optimizer,42,v1,False
4840,0.29233428835868835,0.1,14,opt_nesterov,Nesterov,optimizer,42,v1,False
4860,0.24549902975559235,0.1,14,opt_nesterov,Nesterov,optimizer,42,v1,False
4880,0.2772486209869385,0.1,14,opt_nesterov,Nesterov,optimizer,42,v1,False
4900,0.2331322729587555,0.1,14,opt_nesterov,Nesterov,optimizer,42,v1,False
4920,0.2799886465072632,0.1,14,opt_nesterov,Nesterov,optimizer,42,v1,False
4940,0.12634006142616272,0.1,15,opt_nesterov,Nesterov,optimizer,42,v1,False
4960,0.18234875798225403,0.1,15,opt_nesterov,Nesterov,optimizer,42,v1,False
4980,0.13211886584758759,0.1,15,opt_nesterov,Nesterov,optimizer,42,v1,False
5000,0.2337341606616974,0.1,15,opt_nesterov,Nesterov,optimizer,42,v1,False
5020,0.21167486906051636,0.1,15,opt_nesterov,Nesterov,optimizer,42,v1,False
5040,0.22907082736492157,0.1,15,opt_nesterov,Nesterov,optimizer,42,v1,False
5060,0.13550376892089844,0.1,15,opt_nesterov,Nesterov,optimizer,42,v1,False
5080,0.14992862939834595,0.1,15,opt_nesterov,Nesterov,optimizer,42,v1,False
5100,0.2714941203594208,0.1,15,opt_nesterov,Nesterov,optimizer,42,v1,False
5120,0.23387134075164795,0.1,15,opt_nesterov,Nesterov,optimizer,42,v1,False
5140,0.3288750648498535,0.1,15,opt_nesterov,Nesterov,optimizer,42,v1,False
5160,0.2384672909975052,0.1,15,opt_nesterov,Nesterov,optimizer,42,v1,False
5180,0.1410604864358902,0.1,15,opt_nesterov,Nesterov,optimizer,42,v1,False
5200,0.3152438998222351,0.1,15,opt_nesterov,Nesterov,optimizer,42,v1,False
5220,0.1728380024433136,0.1,15,opt_nesterov,Nesterov,optimizer,42,v1,False
5240,0.22720380127429962,0.1,15,opt_nesterov,Nesterov,optimizer,42,v1,False
5260,0.35183006525039673,0.1,15,opt_nesterov,Nesterov,optimizer,42,v1,False
5280,0.12922757863998413,0.1,16,opt_nesterov,Nesterov,optimizer,42,v1,False
5300,0.11424270272254944,0.1,16,opt_nesterov,Nesterov,optimizer,42,v1,False
5320,0.10237928479909897,0.1,16,opt_nesterov,Nesterov,optimizer,42,v1,False
5340,0.13188141584396362,0.1,16,opt_nesterov,Nesterov,optimizer,42,v1,False
5360,0.17842572927474976,0.1,16,opt_nesterov,Nesterov,optimizer,42,v1,False
5380,0.14953675866127014,0.1,16,opt_nesterov,Nesterov,optimizer,42,v1,False
5400,0.13022133708000183,0.1,16,opt_nesterov,Nesterov,optimizer,42,v1,False
5420,0.2198505401611328,0.1,16,opt_nesterov,Nesterov,optimizer,42,v1,False
5440,0.17113691568374634,0.1,16,opt_nesterov,Nesterov,optimizer,42,v1,False
5460,0.227164626121521,0.1,16,opt_nesterov,Nesterov,optimizer,42,v1,False
5480,0.23192179203033447,0.1,16,opt_nesterov,Nesterov,optimizer,42,v1,False
5500,0.25659945607185364,0.1,16,opt_nesterov,Nesterov,optimizer,42,v1,False
5520,0.21140208840370178,0.1,16,opt_nesterov,Nesterov,optimizer,42,v1,False
5540,0.23892001807689667,0.1,16,opt_nesterov,Nesterov,optimizer,42,v1,False
5560,0.14672425389289856,0.1,16,opt_nesterov,Nesterov,optimizer,42,v1,False
5580,0.2616763710975647,0.1,16,opt_nesterov,Nesterov,optimizer,42,v1,False
5600,0.1988678276538849,0.1,16,opt_nesterov,Nesterov,optimizer,42,v1,False
5620,0.21723595261573792,0.1,16,opt_nesterov,Nesterov,optimizer,42,v1,False
5640,0.13009671866893768,0.1,17,opt_nesterov,Nesterov,optimizer,42,v1,False
5660,0.107310950756073,0.1,17,opt_nesterov,Nesterov,optimizer,42,v1,False
5680,0.15375681221485138,0.1,17,opt_nesterov,Nesterov,optimizer,42,v1,False
5700,0.12646672129631042,0.1,17,opt_nesterov,Nesterov,optimizer,42,v1,False
5720,0.12398543953895569,0.1,17,opt_nesterov,Nesterov,optimizer,42,v1,False
5740,0.1461743414402008,0.1,17,opt_nesterov,Nesterov,optimizer,42,v1,False
5760,0.18203076720237732,0.1,17,opt_nesterov,Nesterov,optimizer,42,v1,False
5780,0.09641017019748688,0.1,17,opt_nesterov,Nesterov,optimizer,42,v1,False
5800,0.30922847986221313,0.1,17,opt_nesterov,Nesterov,optimizer,42,v1,False
5820,0.2606864273548126,0.1,17,opt_nesterov,Nesterov,optimizer,42,v1,False
5840,0.1531856656074524,0.1,17,opt_nesterov,Nesterov,optimizer,42,v1,False
5860,0.2359963357448578,0.1,17,opt_nesterov,Nesterov,optimizer,42,v1,False
5880,0.14002062380313873,0.1,17,opt_nesterov,Nesterov,optimizer,42,v1,False
5900,0.262256383895874,0.1,17,opt_nesterov,Nesterov,optimizer,42,v1,False
5920,0.20545554161071777,0.1,17,opt_nesterov,Nesterov,optimizer,42,v1,False
5940,0.21513104438781738,0.1,17,opt_nesterov,Nesterov,optimizer,42,v1,False
5960,0.1797861009836197,0.1,17,opt_nesterov,Nesterov,optimizer,42,v1,False
5980,0.3107343912124634,0.1,17,opt_nesterov,Nesterov,optimizer,42,v1,False
6000,0.20535489916801453,0.1,18,opt_nesterov,Nesterov,optimizer,42,v1,False
6020,0.17871582508087158,0.1,18,opt_nesterov,Nesterov,optimizer,42,v1,False
6040,0.06340953707695007,0.1,18,opt_nesterov,Nesterov,optimizer,42,v1,False
6060,0.11331874132156372,0.1,18,opt_nesterov,Nesterov,optimizer,42,v1,False
6080,0.11888039112091064,0.1,18,opt_nesterov,Nesterov,optimizer,42,v1,False
6100,0.1458377242088318,0.1,18,opt_nesterov,Nesterov,optimizer,42,v1,False
6120,0.205064058303833,0.1,18,opt_nesterov,Nesterov,optimizer,42,v1,False
6140,0.17624828219413757,0.1,18,opt_nesterov,Nesterov,optimizer,42,v1,False
6160,0.1561061143875122,0.1,18,opt_nesterov,Nesterov,optimizer,42,v1,False
6180,0.22272267937660217,0.1,18,opt_nesterov,Nesterov,optimizer,42,v1,False
6200,0.17063221335411072,0.1,18,opt_nesterov,Nesterov,optimizer,42,v1,False
6220,0.19218291342258453,0.1,18,opt_nesterov,Nesterov,optimizer,42,v1,False
6240,0.20426017045974731,0.1,18,opt_nesterov,Nesterov,optimizer,42,v1,False
6260,0.20329925417900085,0.1,18,opt_nesterov,Nesterov,optimizer,42,v1,False
6280,0.17948074638843536,0.1,18,opt_nesterov,Nesterov,optimizer,42,v1,False
6300,0.2730436325073242,0.1,18,opt_nesterov,Nesterov,optimizer,42,v1,False
6320,0.14085394144058228,0.1,18,opt_nesterov,Nesterov,optimizer,42,v1,False
6340,0.16751188039779663,0.1,19,opt_nesterov,Nesterov,optimizer,42,v1,False
6360,0.11507420986890793,0.1,19,opt_nesterov,Nesterov,optimizer,42,v1,False
6380,0.11492545902729034,0.1,19,opt_nesterov,Nesterov,optimizer,42,v1,False
6400,0.17792101204395294,0.1,19,opt_nesterov,Nesterov,optimizer,42,v1,False
6420,0.19453144073486328,0.1,19,opt_nesterov,Nesterov,optimizer,42,v1,False
6440,0.11151443421840668,0.1,19,opt_nesterov,Nesterov,optimizer,42,v1,False
6460,0.22006893157958984,0.1,19,opt_nesterov,Nesterov,optimizer,42,v1,False
6480,0.22397366166114807,0.1,19,opt_nesterov,Nesterov,optimizer,42,v1,False
6500,0.17879194021224976,0.1,19,opt_nesterov,Nesterov,optimizer,42,v1,False
6520,0.2177685797214508,0.1,19,opt_nesterov,Nesterov,optimizer,42,v1,False
6540,0.3138384222984314,0.1,19,opt_nesterov,Nesterov,optimizer,42,v1,False
6560,0.10485950112342834,0.1,19,opt_nesterov,Nesterov,optimizer,42,v1,False
6580,0.26916858553886414,0.1,19,opt_nesterov,Nesterov,optimizer,42,v1,False
6600,0.17960771918296814,0.1,19,opt_nesterov,Nesterov,optimizer,42,v1,False
6620,0.2454448938369751,0.1,19,opt_nesterov,Nesterov,optimizer,42,v1,False
6640,0.24495293200016022,0.1,19,opt_nesterov,Nesterov,optimizer,42,v1,False
6660,0.22005042433738708,0.1,19,opt_nesterov,Nesterov,optimizer,42,v1,False
6680,0.16355182230472565,0.1,19,opt_nesterov,Nesterov,optimizer,42,v1,False
6700,0.06970562040805817,0.1,20,opt_nesterov,Nesterov,optimizer,42,v1,False
6720,0.11425957083702087,0.1,20,opt_nesterov,Nesterov,optimizer,42,v1,False
6740,0.10639727115631104,0.1,20,opt_nesterov,Nesterov,optimizer,42,v1,False
6760,0.1514894962310791,0.1,20,opt_nesterov,Nesterov,optimizer,42,v1,False
6780,0.10748291015625,0.1,20,opt_nesterov,Nesterov,optimizer,42,v1,False
6800,0.11162759363651276,0.1,20,opt_nesterov,Nesterov,optimizer,42,v1,False
6820,0.07624491304159164,0.1,20,opt_nesterov,Nesterov,optimizer,42,v1,False
6840,0.14073464274406433,0.1,20,opt_nesterov,Nesterov,optimizer,42,v1,False
6860,0.12959080934524536,0.1,20,opt_nesterov,Nesterov,optimizer,42,v1,False
6880,0.17563045024871826,0.1,20,opt_nesterov,Nesterov,optimizer,42,v1,False
6900,0.18001589179039001,0.1,20,opt_nesterov,Nesterov,optimizer,42,v1,False
6920,0.2225545048713684,0.1,20,opt_nesterov,Nesterov,optimizer,42,v1,False
6940,0.17634855210781097,0.1,20,opt_nesterov,Nesterov,optimizer,42,v1,False
6960,0.1563217043876648,0.1,20,opt_nesterov,Nesterov,optimizer,42,v1,False
6980,0.21452003717422485,0.1,20,opt_nesterov,Nesterov,optimizer,42,v1,False
7000,0.19796422123908997,0.1,20,opt_nesterov,Nesterov,optimizer,42,v1,False
7020,0.24492475390434265,0.1,20,opt_nesterov,Nesterov,optimizer,42,v1,False
0,2.3491640090942383,0.1,1,opt_nesterov,Nesterov,optimizer,2026,v1,False
20,3.129063129425049,0.1,1,opt_nesterov,Nesterov,optimizer,2026,v1,False
40,2.3149547576904297,0.1,1,opt_nesterov,Nesterov,optimizer,2026,v1,False
60,2.250274419784546,0.1,1,opt_nesterov,Nesterov,optimizer,2026,v1,False
80,2.161235809326172,0.1,1,opt_nesterov,Nesterov,optimizer,2026,v1,False
100,2.1176581382751465,0.1,1,opt_nesterov,Nesterov,optimizer,2026,v1,False
120,2.022766590118408,0.1,1,opt_nesterov,Nesterov,optimizer,2026,v1,False
140,2.0252091884613037,0.1,1,opt_nesterov,Nesterov,optimizer,2026,v1,False
160,1.9593896865844727,0.1,1,opt_nesterov,Nesterov,optimizer,2026,v1,False
180,2.0103962421417236,0.1,1,opt_nesterov,Nesterov,optimizer,2026,v1,False
200,1.7011370658874512,0.1,1,opt_nesterov,Nesterov,optimizer,2026,v1,False
220,1.6518772840499878,0.1,1,opt_nesterov,Nesterov,optimizer,2026,v1,False
240,1.6319668292999268,0.1,1,opt_nesterov,Nesterov,optimizer,2026,v1,False
260,1.7224092483520508,0.1,1,opt_nesterov,Nesterov,optimizer,2026,v1,False
280,1.6070739030838013,0.1,1,opt_nesterov,Nesterov,optimizer,2026,v1,False
300,1.6662721633911133,0.1,1,opt_nesterov,Nesterov,optimizer,2026,v1,False
320,1.639786958694458,0.1,1,opt_nesterov,Nesterov,optimizer,2026,v1,False
340,1.4554083347320557,0.1,1,opt_nesterov,Nesterov,optimizer,2026,v1,False
360,1.4219927787780762,0.1,2,opt_nesterov,Nesterov,optimizer,2026,v1,False
380,1.5256599187850952,0.1,2,opt_nesterov,Nesterov,optimizer,2026,v1,False
400,1.5304726362228394,0.1,2,opt_nesterov,Nesterov,optimizer,2026,v1,False
420,1.5134859085083008,0.1,2,opt_nesterov,Nesterov,optimizer,2026,v1,False
440,1.5000295639038086,0.1,2,opt_nesterov,Nesterov,optimizer,2026,v1,False
460,1.465486764907837,0.1,2,opt_nesterov,Nesterov,optimizer,2026,v1,False
480,1.3478538990020752,0.1,2,opt_nesterov,Nesterov,optimizer,2026,v1,False
500,1.2973299026489258,0.1,2,opt_nesterov,Nesterov,optimizer,2026,v1,False
520,1.3866075277328491,0.1,2,opt_nesterov,Nesterov,optimizer,2026,v1,False
540,1.4117881059646606,0.1,2,opt_nesterov,Nesterov,optimizer,2026,v1,False
560,1.4587512016296387,0.1,2,opt_nesterov,Nesterov,optimizer,2026,v1,False
580,1.226001501083374,0.1,2,opt_nesterov,Nesterov,optimizer,2026,v1,False
600,1.3123211860656738,0.1,2,opt_nesterov,Nesterov,optimizer,2026,v1,False
620,1.2797589302062988,0.1,2,opt_nesterov,Nesterov,optimizer,2026,v1,False
640,1.1051515340805054,0.1,2,opt_nesterov,Nesterov,optimizer,2026,v1,False
660,1.0540224313735962,0.1,2,opt_nesterov,Nesterov,optimizer,2026,v1,False
680,0.9448510408401489,0.1,2,opt_nesterov,Nesterov,optimizer,2026,v1,False
700,1.1741257905960083,0.1,2,opt_nesterov,Nesterov,optimizer,2026,v1,False
720,1.054654836654663,0.1,3,opt_nesterov,Nesterov,optimizer,2026,v1,False
740,0.955247163772583,0.1,3,opt_nesterov,Nesterov,optimizer,2026,v1,False
760,1.1158381700515747,0.1,3,opt_nesterov,Nesterov,optimizer,2026,v1,False
780,1.1185694932937622,0.1,3,opt_nesterov,Nesterov,optimizer,2026,v1,False
800,1.0758986473083496,0.1,3,opt_nesterov,Nesterov,optimizer,2026,v1,False
820,1.2377896308898926,0.1,3,opt_nesterov,Nesterov,optimizer,2026,v1,False
840,1.0440691709518433,0.1,3,opt_nesterov,Nesterov,optimizer,2026,v1,False
860,1.0002262592315674,0.1,3,opt_nesterov,Nesterov,optimizer,2026,v1,False
880,1.0675926208496094,0.1,3,opt_nesterov,Nesterov,optimizer,2026,v1,False
900,1.010240077972412,0.1,3,opt_nesterov,Nesterov,optimizer,2026,v1,False
920,0.8511156439781189,0.1,3,opt_nesterov,Nesterov,optimizer,2026,v1,False
940,0.9639217853546143,0.1,3,opt_nesterov,Nesterov,optimizer,2026,v1,False
960,0.8579016327857971,0.1,3,opt_nesterov,Nesterov,optimizer,2026,v1,False
980,1.0421702861785889,0.1,3,opt_nesterov,Nesterov,optimizer,2026,v1,False
1000,0.8677500486373901,0.1,3,opt_nesterov,Nesterov,optimizer,2026,v1,False
1020,0.9938544631004333,0.1,3,opt_nesterov,Nesterov,optimizer,2026,v1,False
1040,0.9014310836791992,0.1,3,opt_nesterov,Nesterov,optimizer,2026,v1,False
1060,0.6547946333885193,0.1,4,opt_nesterov,Nesterov,optimizer,2026,v1,False
1080,0.7068411111831665,0.1,4,opt_nesterov,Nesterov,optimizer,2026,v1,False
1100,0.8508467674255371,0.1,4,opt_nesterov,Nesterov,optimizer,2026,v1,False
1120,0.9196995496749878,0.1,4,opt_nesterov,Nesterov,optimizer,2026,v1,False
1140,0.8089685440063477,0.1,4,opt_nesterov,Nesterov,optimizer,2026,v1,False
1160,0.8180696964263916,0.1,4,opt_nesterov,Nesterov,optimizer,2026,v1,False
1180,1.0815880298614502,0.1,4,opt_nesterov,Nesterov,optimizer,2026,v1,False
1200,0.7965445518493652,0.1,4,opt_nesterov,Nesterov,optimizer,2026,v1,False
1220,0.9806445837020874,0.1,4,opt_nesterov,Nesterov,optimizer,2026,v1,False
1240,0.8214457035064697,0.1,4,opt_nesterov,Nesterov,optimizer,2026,v1,False
1260,0.8695687055587769,0.1,4,opt_nesterov,Nesterov,optimizer,2026,v1,False
1280,0.7738817930221558,0.1,4,opt_nesterov,Nesterov,optimizer,2026,v1,False
1300,0.8176082372665405,0.1,4,opt_nesterov,Nesterov,optimizer,2026,v1,False
1320,0.832531213760376,0.1,4,opt_nesterov,Nesterov,optimizer,2026,v1,False
1340,0.7088024616241455,0.1,4,opt_nesterov,Nesterov,optimizer,2026,v1,False
1360,0.8244667649269104,0.1,4,opt_nesterov,Nesterov,optimizer,2026,v1,False
1380,0.5625824928283691,0.1,4,opt_nesterov,Nesterov,optimizer,2026,v1,False
1400,0.8407509326934814,0.1,4,opt_nesterov,Nesterov,optimizer,2026,v1,False
1420,0.6219228506088257,0.1,5,opt_nesterov,Nesterov,optimizer,2026,v1,False
1440,0.7536281943321228,0.1,5,opt_nesterov,Nesterov,optimizer,2026,v1,False
1460,0.6508055329322815,0.1,5,opt_nesterov,Nesterov,optimizer,2026,v1,False
1480,0.6313983201980591,0.1,5,opt_nesterov,Nesterov,optimizer,2026,v1,False
1500,0.7775053977966309,0.1,5,opt_nesterov,Nesterov,optimizer,2026,v1,False
1520,0.5481797456741333,0.1,5,opt_nesterov,Nesterov,optimizer,2026,v1,False
1540,0.6198728680610657,0.1,5,opt_nesterov,Nesterov,optimizer,2026,v1,False
1560,0.799055814743042,0.1,5,opt_nesterov,Nesterov,optimizer,2026,v1,False
1580,0.662926197052002,0.1,5,opt_nesterov,Nesterov,optimizer,2026,v1,False
1600,0.5373736619949341,0.1,5,opt_nesterov,Nesterov,optimizer,2026,v1,False
1620,0.678748369216919,0.1,5,opt_nesterov,Nesterov,optimizer,2026,v1,False
1640,0.7002772092819214,0.1,5,opt_nesterov,Nesterov,optimizer,2026,v1,False
1660,0.5764334201812744,0.1,5,opt_nesterov,Nesterov,optimizer,2026,v1,False
1680,0.6911764144897461,0.1,5,opt_nesterov,Nesterov,optimizer,2026,v1,False
1700,0.7302165031433105,0.1,5,opt_nesterov,Nesterov,optimizer,2026,v1,False
1720,0.6874239444732666,0.1,5,opt_nesterov,Nesterov,optimizer,2026,v1,False
1740,0.6780125498771667,0.1,5,opt_nesterov,Nesterov,optimizer,2026,v1,False
1760,0.75883549451828,0.1,6,opt_nesterov,Nesterov,optimizer,2026,v1,False
1780,0.468308687210083,0.1,6,opt_nesterov,Nesterov,optimizer,2026,v1,False
1800,0.5438007116317749,0.1,6,opt_nesterov,Nesterov,optimizer,2026,v1,False
1820,0.40132400393486023,0.1,6,opt_nesterov,Nesterov,optimizer,2026,v1,False
1840,0.5533502101898193,0.1,6,opt_nesterov,Nesterov,optimizer,2026,v1,False
1860,0.6700758337974548,0.1,6,opt_nesterov,Nesterov,optimizer,2026,v1,False
1880,0.4810364842414856,0.1,6,opt_nesterov,Nesterov,optimizer,2026,v1,False
1900,0.5436293482780457,0.1,6,opt_nesterov,Nesterov,optimizer,2026,v1,False
1920,0.5673797130584717,0.1,6,opt_nesterov,Nesterov,optimizer,2026,v1,False
1940,0.5835311412811279,0.1,6,opt_nesterov,Nesterov,optimizer,2026,v1,False
1960,0.6986439228057861,0.1,6,opt_nesterov,Nesterov,optimizer,2026,v1,False
1980,0.5583775043487549,0.1,6,opt_nesterov,Nesterov,optimizer,2026,v1,False
2000,0.5636893510818481,0.1,6,opt_nesterov,Nesterov,optimizer,2026,v1,False
2020,0.5234660506248474,0.1,6,opt_nesterov,Nesterov,optimizer,2026,v1,False
2040,0.5266516208648682,0.1,6,opt_nesterov,Nesterov,optimizer,2026,v1,False
2060,0.5620895624160767,0.1,6,opt_nesterov,Nesterov,optimizer,2026,v1,False
2080,0.5107535719871521,0.1,6,opt_nesterov,Nesterov,optimizer,2026,v1,False
2100,0.523424506187439,0.1,6,opt_nesterov,Nesterov,optimizer,2026,v1,False
2120,0.47492796182632446,0.1,7,opt_nesterov,Nesterov,optimizer,2026,v1,False
2140,0.5233319997787476,0.1,7,opt_nesterov,Nesterov,optimizer,2026,v1,False
2160,0.37150633335113525,0.1,7,opt_nesterov,Nesterov,optimizer,2026,v1,False
2180,0.5244001746177673,0.1,7,opt_nesterov,Nesterov,optimizer,2026,v1,False
2200,0.3460330367088318,0.1,7,opt_nesterov,Nesterov,optimizer,2026,v1,False
2220,0.5035386085510254,0.1,7,opt_nesterov,Nesterov,optimizer,2026,v1,False
2240,0.6467598676681519,0.1,7,opt_nesterov,Nesterov,optimizer,2026,v1,False
2260,0.472639799118042,0.1,7,opt_nesterov,Nesterov,optimizer,2026,v1,False
2280,0.35628098249435425,0.1,7,opt_nesterov,Nesterov,optimizer,2026,v1,False
2300,0.4248253405094147,0.1,7,opt_nesterov,Nesterov,optimizer,2026,v1,False
2320,0.48873382806777954,0.1,7,opt_nesterov,Nesterov,optimizer,2026,v1,False
2340,0.6360614895820618,0.1,7,opt_nesterov,Nesterov,optimizer,2026,v1,False
2360,0.5461532473564148,0.1,7,opt_nesterov,Nesterov,optimizer,2026,v1,False
2380,0.350921630859375,0.1,7,opt_nesterov,Nesterov,optimizer,2026,v1,False
2400,0.47037583589553833,0.1,7,opt_nesterov,Nesterov,optimizer,2026,v1,False
2420,0.4885571300983429,0.1,7,opt_nesterov,Nesterov,optimizer,2026,v1,False
2440,0.5411440134048462,0.1,7,opt_nesterov,Nesterov,optimizer,2026,v1,False
2460,0.4090508818626404,0.1,7,opt_nesterov,Nesterov,optimizer,2026,v1,False
2480,0.3524565100669861,0.1,8,opt_nesterov,Nesterov,optimizer,2026,v1,False
2500,0.43694934248924255,0.1,8,opt_nesterov,Nesterov,optimizer,2026,v1,False
2520,0.3067743182182312,0.1,8,opt_nesterov,Nesterov,optimizer,2026,v1,False
2540,0.46610087156295776,0.1,8,opt_nesterov,Nesterov,optimizer,2026,v1,False
2560,0.3094026446342468,0.1,8,opt_nesterov,Nesterov,optimizer,2026,v1,False
2580,0.3376295268535614,0.1,8,opt_nesterov,Nesterov,optimizer,2026,v1,False
2600,0.3450010120868683,0.1,8,opt_nesterov,Nesterov,optimizer,2026,v1,False
2620,0.5598578453063965,0.1,8,opt_nesterov,Nesterov,optimizer,2026,v1,False
2640,0.4086206555366516,0.1,8,opt_nesterov,Nesterov,optimizer,2026,v1,False
2660,0.33149224519729614,0.1,8,opt_nesterov,Nesterov,optimizer,2026,v1,False
2680,0.353529691696167,0.1,8,opt_nesterov,Nesterov,optimizer,2026,v1,False
2700,0.410952091217041,0.1,8,opt_nesterov,Nesterov,optimizer,2026,v1,False
2720,0.5189712047576904,0.1,8,opt_nesterov,Nesterov,optimizer,2026,v1,False
2740,0.4940338432788849,0.1,8,opt_nesterov,Nesterov,optimizer,2026,v1,False
2760,0.438198983669281,0.1,8,opt_nesterov,Nesterov,optimizer,2026,v1,False
2780,0.5293214321136475,0.1,8,opt_nesterov,Nesterov,optimizer,2026,v1,False
2800,0.36805158853530884,0.1,8,opt_nesterov,Nesterov,optimizer,2026,v1,False
2820,0.3619692325592041,0.1,9,opt_nesterov,Nesterov,optimizer,2026,v1,False
2840,0.25074848532676697,0.1,9,opt_nesterov,Nesterov,optimizer,2026,v1,False
2860,0.2947409152984619,0.1,9,opt_nesterov,Nesterov,optimizer,2026,v1,False
2880,0.32859790325164795,0.1,9,opt_nesterov,Nesterov,optimizer,2026,v1,False
2900,0.21827320754528046,0.1,9,opt_nesterov,Nesterov,optimizer,2026,v1,False
2920,0.3491487205028534,0.1,9,opt_nesterov,Nesterov,optimizer,2026,v1,False
2940,0.28752732276916504,0.1,9,opt_nesterov,Nesterov,optimizer,2026,v1,False
2960,0.3843424916267395,0.1,9,opt_nesterov,Nesterov,optimizer,2026,v1,False
2980,0.3715627193450928,0.1,9,opt_nesterov,Nesterov,optimizer,2026,v1,False
3000,0.3644597828388214,0.1,9,opt_nesterov,Nesterov,optimizer,2026,v1,False
3020,0.4023517370223999,0.1,9,opt_nesterov,Nesterov,optimizer,2026,v1,False
3040,0.44125044345855713,0.1,9,opt_nesterov,Nesterov,optimizer,2026,v1,False
3060,0.4148128926753998,0.1,9,opt_nesterov,Nesterov,optimizer,2026,v1,False
3080,0.2742617130279541,0.1,9,opt_nesterov,Nesterov,optimizer,2026,v1,False
3100,0.3179079294204712,0.1,9,opt_nesterov,Nesterov,optimizer,2026,v1,False
3120,0.44950997829437256,0.1,9,opt_nesterov,Nesterov,optimizer,2026,v1,False
3140,0.25931328535079956,0.1,9,opt_nesterov,Nesterov,optimizer,2026,v1,False
3160,0.47560691833496094,0.1,9,opt_nesterov,Nesterov,optimizer,2026,v1,False
3180,0.3513108193874359,0.1,10,opt_nesterov,Nesterov,optimizer,2026,v1,False
3200,0.27312642335891724,0.1,10,opt_nesterov,Nesterov,optimizer,2026,v1,False
3220,0.2532286047935486,0.1,10,opt_nesterov,Nesterov,optimizer,2026,v1,False
3240,0.17065194249153137,0.1,10,opt_nesterov,Nesterov,optimizer,2026,v1,False
3260,0.38594961166381836,0.1,10,opt_nesterov,Nesterov,optimizer,2026,v1,False
3280,0.29772090911865234,0.1,10,opt_nesterov,Nesterov,optimizer,2026,v1,False
3300,0.2727668881416321,0.1,10,opt_nesterov,Nesterov,optimizer,2026,v1,False
3320,0.34772732853889465,0.1,10,opt_nesterov,Nesterov,optimizer,2026,v1,False
3340,0.21513037383556366,0.1,10,opt_nesterov,Nesterov,optimizer,2026,v1,False
3360,0.344768226146698,0.1,10,opt_nesterov,Nesterov,optimizer,2026,v1,False
3380,0.211534321308136,0.1,10,opt_nesterov,Nesterov,optimizer,2026,v1,False
3400,0.25723797082901,0.1,10,opt_nesterov,Nesterov,optimizer,2026,v1,False
3420,0.323116660118103,0.1,10,opt_nesterov,Nesterov,optimizer,2026,v1,False
3440,0.2566430866718292,0.1,10,opt_nesterov,Nesterov,optimizer,2026,v1,False
3460,0.33598941564559937,0.1,10,opt_nesterov,Nesterov,optimizer,2026,v1,False
3480,0.29005295038223267,0.1,10,opt_nesterov,Nesterov,optimizer,2026,v1,False
3500,0.2115519642829895,0.1,10,opt_nesterov,Nesterov,optimizer,2026,v1,False
3520,0.22447364032268524,0.1,11,opt_nesterov,Nesterov,optimizer,2026,v1,False
3540,0.15904533863067627,0.1,11,opt_nesterov,Nesterov,optimizer,2026,v1,False
3560,0.2844175696372986,0.1,11,opt_nesterov,Nesterov,optimizer,2026,v1,False
3580,0.16090485453605652,0.1,11,opt_nesterov,Nesterov,optimizer,2026,v1,False
3600,0.22242505848407745,0.1,11,opt_nesterov,Nesterov,optimizer,2026,v1,False
3620,0.20727814733982086,0.1,11,opt_nesterov,Nesterov,optimizer,2026,v1,False
3640,0.2054975926876068,0.1,11,opt_nesterov,Nesterov,optimizer,2026,v1,False
3660,0.238821342587471,0.1,11,opt_nesterov,Nesterov,optimizer,2026,v1,False
3680,0.33022719621658325,0.1,11,opt_nesterov,Nesterov,optimizer,2026,v1,False
3700,0.26209062337875366,0.1,11,opt_nesterov,Nesterov,optimizer,2026,v1,False
3720,0.2651110589504242,0.1,11,opt_nesterov,Nesterov,optimizer,2026,v1,False
3740,0.3231406807899475,0.1,11,opt_nesterov,Nesterov,optimizer,2026,v1,False
3760,0.18196722865104675,0.1,11,opt_nesterov,Nesterov,optimizer,2026,v1,False
3780,0.38893842697143555,0.1,11,opt_nesterov,Nesterov,optimizer,2026,v1,False
3800,0.2576112151145935,0.1,11,opt_nesterov,Nesterov,optimizer,2026,v1,False
3820,0.2840713858604431,0.1,11,opt_nesterov,Nesterov,optimizer,2026,v1,False
3840,0.2795169949531555,0.1,11,opt_nesterov,Nesterov,optimizer,2026,v1,False
3860,0.3375527560710907,0.1,11,opt_nesterov,Nesterov,optimizer,2026,v1,False
3880,0.20368142426013947,0.1,12,opt_nesterov,Nesterov,optimizer,2026,v1,False
3900,0.21784238517284393,0.1,12,opt_nesterov,Nesterov,optimizer,2026,v1,False
3920,0.24563539028167725,0.1,12,opt_nesterov,Nesterov,optimizer,2026,v1,False
3940,0.21226830780506134,0.1,12,opt_nesterov,Nesterov,optimizer,2026,v1,False
3960,0.4070121645927429,0.1,12,opt_nesterov,Nesterov,optimizer,2026,v1,False
3980,0.24136829376220703,0.1,12,opt_nesterov,Nesterov,optimizer,2026,v1,False
4000,0.17037007212638855,0.1,12,opt_nesterov,Nesterov,optimizer,2026,v1,False
4020,0.21535296738147736,0.1,12,opt_nesterov,Nesterov,optimizer,2026,v1,False
4040,0.17479181289672852,0.1,12,opt_nesterov,Nesterov,optimizer,2026,v1,False
4060,0.3488858938217163,0.1,12,opt_nesterov,Nesterov,optimizer,2026,v1,False
4080,0.2535568177700043,0.1,12,opt_nesterov,Nesterov,optimizer,2026,v1,False
4100,0.20707370340824127,0.1,12,opt_nesterov,Nesterov,optimizer,2026,v1,False
4120,0.2537449598312378,0.1,12,opt_nesterov,Nesterov,optimizer,2026,v1,False
4140,0.18819274008274078,0.1,12,opt_nesterov,Nesterov,optimizer,2026,v1,False
4160,0.36166203022003174,0.1,12,opt_nesterov,Nesterov,optimizer,2026,v1,False
4180,0.29893380403518677,0.1,12,opt_nesterov,Nesterov,optimizer,2026,v1,False
4200,0.37310370802879333,0.1,12,opt_nesterov,Nesterov,optimizer,2026,v1,False
4220,0.26445239782333374,0.1,12,opt_nesterov,Nesterov,optimizer,2026,v1,False
4240,0.0916517823934555,0.1,13,opt_nesterov,Nesterov,optimizer,2026,v1,False
4260,0.22527068853378296,0.1,13,opt_nesterov,Nesterov,optimizer,2026,v1,False
4280,0.18885688483715057,0.1,13,opt_nesterov,Nesterov,optimizer,2026,v1,False
4300,0.1957942098379135,0.1,13,opt_nesterov,Nesterov,optimizer,2026,v1,False
4320,0.13518258929252625,0.1,13,opt_nesterov,Nesterov,optimizer,2026,v1,False
4340,0.15925763547420502,0.1,13,opt_nesterov,Nesterov,optimizer,2026,v1,False
4360,0.295725554227829,0.1,13,opt_nesterov,Nesterov,optimizer,2026,v1,False
4380,0.21970069408416748,0.1,13,opt_nesterov,Nesterov,optimizer,2026,v1,False
4400,0.16690561175346375,0.1,13,opt_nesterov,Nesterov,optimizer,2026,v1,False
4420,0.3318367302417755,0.1,13,opt_nesterov,Nesterov,optimizer,2026,v1,False
4440,0.23054063320159912,0.1,13,opt_nesterov,Nesterov,optimizer,2026,v1,False
4460,0.24958477914333344,0.1,13,opt_nesterov,Nesterov,optimizer,2026,v1,False
4480,0.3954741358757019,0.1,13,opt_nesterov,Nesterov,optimizer,2026,v1,False
4500,0.28500816226005554,0.1,13,opt_nesterov,Nesterov,optimizer,2026,v1,False
4520,0.22266346216201782,0.1,13,opt_nesterov,Nesterov,optimizer,2026,v1,False
4540,0.3229581117630005,0.1,13,opt_nesterov,Nesterov,optimizer,2026,v1,False
4560,0.3279060125350952,0.1,13,opt_nesterov,Nesterov,optimizer,2026,v1,False
4580,0.18729035556316376,0.1,14,opt_nesterov,Nesterov,optimizer,2026,v1,False
4600,0.14685721695423126,0.1,14,opt_nesterov,Nesterov,optimizer,2026,v1,False
4620,0.16811895370483398,0.1,14,opt_nesterov,Nesterov,optimizer,2026,v1,False
4640,0.19989147782325745,0.1,14,opt_nesterov,Nesterov,optimizer,2026,v1,False
4660,0.10720279812812805,0.1,14,opt_nesterov,Nesterov,optimizer,2026,v1,False
4680,0.133026584982872,0.1,14,opt_nesterov,Nesterov,optimizer,2026,v1,False
4700,0.046838100999593735,0.1,14,opt_nesterov,Nesterov,optimizer,2026,v1,False
4720,0.14834442734718323,0.1,14,opt_nesterov,Nesterov,optimizer,2026,v1,False
4740,0.23036067187786102,0.1,14,opt_nesterov,Nesterov,optimizer,2026,v1,False
4760,0.1274707168340683,0.1,14,opt_nesterov,Nesterov,optimizer,2026,v1,False
4780,0.11880870163440704,0.1,14,opt_nesterov,Nesterov,optimizer,2026,v1,False
4800,0.2182670384645462,0.1,14,opt_nesterov,Nesterov,optimizer,2026,v1,False
4820,0.27963194251060486,0.1,14,opt_nesterov,Nesterov,optimizer,2026,v1,False
4840,0.29228144884109497,0.1,14,opt_nesterov,Nesterov,optimizer,2026,v1,False
4860,0.13021597266197205,0.1,14,opt_nesterov,Nesterov,optimizer,2026,v1,False
4880,0.35170137882232666,0.1,14,opt_nesterov,Nesterov,optimizer,2026,v1,False
4900,0.17513950169086456,0.1,14,opt_nesterov,Nesterov,optimizer,2026,v1,False
4920,0.21513642370700836,0.1,14,opt_nesterov,Nesterov,optimizer,2026,v1,False
4940,0.1579834222793579,0.1,15,opt_nesterov,Nesterov,optimizer,2026,v1,False
4960,0.0946727842092514,0.1,15,opt_nesterov,Nesterov,optimizer,2026,v1,False
4980,0.07843790203332901,0.1,15,opt_nesterov,Nesterov,optimizer,2026,v1,False
5000,0.12177503854036331,0.1,15,opt_nesterov,Nesterov,optimizer,2026,v1,False
5020,0.2099931836128235,0.1,15,opt_nesterov,Nesterov,optimizer,2026,v1,False
5040,0.23945631086826324,0.1,15,opt_nesterov,Nesterov,optimizer,2026,v1,False
5060,0.1718570739030838,0.1,15,opt_nesterov,Nesterov,optimizer,2026,v1,False
5080,0.28536343574523926,0.1,15,opt_nesterov,Nesterov,optimizer,2026,v1,False
5100,0.23709602653980255,0.1,15,opt_nesterov,Nesterov,optimizer,2026,v1,False
5120,0.1809011995792389,0.1,15,opt_nesterov,Nesterov,optimizer,2026,v1,False
5140,0.25217801332473755,0.1,15,opt_nesterov,Nesterov,optimizer,2026,v1,False
5160,0.18881042301654816,0.1,15,opt_nesterov,Nesterov,optimizer,2026,v1,False
5180,0.12837091088294983,0.1,15,opt_nesterov,Nesterov,optimizer,2026,v1,False
5200,0.16997158527374268,0.1,15,opt_nesterov,Nesterov,optimizer,2026,v1,False
5220,0.22105933725833893,0.1,15,opt_nesterov,Nesterov,optimizer,2026,v1,False
5240,0.19193795323371887,0.1,15,opt_nesterov,Nesterov,optimizer,2026,v1,False
5260,0.18514353036880493,0.1,15,opt_nesterov,Nesterov,optimizer,2026,v1,False
5280,0.18981096148490906,0.1,16,opt_nesterov,Nesterov,optimizer,2026,v1,False
5300,0.10628556460142136,0.1,16,opt_nesterov,Nesterov,optimizer,2026,v1,False
5320,0.13313567638397217,0.1,16,opt_nesterov,Nesterov,optimizer,2026,v1,False
5340,0.19550752639770508,0.1,16,opt_nesterov,Nesterov,optimizer,2026,v1,False
5360,0.11823245882987976,0.1,16,opt_nesterov,Nesterov,optimizer,2026,v1,False
5380,0.12693028151988983,0.1,16,opt_nesterov,Nesterov,optimizer,2026,v1,False
5400,0.26657360792160034,0.1,16,opt_nesterov,Nesterov,optimizer,2026,v1,False
5420,0.18016020953655243,0.1,16,opt_nesterov,Nesterov,optimizer,2026,v1,False
5440,0.1374228298664093,0.1,16,opt_nesterov,Nesterov,optimizer,2026,v1,False
5460,0.18261203169822693,0.1,16,opt_nesterov,Nesterov,optimizer,2026,v1,False
5480,0.2329249083995819,0.1,16,opt_nesterov,Nesterov,optimizer,2026,v1,False
5500,0.16290168464183807,0.1,16,opt_nesterov,Nesterov,optimizer,2026,v1,False
5520,0.20369063317775726,0.1,16,opt_nesterov,Nesterov,optimizer,2026,v1,False
5540,0.18972119688987732,0.1,16,opt_nesterov,Nesterov,optimizer,2026,v1,False
5560,0.1580464243888855,0.1,16,opt_nesterov,Nesterov,optimizer,2026,v1,False
5580,0.3356397747993469,0.1,16,opt_nesterov,Nesterov,optimizer,2026,v1,False
5600,0.34416407346725464,0.1,16,opt_nesterov,Nesterov,optimizer,2026,v1,False
5620,0.1936672031879425,0.1,16,opt_nesterov,Nesterov,optimizer,2026,v1,False
5640,0.14024153351783752,0.1,17,opt_nesterov,Nesterov,optimizer,2026,v1,False
5660,0.13386939465999603,0.1,17,opt_nesterov,Nesterov,optimizer,2026,v1,False
5680,0.14084410667419434,0.1,17,opt_nesterov,Nesterov,optimizer,2026,v1,False
5700,0.33450067043304443,0.1,17,opt_nesterov,Nesterov,optimizer,2026,v1,False
5720,0.08290240913629532,0.1,17,opt_nesterov,Nesterov,optimizer,2026,v1,False
5740,0.07675930112600327,0.1,17,opt_nesterov,Nesterov,optimizer,2026,v1,False
5760,0.10816897451877594,0.1,17,opt_nesterov,Nesterov,optimizer,2026,v1,False
5780,0.17778480052947998,0.1,17,opt_nesterov,Nesterov,optimizer,2026,v1,False
5800,0.11449435353279114,0.1,17,opt_nesterov,Nesterov,optimizer,2026,v1,False
5820,0.19664597511291504,0.1,17,opt_nesterov,Nesterov,optimizer,2026,v1,False
5840,0.1914656162261963,0.1,17,opt_nesterov,Nesterov,optimizer,2026,v1,False
5860,0.1352047175168991,0.1,17,opt_nesterov,Nesterov,optimizer,2026,v1,False
5880,0.17170782387256622,0.1,17,opt_nesterov,Nesterov,optimizer,2026,v1,False
5900,0.3035273849964142,0.1,17,opt_nesterov,Nesterov,optimizer,2026,v1,False
5920,0.22557535767555237,0.1,17,opt_nesterov,Nesterov,optimizer,2026,v1,False
5940,0.1942354440689087,0.1,17,opt_nesterov,Nesterov,optimizer,2026,v1,False
5960,0.19790133833885193,0.1,17,opt_nesterov,Nesterov,optimizer,2026,v1,False
5980,0.20955972373485565,0.1,17,opt_nesterov,Nesterov,optimizer,2026,v1,False
6000,0.0616895891726017,0.1,18,opt_nesterov,Nesterov,optimizer,2026,v1,False
6020,0.1558341681957245,0.1,18,opt_nesterov,Nesterov,optimizer,2026,v1,False
6040,0.16394653916358948,0.1,18,opt_nesterov,Nesterov,optimizer,2026,v1,False
6060,0.07422465085983276,0.1,18,opt_nesterov,Nesterov,optimizer,2026,v1,False
6080,0.13275253772735596,0.1,18,opt_nesterov,Nesterov,optimizer,2026,v1,False
6100,0.1479114294052124,0.1,18,opt_nesterov,Nesterov,optimizer,2026,v1,False
6120,0.1807352900505066,0.1,18,opt_nesterov,Nesterov,optimizer,2026,v1,False
6140,0.14501699805259705,0.1,18,opt_nesterov,Nesterov,optimizer,2026,v1,False
6160,0.11432728916406631,0.1,18,opt_nesterov,Nesterov,optimizer,2026,v1,False
6180,0.20060047507286072,0.1,18,opt_nesterov,Nesterov,optimizer,2026,v1,False
6200,0.14565010368824005,0.1,18,opt_nesterov,Nesterov,optimizer,2026,v1,False
6220,0.08105789870023727,0.1,18,opt_nesterov,Nesterov,optimizer,2026,v1,False
6240,0.18644502758979797,0.1,18,opt_nesterov,Nesterov,optimizer,2026,v1,False
6260,0.2063482403755188,0.1,18,opt_nesterov,Nesterov,optimizer,2026,v1,False
6280,0.21380509436130524,0.1,18,opt_nesterov,Nesterov,optimizer,2026,v1,False
6300,0.20923686027526855,0.1,18,opt_nesterov,Nesterov,optimizer,2026,v1,False
6320,0.2361341267824173,0.1,18,opt_nesterov,Nesterov,optimizer,2026,v1,False
6340,0.09293164312839508,0.1,19,opt_nesterov,Nesterov,optimizer,2026,v1,False
6360,0.09057219326496124,0.1,19,opt_nesterov,Nesterov,optimizer,2026,v1,False
6380,0.06572338193655014,0.1,19,opt_nesterov,Nesterov,optimizer,2026,v1,False
6400,0.07310658693313599,0.1,19,opt_nesterov,Nesterov,optimizer,2026,v1,False
6420,0.06804981827735901,0.1,19,opt_nesterov,Nesterov,optimizer,2026,v1,False
6440,0.08267548680305481,0.1,19,opt_nesterov,Nesterov,optimizer,2026,v1,False
6460,0.0984157919883728,0.1,19,opt_nesterov,Nesterov,optimizer,2026,v1,False
6480,0.2076750099658966,0.1,19,opt_nesterov,Nesterov,optimizer,2026,v1,False
6500,0.1931058168411255,0.1,19,opt_nesterov,Nesterov,optimizer,2026,v1,False
6520,0.14408355951309204,0.1,19,opt_nesterov,Nesterov,optimizer,2026,v1,False
6540,0.14979803562164307,0.1,19,opt_nesterov,Nesterov,optimizer,2026,v1,False
6560,0.20135478675365448,0.1,19,opt_nesterov,Nesterov,optimizer,2026,v1,False
6580,0.10163416713476181,0.1,19,opt_nesterov,Nesterov,optimizer,2026,v1,False
6600,0.18715707957744598,0.1,19,opt_nesterov,Nesterov,optimizer,2026,v1,False
6620,0.14531123638153076,0.1,19,opt_nesterov,Nesterov,optimizer,2026,v1,False
6640,0.2727145850658417,0.1,19,opt_nesterov,Nesterov,optimizer,2026,v1,False
6660,0.24977362155914307,0.1,19,opt_nesterov,Nesterov,optimizer,2026,v1,False
6680,0.3453211188316345,0.1,19,opt_nesterov,Nesterov,optimizer,2026,v1,False
6700,0.10788537561893463,0.1,20,opt_nesterov,Nesterov,optimizer,2026,v1,False
6720,0.13433779776096344,0.1,20,opt_nesterov,Nesterov,optimizer,2026,v1,False
6740,0.11104470491409302,0.1,20,opt_nesterov,Nesterov,optimizer,2026,v1,False
6760,0.08997541666030884,0.1,20,opt_nesterov,Nesterov,optimizer,2026,v1,False
6780,0.13297897577285767,0.1,20,opt_nesterov,Nesterov,optimizer,2026,v1,False
6800,0.08402599394321442,0.1,20,opt_nesterov,Nesterov,optimizer,2026,v1,False
6820,0.16890528798103333,0.1,20,opt_nesterov,Nesterov,optimizer,2026,v1,False
6840,0.22032886743545532,0.1,20,opt_nesterov,Nesterov,optimizer,2026,v1,False
6860,0.13955122232437134,0.1,20,opt_nesterov,Nesterov,optimizer,2026,v1,False
6880,0.13867218792438507,0.1,20,opt_nesterov,Nesterov,optimizer,2026,v1,False
6900,0.2846236228942871,0.1,20,opt_nesterov,Nesterov,optimizer,2026,v1,False
6920,0.2018902599811554,0.1,20,opt_nesterov,Nesterov,optimizer,2026,v1,False
6940,0.23272328078746796,0.1,20,opt_nesterov,Nesterov,optimizer,2026,v1,False
6960,0.26275375485420227,0.1,20,opt_nesterov,Nesterov,optimizer,2026,v1,False
6980,0.38623350858688354,0.1,20,opt_nesterov,Nesterov,optimizer,2026,v1,False
7000,0.12305224686861038,0.1,20,opt_nesterov,Nesterov,optimizer,2026,v1,False
7020,0.17842596769332886,0.1,20,opt_nesterov,Nesterov,optimizer,2026,v1,False
